{"2020020466.0": {"pred": {"under": 0.4414131148228456, "over": 0.5585841346792159, "metrics": {"loss": 0.9441471099853516, "acc": 0.5595238208770752, "AUC": 0.5801091194152832, "number_of_bets_tested": 168}}, "ans": 0}, "2020020482.0": {"pred": {"under": 0.1906139796717822, "over": 0.8093111128956939, "metrics": {"loss": 0.9441471099853516, "acc": 0.5595238208770752, "AUC": 0.5801091194152832, "number_of_bets_tested": 168}}, "ans": 0}, "2020020493.0": {"pred": {"under": 0.22985682977917968, "over": 0.7701721439955939, "metrics": {"loss": 0.9441471099853516, "acc": 0.5595238208770752, "AUC": 0.5801091194152832, "number_of_bets_tested": 168}}, "ans": 1}, "2020020514.0": {"pred": {"under": 0.4419809286101324, "over": 0.5579854305918139, "metrics": {"loss": 0.9441471099853516, "acc": 0.5595238208770752, "AUC": 0.5801091194152832, "number_of_bets_tested": 168}}, "ans": 0}, "2020020528.0": {"pred": {"under": 0.4419809286101324, "over": 0.5579854305918139, "metrics": {"loss": 0.9441471099853516, "acc": 0.5595238208770752, "AUC": 0.5801091194152832, "number_of_bets_tested": 168}}, "ans": 0}, "2020020540.0": {"pred": {"under": 0.4419809286101324, "over": 0.5579854305918139, "metrics": {"loss": 0.9441471099853516, "acc": 0.5595238208770752, "AUC": 0.5801091194152832, "number_of_bets_tested": 168}}, "ans": 1}, "2020020555.0": {"pred": {"under": 0.4419809286101324, "over": 0.5579854305918139, "metrics": {"loss": 0.9441471099853516, "acc": 0.5595238208770752, "AUC": 0.5801091194152832, "number_of_bets_tested": 168}}, "ans": 0}, "2020020570.0": {"pred": {"under": 0.30900174422851856, "over": 0.690914174328977, "metrics": {"loss": 0.9441471099853516, "acc": 0.5595238208770752, "AUC": 0.5801091194152832, "number_of_bets_tested": 168}}, "ans": 0}, "2020020584.0": {"pred": {"under": 0.36463270052354807, "over": 0.6352531317631063, "metrics": {"loss": 0.9441471099853516, "acc": 0.5595238208770752, "AUC": 0.5801091194152832, "number_of_bets_tested": 168}}, "ans": 1}, "2020020241.0": {"pred": {"under": 0.4419809286101324, "over": 0.5579854305918139, "metrics": {"loss": 0.9441471099853516, "acc": 0.5595238208770752, "AUC": 0.5801091194152832, "number_of_bets_tested": 168}}, "ans": 0}, "2020020641.0": {"pred": {"under": 0.2943054997502229, "over": 0.7056394254322101, "metrics": {"loss": 0.9441471099853516, "acc": 0.5595238208770752, "AUC": 0.5801091194152832, "number_of_bets_tested": 168}}, "ans": 0}, "2020020649.0": {"pred": {"under": 0.03707344341686928, "over": 0.9629263547078318, "metrics": {"loss": 0.9441471099853516, "acc": 0.5595238208770752, "AUC": 0.5801091194152832, "number_of_bets_tested": 168}}, "ans": 0}, "2020020664.0": {"pred": {"under": 0.1338869363886973, "over": 0.8660892654411796, "metrics": {"loss": 0.9441471099853516, "acc": 0.5595238208770752, "AUC": 0.5801091194152832, "number_of_bets_tested": 168}}, "ans": 1}, "2020020675.0": {"pred": {"under": 0.07668394976958755, "over": 0.9233081188786739, "metrics": {"loss": 0.9441471099853516, "acc": 0.5595238208770752, "AUC": 0.5801091194152832, "number_of_bets_tested": 168}}, "ans": 1}, "2020020687.0": {"pred": {"under": 0.20346665284564006, "over": 0.7963707078008602, "metrics": {"loss": 0.9441471099853516, "acc": 0.5595238208770752, "AUC": 0.5801091194152832, "number_of_bets_tested": 168}}, "ans": 0}, "2020020698.0": {"pred": {"under": 0.3082221614435464, "over": 0.6919668676718065, "metrics": {"loss": 0.9441471099853516, "acc": 0.5595238208770752, "AUC": 0.5801091194152832, "number_of_bets_tested": 168}}, "ans": 1}, "2020020713.0": {"pred": {"under": 0.4419809286101324, "over": 0.5579854305918139, "metrics": {"loss": 0.9441471099853516, "acc": 0.5595238208770752, "AUC": 0.5801091194152832, "number_of_bets_tested": 168}}, "ans": 0}, "2020020728.0": {"pred": {"under": 0.4419809286101324, "over": 0.5579854305918139, "metrics": {"loss": 0.9441471099853516, "acc": 0.5595238208770752, "AUC": 0.5801091194152832, "number_of_bets_tested": 168}}, "ans": 0}, "2020020766.0": {"pred": {"under": 0.3206204328669818, "over": 0.6795687875324213, "metrics": {"loss": 0.9441471099853516, "acc": 0.5595238208770752, "AUC": 0.5801091194152832, "number_of_bets_tested": 168}}, "ans": 1}, "2020020781.0": {"pred": {"under": 0.4419809286101324, "over": 0.5579854305918139, "metrics": {"loss": 0.9441471099853516, "acc": 0.5595238208770752, "AUC": 0.5801091194152832, "number_of_bets_tested": 168}}, "ans": 1}, "2020020823.0": {"pred": {"under": 0.2853995095400517, "over": 0.7147851205571994, "metrics": {"loss": 0.9441471099853516, "acc": 0.5595238208770752, "AUC": 0.5801091194152832, "number_of_bets_tested": 168}}, "ans": 1}, "2020020837.0": {"pred": {"under": 0.3067337325757345, "over": 0.6934551678849188, "metrics": {"loss": 0.9441471099853516, "acc": 0.5595238208770752, "AUC": 0.5801091194152832, "number_of_bets_tested": 168}}, "ans": 1}, "2020020853.0": {"pred": {"under": 0.4419818798926218, "over": 0.5579844320992984, "metrics": {"loss": 0.9441471099853516, "acc": 0.5595238208770752, "AUC": 0.5801091194152832, "number_of_bets_tested": 168}}, "ans": 0}, "2020020162.0": {"pred": {"under": 0.4419759180591621, "over": 0.5579907207487579, "metrics": {"loss": 0.9441471099853516, "acc": 0.5595238208770752, "AUC": 0.5801091194152832, "number_of_bets_tested": 168}}, "ans": 0}}