{"2020020461.0": {"pred": {"under": 0.28025310332340614, "over": 0.7208061215198115, "metrics": {"loss": 0.6411218643188477, "acc": 0.6282051205635071, "AUC": 0.7011628150939941, "number_of_bets_tested": 156}}, "ans": 0}, "2020020535.0": {"pred": {"under": 0.9579510327906685, "over": 0.042013456716792595, "metrics": {"loss": 0.6411218643188477, "acc": 0.6282051205635071, "AUC": 0.7011628150939941, "number_of_bets_tested": 156}}, "ans": 1}}