{"2020020645.0": {"pred": {"under": 0.17639816394779073, "over": 0.8233969592791689, "metrics": {"loss": 3.7261431217193604, "acc": 0.6335403919219971, "AUC": 0.6212530136108398, "number_of_bets_tested": 161}}, "ans": 0}, "2020020660.0": {"pred": {"under": 0.3912980743900963, "over": 0.6086501853298191, "metrics": {"loss": 3.7261431217193604, "acc": 0.6335403919219971, "AUC": 0.6212530136108398, "number_of_bets_tested": 161}}, "ans": 0}, "2020020671.0": {"pred": {"under": 0.3912980743900963, "over": 0.6086501853298191, "metrics": {"loss": 3.7261431217193604, "acc": 0.6335403919219971, "AUC": 0.6212530136108398, "number_of_bets_tested": 161}}, "ans": 1}}