{"2020020568.0": {"pred": {"under": 0.4308038503877702, "over": 0.569337118779387, "metrics": {"loss": 0.859416127204895, "acc": 0.4903225898742676, "AUC": 0.5324245095252991, "number_of_bets_tested": 155}}, "ans": 0}, "2020020461.0": {"pred": {"under": 0.13711095733749395, "over": 0.8628592143199838, "metrics": {"loss": 0.859416127204895, "acc": 0.4903225898742676, "AUC": 0.5324245095252991, "number_of_bets_tested": 155}}, "ans": 0}, "2020020501.0": {"pred": {"under": 0.4400843999608401, "over": 0.560031401283799, "metrics": {"loss": 0.859416127204895, "acc": 0.4903225898742676, "AUC": 0.5324245095252991, "number_of_bets_tested": 155}}, "ans": 0}, "2020020513.0": {"pred": {"under": 0.32878241053871926, "over": 0.6712501305006653, "metrics": {"loss": 0.859416127204895, "acc": 0.4903225898742676, "AUC": 0.5324245095252991, "number_of_bets_tested": 155}}, "ans": 0}, "2020020525.0": {"pred": {"under": 0.334495454310253, "over": 0.6655429247856057, "metrics": {"loss": 0.859416127204895, "acc": 0.4903225898742676, "AUC": 0.5324245095252991, "number_of_bets_tested": 155}}, "ans": 1}, "2020020535.0": {"pred": {"under": 0.3834319291747153, "over": 0.6166633739840165, "metrics": {"loss": 0.859416127204895, "acc": 0.4903225898742676, "AUC": 0.5324245095252991, "number_of_bets_tested": 155}}, "ans": 1}, "2020020553.0": {"pred": {"under": 0.25172705441680243, "over": 0.7482492007937543, "metrics": {"loss": 0.859416127204895, "acc": 0.4903225898742676, "AUC": 0.5324245095252991, "number_of_bets_tested": 155}}, "ans": 0}, "2020020583.0": {"pred": {"under": 0.43801518564931635, "over": 0.5621063025708644, "metrics": {"loss": 0.859416127204895, "acc": 0.4903225898742676, "AUC": 0.5324245095252991, "number_of_bets_tested": 155}}, "ans": 0}, "2020020705.0": {"pred": {"under": 0.4270781533148027, "over": 0.5730726584160921, "metrics": {"loss": 0.859416127204895, "acc": 0.4903225898742676, "AUC": 0.5324245095252991, "number_of_bets_tested": 155}}, "ans": 1}, "2020020765.0": {"pred": {"under": 0.3183883308285541, "over": 0.6816341081381628, "metrics": {"loss": 0.859416127204895, "acc": 0.4903225898742676, "AUC": 0.5324245095252991, "number_of_bets_tested": 155}}, "ans": 1}, "2020020780.0": {"pred": {"under": 0.3727660807457238, "over": 0.6273159394266241, "metrics": {"loss": 0.859416127204895, "acc": 0.4903225898742676, "AUC": 0.5324245095252991, "number_of_bets_tested": 155}}, "ans": 0}, "2020020818.0": {"pred": {"under": 0.1859268346995702, "over": 0.8140373304164138, "metrics": {"loss": 0.859416127204895, "acc": 0.4903225898742676, "AUC": 0.5324245095252991, "number_of_bets_tested": 155}}, "ans": 1}, "2020020832.0": {"pred": {"under": 0.2775984764499229, "over": 0.7223916539324822, "metrics": {"loss": 0.859416127204895, "acc": 0.4903225898742676, "AUC": 0.5324245095252991, "number_of_bets_tested": 155}}, "ans": 0}}