{"2020020495.0": {"pred": {"under": 0.5244933914386378, "over": 0.47558085435075004, "metrics": {"loss": 0.8491908311843872, "acc": 0.5823529362678528, "AUC": 0.584377110004425, "number_of_bets_tested": 170}}, "ans": 1}, "2020020503.0": {"pred": {"under": 0.7234354180757765, "over": 0.2762172626774419, "metrics": {"loss": 0.8491908311843872, "acc": 0.5823529362678528, "AUC": 0.584377110004425, "number_of_bets_tested": 170}}, "ans": 1}, "2020020514.0": {"pred": {"under": 0.5244933914386378, "over": 0.47558085435075004, "metrics": {"loss": 0.8491908311843872, "acc": 0.5823529362678528, "AUC": 0.584377110004425, "number_of_bets_tested": 170}}, "ans": 1}, "2020020554.0": {"pred": {"under": 0.5244933914386378, "over": 0.47558085435075004, "metrics": {"loss": 0.8491908311843872, "acc": 0.5823529362678528, "AUC": 0.584377110004425, "number_of_bets_tested": 170}}, "ans": 1}, "2020020569.0": {"pred": {"under": 0.5244933914386378, "over": 0.47558085435075004, "metrics": {"loss": 0.8491908311843872, "acc": 0.5823529362678528, "AUC": 0.584377110004425, "number_of_bets_tested": 170}}, "ans": 0}, "2020020584.0": {"pred": {"under": 0.8809500836586595, "over": 0.11889508457582813, "metrics": {"loss": 0.8491908311843872, "acc": 0.5823529362678528, "AUC": 0.584377110004425, "number_of_bets_tested": 170}}, "ans": 0}, "2020020610.0": {"pred": {"under": 0.5244933914386378, "over": 0.47558085435075004, "metrics": {"loss": 0.8491908311843872, "acc": 0.5823529362678528, "AUC": 0.584377110004425, "number_of_bets_tested": 170}}, "ans": 1}, "2020020624.0": {"pred": {"under": 0.8300951701209915, "over": 0.1696423865961138, "metrics": {"loss": 0.8491908311843872, "acc": 0.5823529362678528, "AUC": 0.584377110004425, "number_of_bets_tested": 170}}, "ans": 1}, "2020020641.0": {"pred": {"under": 0.519327632176878, "over": 0.48058362496698176, "metrics": {"loss": 0.8491908311843872, "acc": 0.5823529362678528, "AUC": 0.584377110004425, "number_of_bets_tested": 170}}, "ans": 0}, "2020020649.0": {"pred": {"under": 0.5244933914386378, "over": 0.47558085435075004, "metrics": {"loss": 0.8491908311843872, "acc": 0.5823529362678528, "AUC": 0.584377110004425, "number_of_bets_tested": 170}}, "ans": 0}, "2020020663.0": {"pred": {"under": 0.7163707254639093, "over": 0.2832882359056804, "metrics": {"loss": 0.8491908311843872, "acc": 0.5823529362678528, "AUC": 0.584377110004425, "number_of_bets_tested": 170}}, "ans": 0}, "2020020674.0": {"pred": {"under": 0.7394948131757575, "over": 0.2601738267710107, "metrics": {"loss": 0.8491908311843872, "acc": 0.5823529362678528, "AUC": 0.584377110004425, "number_of_bets_tested": 170}}, "ans": 1}, "2020020724.0": {"pred": {"under": 0.22494735285345321, "over": 0.7741214305422133, "metrics": {"loss": 0.8491908311843872, "acc": 0.5823529362678528, "AUC": 0.584377110004425, "number_of_bets_tested": 170}}, "ans": 0}, "2020020240.0": {"pred": {"under": 0.5257812330908251, "over": 0.47429473430121794, "metrics": {"loss": 0.8491908311843872, "acc": 0.5823529362678528, "AUC": 0.584377110004425, "number_of_bets_tested": 170}}, "ans": 0}, "2020020765.0": {"pred": {"under": 0.620302788039591, "over": 0.37808403453714823, "metrics": {"loss": 0.8491908311843872, "acc": 0.5823529362678528, "AUC": 0.584377110004425, "number_of_bets_tested": 170}}, "ans": 1}, "2020020780.0": {"pred": {"under": 0.47191291314843814, "over": 0.527919207933639, "metrics": {"loss": 0.8491908311843872, "acc": 0.5823529362678528, "AUC": 0.584377110004425, "number_of_bets_tested": 170}}, "ans": 0}, "2020020822.0": {"pred": {"under": 0.5166483026615966, "over": 0.48178584733680296, "metrics": {"loss": 0.8491908311843872, "acc": 0.5823529362678528, "AUC": 0.584377110004425, "number_of_bets_tested": 170}}, "ans": 1}, "2020020836.0": {"pred": {"under": 0.23128398770548111, "over": 0.7677673925134774, "metrics": {"loss": 0.8491908311843872, "acc": 0.5823529362678528, "AUC": 0.584377110004425, "number_of_bets_tested": 170}}, "ans": 0}}