{"2020020490.0": {"pred": {"under": 0.7409671575575525, "over": 0.25907538072088987, "metrics": {"loss": 0.8016504645347595, "acc": 0.5270270109176636, "AUC": 0.5569074153900146, "number_of_bets_tested": 148}}, "ans": 1}, "2020020499.0": {"pred": {"under": 0.9876727271931521, "over": 0.012327147988920003, "metrics": {"loss": 0.8016504645347595, "acc": 0.5270270109176636, "AUC": 0.5569074153900146, "number_of_bets_tested": 148}}, "ans": 1}, "2020020511.0": {"pred": {"under": 0.9889241457686586, "over": 0.011075699462764974, "metrics": {"loss": 0.8016504645347595, "acc": 0.5270270109176636, "AUC": 0.5569074153900146, "number_of_bets_tested": 148}}, "ans": 1}, "2020020527.0": {"pred": {"under": 0.996636975580958, "over": 0.0033630193553450304, "metrics": {"loss": 0.8016504645347595, "acc": 0.5270270109176636, "AUC": 0.5569074153900146, "number_of_bets_tested": 148}}, "ans": 0}, "2020020537.0": {"pred": {"under": 0.04105362333338668, "over": 0.9589464064523914, "metrics": {"loss": 0.8016504645347595, "acc": 0.5270270109176636, "AUC": 0.5569074153900146, "number_of_bets_tested": 148}}, "ans": 0}, "2020020552.0": {"pred": {"under": 0.9574950504770301, "over": 0.04249162419232578, "metrics": {"loss": 0.8016504645347595, "acc": 0.5270270109176636, "AUC": 0.5569074153900146, "number_of_bets_tested": 148}}, "ans": 0}, "2020020582.0": {"pred": {"under": 0.5256068348700399, "over": 0.4740233205932872, "metrics": {"loss": 0.8016504645347595, "acc": 0.5270270109176636, "AUC": 0.5569074153900146, "number_of_bets_tested": 148}}, "ans": 1}, "2020020603.0": {"pred": {"under": 0.5243968799547571, "over": 0.4753273207841556, "metrics": {"loss": 0.8016504645347595, "acc": 0.5270270109176636, "AUC": 0.5569074153900146, "number_of_bets_tested": 148}}, "ans": 0}, "2020020849.0": {"pred": {"under": 0.4311605250433168, "over": 0.5688888114866604, "metrics": {"loss": 0.8016504645347595, "acc": 0.5270270109176636, "AUC": 0.5569074153900146, "number_of_bets_tested": 148}}, "ans": 1}, "2020020671.0": {"pred": {"under": 0.98557196766736, "over": 0.014426701823352775, "metrics": {"loss": 0.8016504645347595, "acc": 0.5270270109176636, "AUC": 0.5569074153900146, "number_of_bets_tested": 148}}, "ans": 0}, "2020020708.0": {"pred": {"under": 0.9984968551004174, "over": 0.0015031420710970669, "metrics": {"loss": 0.8016504645347595, "acc": 0.5270270109176636, "AUC": 0.5569074153900146, "number_of_bets_tested": 148}}, "ans": 1}, "2020020736.0": {"pred": {"under": 0.9650670009199132, "over": 0.03492580469729622, "metrics": {"loss": 0.8016504645347595, "acc": 0.5270270109176636, "AUC": 0.5569074153900146, "number_of_bets_tested": 148}}, "ans": 0}, "2020020761.0": {"pred": {"under": 0.9441247228138935, "over": 0.05586587130874984, "metrics": {"loss": 0.8016504645347595, "acc": 0.5270270109176636, "AUC": 0.5569074153900146, "number_of_bets_tested": 148}}, "ans": 1}, "2020020789.0": {"pred": {"under": 0.7768820854597213, "over": 0.22222122061941174, "metrics": {"loss": 0.8016504645347595, "acc": 0.5270270109176636, "AUC": 0.5569074153900146, "number_of_bets_tested": 148}}, "ans": 0}, "2020020834.0": {"pred": {"under": 0.6366530509658763, "over": 0.36240706874976863, "metrics": {"loss": 0.8016504645347595, "acc": 0.5270270109176636, "AUC": 0.5569074153900146, "number_of_bets_tested": 148}}, "ans": 1}, "2020020720.0": {"pred": {"under": 0.454767285637321, "over": 0.5447003574769159, "metrics": {"loss": 0.8016504645347595, "acc": 0.5270270109176636, "AUC": 0.5569074153900146, "number_of_bets_tested": 148}}, "ans": 1}, "2020020864.0": {"pred": {"under": 0.6652042759579178, "over": 0.33441918654146646, "metrics": {"loss": 0.8016504645347595, "acc": 0.5270270109176636, "AUC": 0.5569074153900146, "number_of_bets_tested": 148}}, "ans": 1}, "2020020634.0": {"pred": {"under": 0.6706108806685093, "over": 0.32810444577654896, "metrics": {"loss": 0.8016504645347595, "acc": 0.5270270109176636, "AUC": 0.5569074153900146, "number_of_bets_tested": 148}}, "ans": 0}}