{"2020020465.0": {"pred": {"under": 0.43148810225155065, "over": 0.5685487203263832, "metrics": {"loss": 0.8610484600067139, "acc": 0.6938775777816772, "AUC": 0.7477672100067139, "number_of_bets_tested": 147}}, "ans": 1}, "2020020480.0": {"pred": {"under": 0.5839299720024809, "over": 0.41609926506236344, "metrics": {"loss": 0.8610484600067139, "acc": 0.6938775777816772, "AUC": 0.7477672100067139, "number_of_bets_tested": 147}}, "ans": 1}, "2020020490.0": {"pred": {"under": 0.3843511596867824, "over": 0.6151916767009308, "metrics": {"loss": 0.8610484600067139, "acc": 0.6938775777816772, "AUC": 0.7477672100067139, "number_of_bets_tested": 147}}, "ans": 1}, "2020020537.0": {"pred": {"under": 0.3905864427809635, "over": 0.6100861579485979, "metrics": {"loss": 0.8610484600067139, "acc": 0.6938775777816772, "AUC": 0.7477672100067139, "number_of_bets_tested": 147}}, "ans": 1}, "2020020669.0": {"pred": {"under": 0.46281112255723056, "over": 0.5373426110426431, "metrics": {"loss": 0.8610484600067139, "acc": 0.6938775777816772, "AUC": 0.7477672100067139, "number_of_bets_tested": 147}}, "ans": 1}, "2020020671.0": {"pred": {"under": 0.4313589283496914, "over": 0.5687529235763776, "metrics": {"loss": 0.8610484600067139, "acc": 0.6938775777816772, "AUC": 0.7477672100067139, "number_of_bets_tested": 147}}, "ans": 0}, "2020020686.0": {"pred": {"under": 0.16783001530308406, "over": 0.8321972313296769, "metrics": {"loss": 0.8610484600067139, "acc": 0.6938775777816772, "AUC": 0.7477672100067139, "number_of_bets_tested": 147}}, "ans": 1}}