{"2020020492.0": {"pred": {"under": 0.7495700778811557, "over": 0.25065371171867895, "metrics": {"loss": 0.9127923250198364, "acc": 0.54347825050354, "AUC": 0.5379647016525269, "number_of_bets_tested": 138}}, "ans": 0}}