{"2020020464.0": {"pred": {"under": 0.41136813737887223, "over": 0.5888651337385952, "metrics": {"loss": 0.7803912162780762, "acc": 0.5838926434516907, "AUC": 0.5666636824607849, "number_of_bets_tested": 149}}, "ans": 1}, "2020020479.0": {"pred": {"under": 0.5180602571378804, "over": 0.4820289428925878, "metrics": {"loss": 0.7803912162780762, "acc": 0.5838926434516907, "AUC": 0.5666636824607849, "number_of_bets_tested": 149}}, "ans": 0}, "2020020489.0": {"pred": {"under": 0.5276746540512056, "over": 0.47240548183494835, "metrics": {"loss": 0.7803912162780762, "acc": 0.5838926434516907, "AUC": 0.5666636824607849, "number_of_bets_tested": 149}}, "ans": 1}, "2020020498.0": {"pred": {"under": 0.3962395536995206, "over": 0.6039972311147115, "metrics": {"loss": 0.7803912162780762, "acc": 0.5838926434516907, "AUC": 0.5666636824607849, "number_of_bets_tested": 149}}, "ans": 1}, "2020020578.0": {"pred": {"under": 0.5264411702831484, "over": 0.4736401358238051, "metrics": {"loss": 0.7803912162780762, "acc": 0.5838926434516907, "AUC": 0.5666636824607849, "number_of_bets_tested": 149}}, "ans": 0}, "2020020607.0": {"pred": {"under": 0.5776658565173255, "over": 0.42176587385523034, "metrics": {"loss": 0.7803912162780762, "acc": 0.5838926434516907, "AUC": 0.5666636824607849, "number_of_bets_tested": 149}}, "ans": 0}, "2020020622.0": {"pred": {"under": 0.5263548579850804, "over": 0.4737210579251981, "metrics": {"loss": 0.7803912162780762, "acc": 0.5838926434516907, "AUC": 0.5666636824607849, "number_of_bets_tested": 149}}, "ans": 0}, "2020020633.0": {"pred": {"under": 0.5537152084486316, "over": 0.4460236585159868, "metrics": {"loss": 0.7803912162780762, "acc": 0.5838926434516907, "AUC": 0.5666636824607849, "number_of_bets_tested": 149}}, "ans": 0}, "2020020645.0": {"pred": {"under": 0.5180602571378804, "over": 0.4820289428925878, "metrics": {"loss": 0.7803912162780762, "acc": 0.5838926434516907, "AUC": 0.5666636824607849, "number_of_bets_tested": 149}}, "ans": 0}, "2020020660.0": {"pred": {"under": 0.5180602571378804, "over": 0.4820289428925878, "metrics": {"loss": 0.7803912162780762, "acc": 0.5838926434516907, "AUC": 0.5666636824607849, "number_of_bets_tested": 149}}, "ans": 0}, "2020020671.0": {"pred": {"under": 0.5180602571378804, "over": 0.4820289428925878, "metrics": {"loss": 0.7803912162780762, "acc": 0.5838926434516907, "AUC": 0.5666636824607849, "number_of_bets_tested": 149}}, "ans": 1}, "2020020686.0": {"pred": {"under": 0.5800279635913816, "over": 0.42000270157790287, "metrics": {"loss": 0.7803912162780762, "acc": 0.5838926434516907, "AUC": 0.5666636824607849, "number_of_bets_tested": 149}}, "ans": 1}, "2020020546.0": {"pred": {"under": 0.6903582890601785, "over": 0.3096647511133674, "metrics": {"loss": 0.7803912162780762, "acc": 0.5838926434516907, "AUC": 0.5666636824607849, "number_of_bets_tested": 149}}, "ans": 0}, "2020020709.0": {"pred": {"under": 0.5180602571378804, "over": 0.4820289428925878, "metrics": {"loss": 0.7803912162780762, "acc": 0.5838926434516907, "AUC": 0.5666636824607849, "number_of_bets_tested": 149}}, "ans": 0}, "2020020721.0": {"pred": {"under": 0.5180602571378804, "over": 0.4820289428925878, "metrics": {"loss": 0.7803912162780762, "acc": 0.5838926434516907, "AUC": 0.5666636824607849, "number_of_bets_tested": 149}}, "ans": 0}, "2020020736.0": {"pred": {"under": 0.16609958253196083, "over": 0.8338771959275002, "metrics": {"loss": 0.7803912162780762, "acc": 0.5838926434516907, "AUC": 0.5666636824607849, "number_of_bets_tested": 149}}, "ans": 1}, "2020020761.0": {"pred": {"under": 0.5180602571378804, "over": 0.4820289428925878, "metrics": {"loss": 0.7803912162780762, "acc": 0.5838926434516907, "AUC": 0.5666636824607849, "number_of_bets_tested": 149}}, "ans": 0}, "2020020775.0": {"pred": {"under": 0.3840939604386714, "over": 0.6160041037647611, "metrics": {"loss": 0.7803912162780762, "acc": 0.5838926434516907, "AUC": 0.5666636824607849, "number_of_bets_tested": 149}}, "ans": 1}, "2020030171.0": {"pred": {"under": 0.6031210250462368, "over": 0.3969049726584306, "metrics": {"loss": 0.7803912162780762, "acc": 0.5838926434516907, "AUC": 0.5666636824607849, "number_of_bets_tested": 149}}, "ans": 1}, "2020030172.0": {"pred": {"under": 0.5334732565521777, "over": 0.4665912411434183, "metrics": {"loss": 0.7803912162780762, "acc": 0.5838926434516907, "AUC": 0.5666636824607849, "number_of_bets_tested": 149}}, "ans": 0}, "2020030173.0": {"pred": {"under": 0.5180602571378804, "over": 0.4820289428925878, "metrics": {"loss": 0.7803912162780762, "acc": 0.5838926434516907, "AUC": 0.5666636824607849, "number_of_bets_tested": 149}}, "ans": 0}}