{"2020020493.0": {"pred": {"under": 0.48462591724181814, "over": 0.5153280507391014, "metrics": {"loss": 0.7306198477745056, "acc": 0.488095223903656, "AUC": 0.47824549674987793, "number_of_bets_tested": 168}}, "ans": 1}, "2020020503.0": {"pred": {"under": 0.43906216145552796, "over": 0.5609232525249196, "metrics": {"loss": 0.7306198477745056, "acc": 0.488095223903656, "AUC": 0.47824549674987793, "number_of_bets_tested": 168}}, "ans": 0}, "2020020514.0": {"pred": {"under": 0.43906216145552796, "over": 0.5609232525249196, "metrics": {"loss": 0.7306198477745056, "acc": 0.488095223903656, "AUC": 0.47824549674987793, "number_of_bets_tested": 168}}, "ans": 0}, "2020020528.0": {"pred": {"under": 0.4478032983706477, "over": 0.5521490509389233, "metrics": {"loss": 0.7306198477745056, "acc": 0.488095223903656, "AUC": 0.47824549674987793, "number_of_bets_tested": 168}}, "ans": 0}, "2020020540.0": {"pred": {"under": 0.43906216145552796, "over": 0.5609232525249196, "metrics": {"loss": 0.7306198477745056, "acc": 0.488095223903656, "AUC": 0.47824549674987793, "number_of_bets_tested": 168}}, "ans": 1}, "2020020555.0": {"pred": {"under": 0.4978824728715452, "over": 0.5020960824113578, "metrics": {"loss": 0.7306198477745056, "acc": 0.488095223903656, "AUC": 0.47824549674987793, "number_of_bets_tested": 168}}, "ans": 0}, "2020020570.0": {"pred": {"under": 0.43906216145552796, "over": 0.5609232525249196, "metrics": {"loss": 0.7306198477745056, "acc": 0.488095223903656, "AUC": 0.47824549674987793, "number_of_bets_tested": 168}}, "ans": 0}}