{"2020020492.0": {"pred": {"under": 0.5753974347317404, "over": 0.4246397385721786, "metrics": {"loss": 0.7350245714187622, "acc": 0.46987950801849365, "AUC": 0.4693714380264282, "number_of_bets_tested": 166}}, "ans": 1}, "2020020501.0": {"pred": {"under": 0.5753974347317404, "over": 0.4246397385721786, "metrics": {"loss": 0.7350245714187622, "acc": 0.46987950801849365, "AUC": 0.4693714380264282, "number_of_bets_tested": 166}}, "ans": 1}, "2020020513.0": {"pred": {"under": 0.4727806983957898, "over": 0.527077038048273, "metrics": {"loss": 0.7350245714187622, "acc": 0.46987950801849365, "AUC": 0.4693714380264282, "number_of_bets_tested": 166}}, "ans": 0}, "2020020223.0": {"pred": {"under": 0.4783708027472448, "over": 0.521496357916672, "metrics": {"loss": 0.7350245714187622, "acc": 0.46987950801849365, "AUC": 0.4693714380264282, "number_of_bets_tested": 166}}, "ans": 0}, "2020020555.0": {"pred": {"under": 0.4012527475821783, "over": 0.5985052943695874, "metrics": {"loss": 0.7350245714187622, "acc": 0.46987950801849365, "AUC": 0.4693714380264282, "number_of_bets_tested": 166}}, "ans": 0}, "2020020570.0": {"pred": {"under": 0.4980074502142445, "over": 0.5018938547844548, "metrics": {"loss": 0.7350245714187622, "acc": 0.46987950801849365, "AUC": 0.4693714380264282, "number_of_bets_tested": 166}}, "ans": 0}, "2020020579.0": {"pred": {"under": 0.6212998901896291, "over": 0.37779145405821496, "metrics": {"loss": 0.7350245714187622, "acc": 0.46987950801849365, "AUC": 0.4693714380264282, "number_of_bets_tested": 166}}, "ans": 0}, "2020020609.0": {"pred": {"under": 0.3024415748480318, "over": 0.6972788105803935, "metrics": {"loss": 0.7350245714187622, "acc": 0.46987950801849365, "AUC": 0.4693714380264282, "number_of_bets_tested": 166}}, "ans": 0}, "2020020623.0": {"pred": {"under": 0.46169511258212614, "over": 0.5381444523450643, "metrics": {"loss": 0.7350245714187622, "acc": 0.46987950801849365, "AUC": 0.4693714380264282, "number_of_bets_tested": 166}}, "ans": 0}, "2020020637.0": {"pred": {"under": 0.5531716603195244, "over": 0.4468280192262462, "metrics": {"loss": 0.7350245714187622, "acc": 0.46987950801849365, "AUC": 0.4693714380264282, "number_of_bets_tested": 166}}, "ans": 0}, "2020020654.0": {"pred": {"under": 0.5753974347317404, "over": 0.4246397385721786, "metrics": {"loss": 0.7350245714187622, "acc": 0.46987950801849365, "AUC": 0.4693714380264282, "number_of_bets_tested": 166}}, "ans": 1}, "2020020687.0": {"pred": {"under": 0.35408088310163816, "over": 0.6456423162106376, "metrics": {"loss": 0.7350245714187622, "acc": 0.46987950801849365, "AUC": 0.4693714380264282, "number_of_bets_tested": 166}}, "ans": 1}, "2020020698.0": {"pred": {"under": 0.5753974347317404, "over": 0.4246397385721786, "metrics": {"loss": 0.7350245714187622, "acc": 0.46987950801849365, "AUC": 0.4693714380264282, "number_of_bets_tested": 166}}, "ans": 0}, "2020020712.0": {"pred": {"under": 0.6033290602063471, "over": 0.3961005746035188, "metrics": {"loss": 0.7350245714187622, "acc": 0.46987950801849365, "AUC": 0.4693714380264282, "number_of_bets_tested": 166}}, "ans": 1}, "2020020727.0": {"pred": {"under": 0.3353679207640599, "over": 0.6640382530230179, "metrics": {"loss": 0.7350245714187622, "acc": 0.46987950801849365, "AUC": 0.4693714380264282, "number_of_bets_tested": 166}}, "ans": 1}, "2020020240.0": {"pred": {"under": 0.4505680357747617, "over": 0.5490588020527527, "metrics": {"loss": 0.7350245714187622, "acc": 0.46987950801849365, "AUC": 0.4693714380264282, "number_of_bets_tested": 166}}, "ans": 0}, "2020020778.0": {"pred": {"under": 0.5753974347317404, "over": 0.4246397385721786, "metrics": {"loss": 0.7350245714187622, "acc": 0.46987950801849365, "AUC": 0.4693714380264282, "number_of_bets_tested": 166}}, "ans": 0}, "2020020762.0": {"pred": {"under": 0.5753974347317404, "over": 0.4246397385721786, "metrics": {"loss": 0.7350245714187622, "acc": 0.46987950801849365, "AUC": 0.4693714380264282, "number_of_bets_tested": 166}}, "ans": 1}, "2020020821.0": {"pred": {"under": 0.7568595782886305, "over": 0.2427899828579488, "metrics": {"loss": 0.7350245714187622, "acc": 0.46987950801849365, "AUC": 0.4693714380264282, "number_of_bets_tested": 166}}, "ans": 0}, "2020020835.0": {"pred": {"under": 0.5230163246765085, "over": 0.4769297781133987, "metrics": {"loss": 0.7350245714187622, "acc": 0.46987950801849365, "AUC": 0.4693714380264282, "number_of_bets_tested": 166}}, "ans": 0}, "2020020850.0": {"pred": {"under": 0.5753974347317404, "over": 0.4246397385721786, "metrics": {"loss": 0.7350245714187622, "acc": 0.46987950801849365, "AUC": 0.4693714380264282, "number_of_bets_tested": 166}}, "ans": 1}, "2020020790.0": {"pred": {"under": 0.5753974347317404, "over": 0.4246397385721786, "metrics": {"loss": 0.7350245714187622, "acc": 0.46987950801849365, "AUC": 0.4693714380264282, "number_of_bets_tested": 166}}, "ans": 0}, "2020030162.0": {"pred": {"under": 0.12435613268100663, "over": 0.8756695791145381, "metrics": {"loss": 0.7350245714187622, "acc": 0.46987950801849365, "AUC": 0.4693714380264282, "number_of_bets_tested": 166}}, "ans": 1}, "2020030163.0": {"pred": {"under": 0.01606640196273412, "over": 0.9839329386142455, "metrics": {"loss": 0.7350245714187622, "acc": 0.46987950801849365, "AUC": 0.4693714380264282, "number_of_bets_tested": 166}}, "ans": 0}, "2020030164.0": {"pred": {"under": 0.6702512129885969, "over": 0.3281611747022589, "metrics": {"loss": 0.7350245714187622, "acc": 0.46987950801849365, "AUC": 0.4693714380264282, "number_of_bets_tested": 166}}, "ans": 0}, "2020030165.0": {"pred": {"under": 0.12160894940188596, "over": 0.8783363338408807, "metrics": {"loss": 0.7350245714187622, "acc": 0.46987950801849365, "AUC": 0.4693714380264282, "number_of_bets_tested": 166}}, "ans": 0}}