{"2020020576.0": {"pred": {"under": 0.4477667805600075, "over": 0.5525352161839062, "metrics": {"loss": 0.7632215619087219, "acc": 0.569767415523529, "AUC": 0.5858402848243713, "number_of_bets_tested": 172}}, "ans": 1}, "2020020618.0": {"pred": {"under": 0.82117757643898, "over": 0.17802026191034592, "metrics": {"loss": 0.7632215619087219, "acc": 0.569767415523529, "AUC": 0.5858402848243713, "number_of_bets_tested": 172}}, "ans": 0}, "2020020632.0": {"pred": {"under": 0.5866844648516837, "over": 0.4134966922731682, "metrics": {"loss": 0.7632215619087219, "acc": 0.569767415523529, "AUC": 0.5858402848243713, "number_of_bets_tested": 172}}, "ans": 0}, "2020020643.0": {"pred": {"under": 0.7615862304569171, "over": 0.2381073952344004, "metrics": {"loss": 0.7632215619087219, "acc": 0.569767415523529, "AUC": 0.5858402848243713, "number_of_bets_tested": 172}}, "ans": 1}, "2020020658.0": {"pred": {"under": 0.48948034916449257, "over": 0.5110542887670775, "metrics": {"loss": 0.7632215619087219, "acc": 0.569767415523529, "AUC": 0.5858402848243713, "number_of_bets_tested": 172}}, "ans": 1}, "2020020681.0": {"pred": {"under": 0.4959178297304071, "over": 0.5033903874926976, "metrics": {"loss": 0.7632215619087219, "acc": 0.569767415523529, "AUC": 0.5858402848243713, "number_of_bets_tested": 172}}, "ans": 1}, "2020020695.0": {"pred": {"under": 0.6514328410120533, "over": 0.3476742451044389, "metrics": {"loss": 0.7632215619087219, "acc": 0.569767415523529, "AUC": 0.5858402848243713, "number_of_bets_tested": 172}}, "ans": 1}, "2020020601.0": {"pred": {"under": 0.7191852190910833, "over": 0.2809587847469962, "metrics": {"loss": 0.7632215619087219, "acc": 0.569767415523529, "AUC": 0.5858402848243713, "number_of_bets_tested": 172}}, "ans": 1}, "2020020725.0": {"pred": {"under": 0.12707892823960565, "over": 0.8729512100772924, "metrics": {"loss": 0.7632215619087219, "acc": 0.569767415523529, "AUC": 0.5858402848243713, "number_of_bets_tested": 172}}, "ans": 1}, "2020020740.0": {"pred": {"under": 0.6888773144136686, "over": 0.31087260327724714, "metrics": {"loss": 0.7632215619087219, "acc": 0.569767415523529, "AUC": 0.5858402848243713, "number_of_bets_tested": 172}}, "ans": 1}, "2020020772.0": {"pred": {"under": 0.6530321296968995, "over": 0.34725266410927536, "metrics": {"loss": 0.7632215619087219, "acc": 0.569767415523529, "AUC": 0.5858402848243713, "number_of_bets_tested": 172}}, "ans": 1}, "2020020787.0": {"pred": {"under": 0.7998234521537174, "over": 0.1993203971486347, "metrics": {"loss": 0.7632215619087219, "acc": 0.569767415523529, "AUC": 0.5858402848243713, "number_of_bets_tested": 172}}, "ans": 1}, "2020020816.0": {"pred": {"under": 0.3392151527305198, "over": 0.6612250367458073, "metrics": {"loss": 0.7632215619087219, "acc": 0.569767415523529, "AUC": 0.5858402848243713, "number_of_bets_tested": 172}}, "ans": 1}, "2020020827.0": {"pred": {"under": 0.42766464003263327, "over": 0.5728484049501926, "metrics": {"loss": 0.7632215619087219, "acc": 0.569767415523529, "AUC": 0.5858402848243713, "number_of_bets_tested": 172}}, "ans": 0}, "2020020280.0": {"pred": {"under": 0.4549550872007996, "over": 0.5455514793503307, "metrics": {"loss": 0.7632215619087219, "acc": 0.569767415523529, "AUC": 0.5858402848243713, "number_of_bets_tested": 172}}, "ans": 0}}