{"2020020459.0": {"pred": {"under": 0.4260111203209131, "over": 0.574416365084496, "metrics": {"loss": 0.679216206073761, "acc": 0.6470588445663452, "AUC": 0.6965224742889404, "number_of_bets_tested": 170}}, "ans": 0}, "2020020515.0": {"pred": {"under": 0.4054660508529169, "over": 0.594998658531145, "metrics": {"loss": 0.679216206073761, "acc": 0.6470588445663452, "AUC": 0.6965224742889404, "number_of_bets_tested": 170}}, "ans": 1}, "2020020541.0": {"pred": {"under": 0.3521451583770207, "over": 0.6478386028094029, "metrics": {"loss": 0.679216206073761, "acc": 0.6470588445663452, "AUC": 0.6965224742889404, "number_of_bets_tested": 170}}, "ans": 0}, "2020020556.0": {"pred": {"under": 0.37132971178682433, "over": 0.6286829990362084, "metrics": {"loss": 0.679216206073761, "acc": 0.6470588445663452, "AUC": 0.6965224742889404, "number_of_bets_tested": 170}}, "ans": 1}, "2020020571.0": {"pred": {"under": 0.4260111203209131, "over": 0.574416365084496, "metrics": {"loss": 0.679216206073761, "acc": 0.6470588445663452, "AUC": 0.6965224742889404, "number_of_bets_tested": 170}}, "ans": 0}, "2020020390.0": {"pred": {"under": 0.4260111203209131, "over": 0.574416365084496, "metrics": {"loss": 0.679216206073761, "acc": 0.6470588445663452, "AUC": 0.6965224742889404, "number_of_bets_tested": 170}}, "ans": 1}, "2020020614.0": {"pred": {"under": 0.4260111203209131, "over": 0.574416365084496, "metrics": {"loss": 0.679216206073761, "acc": 0.6470588445663452, "AUC": 0.6965224742889404, "number_of_bets_tested": 170}}, "ans": 1}, "2020020628.0": {"pred": {"under": 0.40958881311902223, "over": 0.5906715715907461, "metrics": {"loss": 0.679216206073761, "acc": 0.6470588445663452, "AUC": 0.6965224742889404, "number_of_bets_tested": 170}}, "ans": 0}, "2020020714.0": {"pred": {"under": 0.15378011969289637, "over": 0.8461691752880596, "metrics": {"loss": 0.679216206073761, "acc": 0.6470588445663452, "AUC": 0.6965224742889404, "number_of_bets_tested": 170}}, "ans": 1}, "2020020195.0": {"pred": {"under": 0.5226128034615432, "over": 0.4787656788845915, "metrics": {"loss": 0.679216206073761, "acc": 0.6470588445663452, "AUC": 0.6965224742889404, "number_of_bets_tested": 170}}, "ans": 1}, "2020020665.0": {"pred": {"under": 0.4260111203209131, "over": 0.574416365084496, "metrics": {"loss": 0.679216206073761, "acc": 0.6470588445663452, "AUC": 0.6965224742889404, "number_of_bets_tested": 170}}, "ans": 0}, "2020020685.0": {"pred": {"under": 0.18779404124429785, "over": 0.8119852269572352, "metrics": {"loss": 0.679216206073761, "acc": 0.6470588445663452, "AUC": 0.6965224742889404, "number_of_bets_tested": 170}}, "ans": 1}, "2020020701.0": {"pred": {"under": 0.3682579434936289, "over": 0.6322167632207297, "metrics": {"loss": 0.679216206073761, "acc": 0.6470588445663452, "AUC": 0.6965224742889404, "number_of_bets_tested": 170}}, "ans": 1}, "2020020483.0": {"pred": {"under": 0.4260111203209131, "over": 0.574416365084496, "metrics": {"loss": 0.679216206073761, "acc": 0.6470588445663452, "AUC": 0.6965224742889404, "number_of_bets_tested": 170}}, "ans": 0}, "2020020729.0": {"pred": {"under": 0.4189201811204958, "over": 0.5814240194820939, "metrics": {"loss": 0.679216206073761, "acc": 0.6470588445663452, "AUC": 0.6965224742889404, "number_of_bets_tested": 170}}, "ans": 1}, "2020020757.0": {"pred": {"under": 0.39178250562558625, "over": 0.6083246131156312, "metrics": {"loss": 0.679216206073761, "acc": 0.6470588445663452, "AUC": 0.6965224742889404, "number_of_bets_tested": 170}}, "ans": 0}, "2020020770.0": {"pred": {"under": 0.10794664441992614, "over": 0.8920503676250949, "metrics": {"loss": 0.679216206073761, "acc": 0.6470588445663452, "AUC": 0.6965224742889404, "number_of_bets_tested": 170}}, "ans": 1}, "2020020782.0": {"pred": {"under": 0.12347344368883517, "over": 0.8765495265792058, "metrics": {"loss": 0.679216206073761, "acc": 0.6470588445663452, "AUC": 0.6965224742889404, "number_of_bets_tested": 170}}, "ans": 0}, "2020020813.0": {"pred": {"under": 0.015546123234138369, "over": 0.9844539688189596, "metrics": {"loss": 0.679216206073761, "acc": 0.6470588445663452, "AUC": 0.6965224742889404, "number_of_bets_tested": 170}}, "ans": 1}, "2020020825.0": {"pred": {"under": 0.03619840963323024, "over": 0.9638039105989686, "metrics": {"loss": 0.679216206073761, "acc": 0.6470588445663452, "AUC": 0.6965224742889404, "number_of_bets_tested": 170}}, "ans": 1}, "2020020838.0": {"pred": {"under": 0.3707850908745847, "over": 0.6292558614892692, "metrics": {"loss": 0.679216206073761, "acc": 0.6470588445663452, "AUC": 0.6965224742889404, "number_of_bets_tested": 170}}, "ans": 1}, "2020030122.0": {"pred": {"under": 0.08046274067766869, "over": 0.9195069867635695, "metrics": {"loss": 0.679216206073761, "acc": 0.6470588445663452, "AUC": 0.6965224742889404, "number_of_bets_tested": 170}}, "ans": 1}, "2020030123.0": {"pred": {"under": 0.4780958084023426, "over": 0.5229686091341659, "metrics": {"loss": 0.679216206073761, "acc": 0.6470588445663452, "AUC": 0.6965224742889404, "number_of_bets_tested": 170}}, "ans": 1}, "2020030124.0": {"pred": {"under": 0.0299615339905597, "over": 0.9700380707435886, "metrics": {"loss": 0.679216206073761, "acc": 0.6470588445663452, "AUC": 0.6965224742889404, "number_of_bets_tested": 170}}, "ans": 1}, "2020030125.0": {"pred": {"under": 0.3732606389321722, "over": 0.6271135586573314, "metrics": {"loss": 0.679216206073761, "acc": 0.6470588445663452, "AUC": 0.6965224742889404, "number_of_bets_tested": 170}}, "ans": 1}}