{"2020020486.0": {"pred": {"under": 0.8928740722190676, "over": 0.10712383318552812, "metrics": {"loss": 0.6147939562797546, "acc": 0.699999988079071, "AUC": 0.7587197422981262, "number_of_bets_tested": 170}}, "ans": 1}, "2020020534.0": {"pred": {"under": 0.7101429359075002, "over": 0.28987466026369685, "metrics": {"loss": 0.6147939562797546, "acc": 0.699999988079071, "AUC": 0.7587197422981262, "number_of_bets_tested": 170}}, "ans": 0}, "2020020576.0": {"pred": {"under": 0.7101429359075002, "over": 0.28987466026369685, "metrics": {"loss": 0.6147939562797546, "acc": 0.699999988079071, "AUC": 0.7587197422981262, "number_of_bets_tested": 170}}, "ans": 0}, "2020020618.0": {"pred": {"under": 0.7101429359075002, "over": 0.28987466026369685, "metrics": {"loss": 0.6147939562797546, "acc": 0.699999988079071, "AUC": 0.7587197422981262, "number_of_bets_tested": 170}}, "ans": 0}, "2020020632.0": {"pred": {"under": 0.6456265954992385, "over": 0.35374692313620265, "metrics": {"loss": 0.6147939562797546, "acc": 0.699999988079071, "AUC": 0.7587197422981262, "number_of_bets_tested": 170}}, "ans": 0}, "2020020643.0": {"pred": {"under": 0.7948099375311906, "over": 0.20519166277434567, "metrics": {"loss": 0.6147939562797546, "acc": 0.699999988079071, "AUC": 0.7587197422981262, "number_of_bets_tested": 170}}, "ans": 0}, "2020020681.0": {"pred": {"under": 0.9473667669278794, "over": 0.052632591392400355, "metrics": {"loss": 0.6147939562797546, "acc": 0.699999988079071, "AUC": 0.7587197422981262, "number_of_bets_tested": 170}}, "ans": 0}, "2020020772.0": {"pred": {"under": 0.851982009761205, "over": 0.14801586831262256, "metrics": {"loss": 0.6147939562797546, "acc": 0.699999988079071, "AUC": 0.7587197422981262, "number_of_bets_tested": 170}}, "ans": 1}, "2020020787.0": {"pred": {"under": 0.9483838609292116, "over": 0.051615523126148456, "metrics": {"loss": 0.6147939562797546, "acc": 0.699999988079071, "AUC": 0.7587197422981262, "number_of_bets_tested": 170}}, "ans": 0}, "2020020280.0": {"pred": {"under": 0.9440104265843738, "over": 0.05598884414745682, "metrics": {"loss": 0.6147939562797546, "acc": 0.699999988079071, "AUC": 0.7587197422981262, "number_of_bets_tested": 170}}, "ans": 0}}