{"2020020628.0": {"pred": {"under": 0.6058221026450917, "over": 0.3940910002360451, "metrics": {"loss": 0.6922593712806702, "acc": 0.5639534592628479, "AUC": 0.6043976545333862, "number_of_bets_tested": 172}}, "ans": 0}, "2020020665.0": {"pred": {"under": 0.486017900114114, "over": 0.5140878966353667, "metrics": {"loss": 0.6922593712806702, "acc": 0.5639534592628479, "AUC": 0.6043976545333862, "number_of_bets_tested": 172}}, "ans": 0}, "2020020701.0": {"pred": {"under": 0.5136130023013465, "over": 0.4863975677229656, "metrics": {"loss": 0.6922593712806702, "acc": 0.5639534592628479, "AUC": 0.6043976545333862, "number_of_bets_tested": 172}}, "ans": 1}, "2020020770.0": {"pred": {"under": 0.5145458824376546, "over": 0.4854614618088458, "metrics": {"loss": 0.6922593712806702, "acc": 0.5639534592628479, "AUC": 0.6043976545333862, "number_of_bets_tested": 172}}, "ans": 0}, "2020020782.0": {"pred": {"under": 0.5145458824376546, "over": 0.4854614618088458, "metrics": {"loss": 0.6922593712806702, "acc": 0.5639534592628479, "AUC": 0.6043976545333862, "number_of_bets_tested": 172}}, "ans": 0}, "2020020838.0": {"pred": {"under": 0.4712763151279642, "over": 0.528879292902381, "metrics": {"loss": 0.6922593712806702, "acc": 0.5639534592628479, "AUC": 0.6043976545333862, "number_of_bets_tested": 172}}, "ans": 0}, "2020030123.0": {"pred": {"under": 0.5145458824376546, "over": 0.4854614618088458, "metrics": {"loss": 0.6922593712806702, "acc": 0.5639534592628479, "AUC": 0.6043976545333862, "number_of_bets_tested": 172}}, "ans": 1}, "2020030124.0": {"pred": {"under": 0.5145458824376546, "over": 0.4854614618088458, "metrics": {"loss": 0.6922593712806702, "acc": 0.5639534592628479, "AUC": 0.6043976545333862, "number_of_bets_tested": 172}}, "ans": 1}, "2020030125.0": {"pred": {"under": 0.5145458824376546, "over": 0.4854614618088458, "metrics": {"loss": 0.6922593712806702, "acc": 0.5639534592628479, "AUC": 0.6043976545333862, "number_of_bets_tested": 172}}, "ans": 1}}