{"2020020481.0": {"pred": {"under": 0.40579433866160125, "over": 0.5942322861514778, "metrics": {"loss": 0.8385377526283264, "acc": 0.5364238619804382, "AUC": 0.514165997505188, "number_of_bets_tested": 151}}, "ans": 0}, "2020020495.0": {"pred": {"under": 0.3550690166850843, "over": 0.644980722784033, "metrics": {"loss": 0.8385377526283264, "acc": 0.5364238619804382, "AUC": 0.514165997505188, "number_of_bets_tested": 151}}, "ans": 1}, "2020020514.0": {"pred": {"under": 0.4628854783701272, "over": 0.537163248160213, "metrics": {"loss": 0.8385377526283264, "acc": 0.5364238619804382, "AUC": 0.514165997505188, "number_of_bets_tested": 151}}, "ans": 1}, "2020020554.0": {"pred": {"under": 0.36685657913238434, "over": 0.6332003113429105, "metrics": {"loss": 0.8385377526283264, "acc": 0.5364238619804382, "AUC": 0.514165997505188, "number_of_bets_tested": 151}}, "ans": 0}, "2020020569.0": {"pred": {"under": 0.4122279909042247, "over": 0.5877950783747288, "metrics": {"loss": 0.8385377526283264, "acc": 0.5364238619804382, "AUC": 0.514165997505188, "number_of_bets_tested": 151}}, "ans": 0}, "2020020584.0": {"pred": {"under": 0.3778338683764535, "over": 0.6222638206937022, "metrics": {"loss": 0.8385377526283264, "acc": 0.5364238619804382, "AUC": 0.514165997505188, "number_of_bets_tested": 151}}, "ans": 0}, "2020020610.0": {"pred": {"under": 0.3703440679041618, "over": 0.6296997265114712, "metrics": {"loss": 0.8385377526283264, "acc": 0.5364238619804382, "AUC": 0.514165997505188, "number_of_bets_tested": 151}}, "ans": 1}, "2020020624.0": {"pred": {"under": 0.3289027855991068, "over": 0.671098614057656, "metrics": {"loss": 0.8385377526283264, "acc": 0.5364238619804382, "AUC": 0.514165997505188, "number_of_bets_tested": 151}}, "ans": 0}, "2020020649.0": {"pred": {"under": 0.5200749778737573, "over": 0.47990025148758336, "metrics": {"loss": 0.8385377526283264, "acc": 0.5364238619804382, "AUC": 0.514165997505188, "number_of_bets_tested": 151}}, "ans": 0}, "2020020680.0": {"pred": {"under": 0.37598569880793503, "over": 0.6241093033310533, "metrics": {"loss": 0.8385377526283264, "acc": 0.5364238619804382, "AUC": 0.514165997505188, "number_of_bets_tested": 151}}, "ans": 0}, "2020020690.0": {"pred": {"under": 0.42192527233512794, "over": 0.5781019325953888, "metrics": {"loss": 0.8385377526283264, "acc": 0.5364238619804382, "AUC": 0.514165997505188, "number_of_bets_tested": 151}}, "ans": 0}, "2020020715.0": {"pred": {"under": 0.35648542059861404, "over": 0.6435822094700577, "metrics": {"loss": 0.8385377526283264, "acc": 0.5364238619804382, "AUC": 0.514165997505188, "number_of_bets_tested": 151}}, "ans": 1}, "2020020166.0": {"pred": {"under": 0.3542273843037912, "over": 0.6458372068198286, "metrics": {"loss": 0.8385377526283264, "acc": 0.5364238619804382, "AUC": 0.514165997505188, "number_of_bets_tested": 151}}, "ans": 1}, "2020020733.0": {"pred": {"under": 0.3778338683764535, "over": 0.6222638206937022, "metrics": {"loss": 0.8385377526283264, "acc": 0.5364238619804382, "AUC": 0.514165997505188, "number_of_bets_tested": 151}}, "ans": 0}, "2020020757.0": {"pred": {"under": 0.35094104219592953, "over": 0.6491191842216171, "metrics": {"loss": 0.8385377526283264, "acc": 0.5364238619804382, "AUC": 0.514165997505188, "number_of_bets_tested": 151}}, "ans": 0}, "2020020770.0": {"pred": {"under": 0.4838309921613035, "over": 0.5161778265180584, "metrics": {"loss": 0.8385377526283264, "acc": 0.5364238619804382, "AUC": 0.514165997505188, "number_of_bets_tested": 151}}, "ans": 1}, "2020020785.0": {"pred": {"under": 0.3576573791646593, "over": 0.6423207798437588, "metrics": {"loss": 0.8385377526283264, "acc": 0.5364238619804382, "AUC": 0.514165997505188, "number_of_bets_tested": 151}}, "ans": 1}, "2020020815.0": {"pred": {"under": 0.4608645633368689, "over": 0.5391528965511176, "metrics": {"loss": 0.8385377526283264, "acc": 0.5364238619804382, "AUC": 0.514165997505188, "number_of_bets_tested": 151}}, "ans": 0}, "2020020826.0": {"pred": {"under": 0.28489803713286466, "over": 0.7150912058810561, "metrics": {"loss": 0.8385377526283264, "acc": 0.5364238619804382, "AUC": 0.514165997505188, "number_of_bets_tested": 151}}, "ans": 0}, "2020020842.0": {"pred": {"under": 0.29441280934189806, "over": 0.7055844280119284, "metrics": {"loss": 0.8385377526283264, "acc": 0.5364238619804382, "AUC": 0.514165997505188, "number_of_bets_tested": 151}}, "ans": 1}, "2020030112.0": {"pred": {"under": 0.36320820497413653, "over": 0.6368686386454399, "metrics": {"loss": 0.8385377526283264, "acc": 0.5364238619804382, "AUC": 0.514165997505188, "number_of_bets_tested": 151}}, "ans": 1}, "2020030113.0": {"pred": {"under": 0.32709938008069983, "over": 0.6729312829572146, "metrics": {"loss": 0.8385377526283264, "acc": 0.5364238619804382, "AUC": 0.514165997505188, "number_of_bets_tested": 151}}, "ans": 0}, "2020030114.0": {"pred": {"under": 0.376857738976398, "over": 0.6232385273304731, "metrics": {"loss": 0.8385377526283264, "acc": 0.5364238619804382, "AUC": 0.514165997505188, "number_of_bets_tested": 151}}, "ans": 0}, "2020030115.0": {"pred": {"under": 0.37629638253743514, "over": 0.62379906651506, "metrics": {"loss": 0.8385377526283264, "acc": 0.5364238619804382, "AUC": 0.514165997505188, "number_of_bets_tested": 151}}, "ans": 0}}