{"2020020598.0": {"pred": {"under": 0.5576984722794641, "over": 0.4429438453855849, "metrics": {"loss": 0.9539943337440491, "acc": 0.644444465637207, "AUC": 0.6637190580368042, "number_of_bets_tested": 180}}, "ans": 1}, "2020020618.0": {"pred": {"under": 0.49740688682129075, "over": 0.5028599088351058, "metrics": {"loss": 0.9539943337440491, "acc": 0.644444465637207, "AUC": 0.6637190580368042, "number_of_bets_tested": 180}}, "ans": 1}, "2020020632.0": {"pred": {"under": 0.41235891885117193, "over": 0.5875629557611612, "metrics": {"loss": 0.9539943337440491, "acc": 0.644444465637207, "AUC": 0.6637190580368042, "number_of_bets_tested": 180}}, "ans": 1}, "2020020788.0": {"pred": {"under": 0.32332004573480133, "over": 0.6750202171242062, "metrics": {"loss": 0.9539943337440491, "acc": 0.644444465637207, "AUC": 0.6637190580368042, "number_of_bets_tested": 180}}, "ans": 1}, "2020020670.0": {"pred": {"under": 0.584317720032208, "over": 0.4157812932965811, "metrics": {"loss": 0.9539943337440491, "acc": 0.644444465637207, "AUC": 0.6637190580368042, "number_of_bets_tested": 180}}, "ans": 1}, "2020020683.0": {"pred": {"under": 0.540514601462398, "over": 0.45985583631962473, "metrics": {"loss": 0.9539943337440491, "acc": 0.644444465637207, "AUC": 0.6637190580368042, "number_of_bets_tested": 180}}, "ans": 1}, "2020020033.0": {"pred": {"under": 0.4969421754250251, "over": 0.5044085798054064, "metrics": {"loss": 0.9539943337440491, "acc": 0.644444465637207, "AUC": 0.6637190580368042, "number_of_bets_tested": 180}}, "ans": 1}, "2020020048.0": {"pred": {"under": 0.5560347779863932, "over": 0.44471172827357325, "metrics": {"loss": 0.9539943337440491, "acc": 0.644444465637207, "AUC": 0.6637190580368042, "number_of_bets_tested": 180}}, "ans": 1}}