{"2020020660.0": {"pred": {"under": 0.05147105740170866, "over": 0.9485470113953565, "metrics": {"loss": 0.6309634447097778, "acc": 0.7549669146537781, "AUC": 0.7606463432312012, "number_of_bets_tested": 151}}, "ans": 0}, "2020020671.0": {"pred": {"under": 0.006173614586938916, "over": 0.9938264642938904, "metrics": {"loss": 0.6309634447097778, "acc": 0.7549669146537781, "AUC": 0.7606463432312012, "number_of_bets_tested": 151}}, "ans": 1}, "2020020686.0": {"pred": {"under": 0.005611716614013169, "over": 0.9943883282427257, "metrics": {"loss": 0.6309634447097778, "acc": 0.7549669146537781, "AUC": 0.7606463432312012, "number_of_bets_tested": 151}}, "ans": 1}, "2020020721.0": {"pred": {"under": 0.33787107788076903, "over": 0.6619794227495518, "metrics": {"loss": 0.6309634447097778, "acc": 0.7549669146537781, "AUC": 0.7606463432312012, "number_of_bets_tested": 151}}, "ans": 0}, "2020020736.0": {"pred": {"under": 0.15837568583645517, "over": 0.8417080457291146, "metrics": {"loss": 0.6309634447097778, "acc": 0.7549669146537781, "AUC": 0.7606463432312012, "number_of_bets_tested": 151}}, "ans": 1}, "2020020761.0": {"pred": {"under": 0.0693586107363544, "over": 0.9306459844824873, "metrics": {"loss": 0.6309634447097778, "acc": 0.7549669146537781, "AUC": 0.7606463432312012, "number_of_bets_tested": 151}}, "ans": 1}, "2020030172.0": {"pred": {"under": 0.2913733469821235, "over": 0.7077589041345812, "metrics": {"loss": 0.6309634447097778, "acc": 0.7549669146537781, "AUC": 0.7606463432312012, "number_of_bets_tested": 151}}, "ans": 1}, "2020030173.0": {"pred": {"under": 0.0897621829033513, "over": 0.910272142524726, "metrics": {"loss": 0.6309634447097778, "acc": 0.7549669146537781, "AUC": 0.7606463432312012, "number_of_bets_tested": 151}}, "ans": 0}}