{"2020020554.0": {"pred": {"under": 0.49330324220415495, "over": 0.5066304451469613, "metrics": {"loss": 0.633588969707489, "acc": 0.7176470756530762, "AUC": 0.7339100241661072, "number_of_bets_tested": 170}}, "ans": 0}}