{"2020020488.0": {"pred": {"under": 0.7336138210928632, "over": 0.26624726583831687, "metrics": {"loss": 1.1043527126312256, "acc": 0.3631284832954407, "AUC": 0.32672202587127686, "number_of_bets_tested": 179}}, "ans": 0}, "2020020258.0": {"pred": {"under": 0.7275991290176406, "over": 0.2722771343590768, "metrics": {"loss": 1.1043527126312256, "acc": 0.3631284832954407, "AUC": 0.32672202587127686, "number_of_bets_tested": 179}}, "ans": 0}, "2020020507.0": {"pred": {"under": 0.7328970840674554, "over": 0.2669657369588659, "metrics": {"loss": 1.1043527126312256, "acc": 0.3631284832954407, "AUC": 0.32672202587127686, "number_of_bets_tested": 179}}, "ans": 0}, "2020020522.0": {"pred": {"under": 0.7162036966843902, "over": 0.2836807075838762, "metrics": {"loss": 1.1043527126312256, "acc": 0.3631284832954407, "AUC": 0.32672202587127686, "number_of_bets_tested": 179}}, "ans": 0}, "2020020538.0": {"pred": {"under": 0.7214408580460142, "over": 0.2784524045320314, "metrics": {"loss": 1.1043527126312256, "acc": 0.3631284832954407, "AUC": 0.32672202587127686, "number_of_bets_tested": 179}}, "ans": 0}, "2020020547.0": {"pred": {"under": 0.7323517782222823, "over": 0.26751237591024, "metrics": {"loss": 1.1043527126312256, "acc": 0.3631284832954407, "AUC": 0.32672202587127686, "number_of_bets_tested": 179}}, "ans": 0}, "2020020563.0": {"pred": {"under": 0.7303702068435337, "over": 0.2694988900523276, "metrics": {"loss": 1.1043527126312256, "acc": 0.3631284832954407, "AUC": 0.32672202587127686, "number_of_bets_tested": 179}}, "ans": 0}, "2020020577.0": {"pred": {"under": 0.7338296180519049, "over": 0.26602997268323675, "metrics": {"loss": 1.1043527126312256, "acc": 0.3631284832954407, "AUC": 0.32672202587127686, "number_of_bets_tested": 179}}, "ans": 0}, "2020020598.0": {"pred": {"under": 0.6321349471903865, "over": 0.36786756674521903, "metrics": {"loss": 1.1043527126312256, "acc": 0.3631284832954407, "AUC": 0.32672202587127686, "number_of_bets_tested": 179}}, "ans": 0}, "2020020618.0": {"pred": {"under": 0.6847665497299094, "over": 0.3151379667419261, "metrics": {"loss": 1.1043527126312256, "acc": 0.3631284832954407, "AUC": 0.32672202587127686, "number_of_bets_tested": 179}}, "ans": 1}, "2020020632.0": {"pred": {"under": 0.6789417797796726, "over": 0.32097142224517844, "metrics": {"loss": 1.1043527126312256, "acc": 0.3631284832954407, "AUC": 0.32672202587127686, "number_of_bets_tested": 179}}, "ans": 1}, "2020020788.0": {"pred": {"under": 0.7136008118878595, "over": 0.28627976352004114, "metrics": {"loss": 1.1043527126312256, "acc": 0.3631284832954407, "AUC": 0.32672202587127686, "number_of_bets_tested": 179}}, "ans": 1}, "2020020670.0": {"pred": {"under": 0.7311660857220648, "over": 0.26870100773467076, "metrics": {"loss": 1.1043527126312256, "acc": 0.3631284832954407, "AUC": 0.32672202587127686, "number_of_bets_tested": 179}}, "ans": 0}, "2020020683.0": {"pred": {"under": 0.7342611865338554, "over": 0.2655979339926414, "metrics": {"loss": 1.1043527126312256, "acc": 0.3631284832954407, "AUC": 0.32672202587127686, "number_of_bets_tested": 179}}, "ans": 1}, "2020020699.0": {"pred": {"under": 0.7228117954948107, "over": 0.27707755557038444, "metrics": {"loss": 1.1043527126312256, "acc": 0.3631284832954407, "AUC": 0.32672202587127686, "number_of_bets_tested": 179}}, "ans": 1}, "2020020711.0": {"pred": {"under": 0.716290875719316, "over": 0.283617726153124, "metrics": {"loss": 1.1043527126312256, "acc": 0.3631284832954407, "AUC": 0.32672202587127686, "number_of_bets_tested": 179}}, "ans": 1}, "2020020722.0": {"pred": {"under": 0.7218638081711376, "over": 0.27802823905276236, "metrics": {"loss": 1.1043527126312256, "acc": 0.3631284832954407, "AUC": 0.32672202587127686, "number_of_bets_tested": 179}}, "ans": 1}, "2020020734.0": {"pred": {"under": 0.7286022353104025, "over": 0.2712714012014421, "metrics": {"loss": 1.1043527126312256, "acc": 0.3631284832954407, "AUC": 0.32672202587127686, "number_of_bets_tested": 179}}, "ans": 1}, "2020020763.0": {"pred": {"under": 0.7212440097236944, "over": 0.27864982098286323, "metrics": {"loss": 1.1043527126312256, "acc": 0.3631284832954407, "AUC": 0.32672202587127686, "number_of_bets_tested": 179}}, "ans": 1}, "2020020774.0": {"pred": {"under": 0.7326547107178336, "over": 0.26720870219283865, "metrics": {"loss": 1.1043527126312256, "acc": 0.3631284832954407, "AUC": 0.32672202587127686, "number_of_bets_tested": 179}}, "ans": 0}, "2020020347.0": {"pred": {"under": 0.7861704689297326, "over": 0.21369416744607547, "metrics": {"loss": 1.1043527126312256, "acc": 0.3631284832954407, "AUC": 0.32672202587127686, "number_of_bets_tested": 179}}, "ans": 0}, "2020020020.0": {"pred": {"under": 0.7260630465580321, "over": 0.2738087012791829, "metrics": {"loss": 1.1043527126312256, "acc": 0.3631284832954407, "AUC": 0.32672202587127686, "number_of_bets_tested": 179}}, "ans": 1}, "2020020033.0": {"pred": {"under": 0.7146003261320074, "over": 0.2852750729813746, "metrics": {"loss": 1.1043527126312256, "acc": 0.3631284832954407, "AUC": 0.32672202587127686, "number_of_bets_tested": 179}}, "ans": 0}, "2020020048.0": {"pred": {"under": 0.7287001959925639, "over": 0.2711731850385515, "metrics": {"loss": 1.1043527126312256, "acc": 0.3631284832954407, "AUC": 0.32672202587127686, "number_of_bets_tested": 179}}, "ans": 1}, "2020020843.0": {"pred": {"under": 0.7264478318001943, "over": 0.27343149673318684, "metrics": {"loss": 1.1043527126312256, "acc": 0.3631284832954407, "AUC": 0.32672202587127686, "number_of_bets_tested": 179}}, "ans": 1}}