{"2020020291.0": {"pred": {"under": 0.32199167400503853, "over": 0.6782290907366375, "metrics": {"loss": 0.7220064997673035, "acc": 0.6022727489471436, "AUC": 0.6330546140670776, "number_of_bets_tested": 176}}, "ans": 1}, "2020020517.0": {"pred": {"under": 0.648048829184172, "over": 0.35187470479715366, "metrics": {"loss": 0.7220064997673035, "acc": 0.6022727489471436, "AUC": 0.6330546140670776, "number_of_bets_tested": 176}}, "ans": 0}, "2020020524.0": {"pred": {"under": 0.7128417603835098, "over": 0.28708282489513554, "metrics": {"loss": 0.7220064997673035, "acc": 0.6022727489471436, "AUC": 0.6330546140670776, "number_of_bets_tested": 176}}, "ans": 0}, "2020020558.0": {"pred": {"under": 0.6434874786730771, "over": 0.35643660290979035, "metrics": {"loss": 0.7220064997673035, "acc": 0.6022727489471436, "AUC": 0.6330546140670776, "number_of_bets_tested": 176}}, "ans": 0}, "2020020573.0": {"pred": {"under": 0.4517433791668882, "over": 0.5487189466813799, "metrics": {"loss": 0.7220064997673035, "acc": 0.6022727489471436, "AUC": 0.6330546140670776, "number_of_bets_tested": 176}}, "ans": 0}, "2020020580.0": {"pred": {"under": 0.9227063938727748, "over": 0.07725764793389639, "metrics": {"loss": 0.7220064997673035, "acc": 0.6022727489471436, "AUC": 0.6330546140670776, "number_of_bets_tested": 176}}, "ans": 1}, "2020020612.0": {"pred": {"under": 0.4908542103701657, "over": 0.5102765800467881, "metrics": {"loss": 0.7220064997673035, "acc": 0.6022727489471436, "AUC": 0.6330546140670776, "number_of_bets_tested": 176}}, "ans": 0}, "2020020628.0": {"pred": {"under": 0.4867669497212907, "over": 0.5136277677967824, "metrics": {"loss": 0.7220064997673035, "acc": 0.6022727489471436, "AUC": 0.6330546140670776, "number_of_bets_tested": 176}}, "ans": 0}, "2020020229.0": {"pred": {"under": 0.8204830018463609, "over": 0.17966523397967524, "metrics": {"loss": 0.7220064997673035, "acc": 0.6022727489471436, "AUC": 0.6330546140670776, "number_of_bets_tested": 176}}, "ans": 1}, "2020020714.0": {"pred": {"under": 0.31851055152399466, "over": 0.6817466543405902, "metrics": {"loss": 0.7220064997673035, "acc": 0.6022727489471436, "AUC": 0.6330546140670776, "number_of_bets_tested": 176}}, "ans": 1}, "2020020202.0": {"pred": {"under": 0.07941560712622368, "over": 0.9205732425388251, "metrics": {"loss": 0.7220064997673035, "acc": 0.6022727489471436, "AUC": 0.6330546140670776, "number_of_bets_tested": 176}}, "ans": 0}, "2020020677.0": {"pred": {"under": 0.7712203694001665, "over": 0.22819129885474135, "metrics": {"loss": 0.7220064997673035, "acc": 0.6022727489471436, "AUC": 0.6330546140670776, "number_of_bets_tested": 176}}, "ans": 1}, "2020020692.0": {"pred": {"under": 0.7656782488088734, "over": 0.23425846834893616, "metrics": {"loss": 0.7220064997673035, "acc": 0.6022727489471436, "AUC": 0.6330546140670776, "number_of_bets_tested": 176}}, "ans": 1}, "2020020701.0": {"pred": {"under": 0.6787657009751485, "over": 0.32083672465019525, "metrics": {"loss": 0.7220064997673035, "acc": 0.6022727489471436, "AUC": 0.6330546140670776, "number_of_bets_tested": 176}}, "ans": 1}, "2020020730.0": {"pred": {"under": 0.9215224842702149, "over": 0.07843250764869396, "metrics": {"loss": 0.7220064997673035, "acc": 0.6022727489471436, "AUC": 0.6330546140670776, "number_of_bets_tested": 176}}, "ans": 0}, "2020030122.0": {"pred": {"under": 0.5376382932941051, "over": 0.46281858012103194, "metrics": {"loss": 0.7220064997673035, "acc": 0.6022727489471436, "AUC": 0.6330546140670776, "number_of_bets_tested": 176}}, "ans": 0}, "2020030123.0": {"pred": {"under": 0.6653314027628326, "over": 0.3349371527292681, "metrics": {"loss": 0.7220064997673035, "acc": 0.6022727489471436, "AUC": 0.6330546140670776, "number_of_bets_tested": 176}}, "ans": 0}, "2020030124.0": {"pred": {"under": 0.9304144466636599, "over": 0.06952749889048726, "metrics": {"loss": 0.7220064997673035, "acc": 0.6022727489471436, "AUC": 0.6330546140670776, "number_of_bets_tested": 176}}, "ans": 0}, "2020030125.0": {"pred": {"under": 0.9499918453927381, "over": 0.049986170055723686, "metrics": {"loss": 0.7220064997673035, "acc": 0.6022727489471436, "AUC": 0.6330546140670776, "number_of_bets_tested": 176}}, "ans": 0}}