{"2020020581.0": {"pred": {"under": 0.4850611777743918, "over": 0.5153211903538071, "metrics": {"loss": 0.862686812877655, "acc": 0.5320512652397156, "AUC": 0.5338388085365295, "number_of_bets_tested": 156}}, "ans": 1}, "2020020672.0": {"pred": {"under": 0.9640251662861737, "over": 0.035983447579590946, "metrics": {"loss": 0.862686812877655, "acc": 0.5320512652397156, "AUC": 0.5338388085365295, "number_of_bets_tested": 156}}, "ans": 1}, "2020020696.0": {"pred": {"under": 0.8666265749955618, "over": 0.13355577276544503, "metrics": {"loss": 0.862686812877655, "acc": 0.5320512652397156, "AUC": 0.5338388085365295, "number_of_bets_tested": 156}}, "ans": 0}, "2020020760.0": {"pred": {"under": 0.4835463929073142, "over": 0.5163473007415784, "metrics": {"loss": 0.862686812877655, "acc": 0.5320512652397156, "AUC": 0.5338388085365295, "number_of_bets_tested": 156}}, "ans": 0}, "2020020820.0": {"pred": {"under": 0.433629669292405, "over": 0.5665359356792303, "metrics": {"loss": 0.862686812877655, "acc": 0.5320512652397156, "AUC": 0.5338388085365295, "number_of_bets_tested": 156}}, "ans": 1}, "2020020834.0": {"pred": {"under": 0.3777009769803896, "over": 0.6223247968749578, "metrics": {"loss": 0.862686812877655, "acc": 0.5320512652397156, "AUC": 0.5338388085365295, "number_of_bets_tested": 156}}, "ans": 0}, "2020030181.0": {"pred": {"under": 0.5065073243598868, "over": 0.4944081306992857, "metrics": {"loss": 0.862686812877655, "acc": 0.5320512652397156, "AUC": 0.5338388085365295, "number_of_bets_tested": 156}}, "ans": 1}, "2020030182.0": {"pred": {"under": 0.5332469629755414, "over": 0.4680921524737663, "metrics": {"loss": 0.862686812877655, "acc": 0.5320512652397156, "AUC": 0.5338388085365295, "number_of_bets_tested": 156}}, "ans": 1}, "2020030183.0": {"pred": {"under": 0.6971410108756698, "over": 0.3036644322236735, "metrics": {"loss": 0.862686812877655, "acc": 0.5320512652397156, "AUC": 0.5338388085365295, "number_of_bets_tested": 156}}, "ans": 0}, "2020030184.0": {"pred": {"under": 0.43315436441810795, "over": 0.5670392466076921, "metrics": {"loss": 0.862686812877655, "acc": 0.5320512652397156, "AUC": 0.5338388085365295, "number_of_bets_tested": 156}}, "ans": 0}}