{"2020020495.0": {"pred": {"under": 0.386648603731368, "over": 0.6135960375286412, "metrics": {"loss": 0.7258461713790894, "acc": 0.5823529362678528, "AUC": 0.6125605702400208, "number_of_bets_tested": 170}}, "ans": 1}, "2020020503.0": {"pred": {"under": 0.39107567679937966, "over": 0.6090424400244275, "metrics": {"loss": 0.7258461713790894, "acc": 0.5823529362678528, "AUC": 0.6125605702400208, "number_of_bets_tested": 170}}, "ans": 0}, "2020020514.0": {"pred": {"under": 0.5513573928675048, "over": 0.4484990148968213, "metrics": {"loss": 0.7258461713790894, "acc": 0.5823529362678528, "AUC": 0.6125605702400208, "number_of_bets_tested": 170}}, "ans": 1}, "2020020554.0": {"pred": {"under": 0.6124219961746642, "over": 0.38748198399278516, "metrics": {"loss": 0.7258461713790894, "acc": 0.5823529362678528, "AUC": 0.6125605702400208, "number_of_bets_tested": 170}}, "ans": 0}, "2020020569.0": {"pred": {"under": 0.6215790800634263, "over": 0.3783323291450444, "metrics": {"loss": 0.7258461713790894, "acc": 0.5823529362678528, "AUC": 0.6125605702400208, "number_of_bets_tested": 170}}, "ans": 0}, "2020020584.0": {"pred": {"under": 0.38468722880293754, "over": 0.6154909023122412, "metrics": {"loss": 0.7258461713790894, "acc": 0.5823529362678528, "AUC": 0.6125605702400208, "number_of_bets_tested": 170}}, "ans": 0}, "2020020610.0": {"pred": {"under": 0.382816430750918, "over": 0.6173814648298134, "metrics": {"loss": 0.7258461713790894, "acc": 0.5823529362678528, "AUC": 0.6125605702400208, "number_of_bets_tested": 170}}, "ans": 1}, "2020020624.0": {"pred": {"under": 0.4011163129792773, "over": 0.598911798386203, "metrics": {"loss": 0.7258461713790894, "acc": 0.5823529362678528, "AUC": 0.6125605702400208, "number_of_bets_tested": 170}}, "ans": 0}, "2020020641.0": {"pred": {"under": 0.41975293997000956, "over": 0.58050239898467, "metrics": {"loss": 0.7258461713790894, "acc": 0.5823529362678528, "AUC": 0.6125605702400208, "number_of_bets_tested": 170}}, "ans": 0}, "2020020649.0": {"pred": {"under": 0.43695214360286216, "over": 0.5633059281108662, "metrics": {"loss": 0.7258461713790894, "acc": 0.5823529362678528, "AUC": 0.6125605702400208, "number_of_bets_tested": 170}}, "ans": 1}, "2020020663.0": {"pred": {"under": 0.5773413584051, "over": 0.4225349764086256, "metrics": {"loss": 0.7258461713790894, "acc": 0.5823529362678528, "AUC": 0.6125605702400208, "number_of_bets_tested": 170}}, "ans": 1}, "2020020674.0": {"pred": {"under": 0.4416751459199474, "over": 0.5578814837749471, "metrics": {"loss": 0.7258461713790894, "acc": 0.5823529362678528, "AUC": 0.6125605702400208, "number_of_bets_tested": 170}}, "ans": 0}, "2020020724.0": {"pred": {"under": 0.6215790800634263, "over": 0.3783323291450444, "metrics": {"loss": 0.7258461713790894, "acc": 0.5823529362678528, "AUC": 0.6125605702400208, "number_of_bets_tested": 170}}, "ans": 0}, "2020020240.0": {"pred": {"under": 0.3836282455626296, "over": 0.6165610943703893, "metrics": {"loss": 0.7258461713790894, "acc": 0.5823529362678528, "AUC": 0.6125605702400208, "number_of_bets_tested": 170}}, "ans": 1}, "2020020765.0": {"pred": {"under": 0.4307243099854481, "over": 0.5695698377614712, "metrics": {"loss": 0.7258461713790894, "acc": 0.5823529362678528, "AUC": 0.6125605702400208, "number_of_bets_tested": 170}}, "ans": 0}, "2020020780.0": {"pred": {"under": 0.732838619984184, "over": 0.26730924170216114, "metrics": {"loss": 0.7258461713790894, "acc": 0.5823529362678528, "AUC": 0.6125605702400208, "number_of_bets_tested": 170}}, "ans": 0}, "2020020852.0": {"pred": {"under": 0.8197404604888621, "over": 0.1804911304277726, "metrics": {"loss": 0.7258461713790894, "acc": 0.5823529362678528, "AUC": 0.6125605702400208, "number_of_bets_tested": 170}}, "ans": 0}}