{"2020020458.0": {"pred": {"under": 0.021772599411381977, "over": 0.9782285827000812, "metrics": {"loss": 0.7174496650695801, "acc": 0.47727271914482117, "AUC": 0.5070539116859436, "number_of_bets_tested": 176}}, "ans": 0}, "2020020478.0": {"pred": {"under": 0.31133704667481876, "over": 0.6885208301447178, "metrics": {"loss": 0.7174496650695801, "acc": 0.47727271914482117, "AUC": 0.5070539116859436, "number_of_bets_tested": 176}}, "ans": 0}, "2020020291.0": {"pred": {"under": 0.14472033605363202, "over": 0.8553445106299803, "metrics": {"loss": 0.7174496650695801, "acc": 0.47727271914482117, "AUC": 0.5070539116859436, "number_of_bets_tested": 176}}, "ans": 1}, "2020020517.0": {"pred": {"under": 0.06420239976739532, "over": 0.935814466000209, "metrics": {"loss": 0.7174496650695801, "acc": 0.47727271914482117, "AUC": 0.5070539116859436, "number_of_bets_tested": 176}}, "ans": 1}, "2020020524.0": {"pred": {"under": 0.10025831723188598, "over": 0.8997817560226792, "metrics": {"loss": 0.7174496650695801, "acc": 0.47727271914482117, "AUC": 0.5070539116859436, "number_of_bets_tested": 176}}, "ans": 1}, "2020020558.0": {"pred": {"under": 0.04240605542171597, "over": 0.9576005163428397, "metrics": {"loss": 0.7174496650695801, "acc": 0.47727271914482117, "AUC": 0.5070539116859436, "number_of_bets_tested": 176}}, "ans": 0}, "2020020573.0": {"pred": {"under": 0.04840294414723387, "over": 0.9516060217258514, "metrics": {"loss": 0.7174496650695801, "acc": 0.47727271914482117, "AUC": 0.5070539116859436, "number_of_bets_tested": 176}}, "ans": 0}, "2020020580.0": {"pred": {"under": 0.06746351313559115, "over": 0.9325587656263491, "metrics": {"loss": 0.7174496650695801, "acc": 0.47727271914482117, "AUC": 0.5070539116859436, "number_of_bets_tested": 176}}, "ans": 1}, "2020020612.0": {"pred": {"under": 0.3054151956804608, "over": 0.6937251016256826, "metrics": {"loss": 0.7174496650695801, "acc": 0.47727271914482117, "AUC": 0.5070539116859436, "number_of_bets_tested": 176}}, "ans": 0}, "2020020628.0": {"pred": {"under": 0.08459503717451464, "over": 0.91542229024429, "metrics": {"loss": 0.7174496650695801, "acc": 0.47727271914482117, "AUC": 0.5070539116859436, "number_of_bets_tested": 176}}, "ans": 1}, "2020020229.0": {"pred": {"under": 0.8531131953572467, "over": 0.1472036204995455, "metrics": {"loss": 0.7174496650695801, "acc": 0.47727271914482117, "AUC": 0.5070539116859436, "number_of_bets_tested": 176}}, "ans": 1}, "2020020714.0": {"pred": {"under": 0.07334547986453419, "over": 0.9266850889672159, "metrics": {"loss": 0.7174496650695801, "acc": 0.47727271914482117, "AUC": 0.5070539116859436, "number_of_bets_tested": 176}}, "ans": 1}, "2020020202.0": {"pred": {"under": 0.9401395371243978, "over": 0.059892472867399994, "metrics": {"loss": 0.7174496650695801, "acc": 0.47727271914482117, "AUC": 0.5070539116859436, "number_of_bets_tested": 176}}, "ans": 0}, "2020020677.0": {"pred": {"under": 0.9660344017314838, "over": 0.03397254127495415, "metrics": {"loss": 0.7174496650695801, "acc": 0.47727271914482117, "AUC": 0.5070539116859436, "number_of_bets_tested": 176}}, "ans": 1}, "2020020692.0": {"pred": {"under": 0.3540513667824567, "over": 0.6456730196456332, "metrics": {"loss": 0.7174496650695801, "acc": 0.47727271914482117, "AUC": 0.5070539116859436, "number_of_bets_tested": 176}}, "ans": 1}, "2020020701.0": {"pred": {"under": 0.7982661733415894, "over": 0.20203390452240294, "metrics": {"loss": 0.7174496650695801, "acc": 0.47727271914482117, "AUC": 0.5070539116859436, "number_of_bets_tested": 176}}, "ans": 1}, "2020020730.0": {"pred": {"under": 0.7551543598532402, "over": 0.24515531030563167, "metrics": {"loss": 0.7174496650695801, "acc": 0.47727271914482117, "AUC": 0.5070539116859436, "number_of_bets_tested": 176}}, "ans": 1}, "2020030122.0": {"pred": {"under": 0.6395875410001651, "over": 0.3615382173906344, "metrics": {"loss": 0.7174496650695801, "acc": 0.47727271914482117, "AUC": 0.5070539116859436, "number_of_bets_tested": 176}}, "ans": 1}, "2020030123.0": {"pred": {"under": 0.9399956368290986, "over": 0.06006982904078968, "metrics": {"loss": 0.7174496650695801, "acc": 0.47727271914482117, "AUC": 0.5070539116859436, "number_of_bets_tested": 176}}, "ans": 1}, "2020030124.0": {"pred": {"under": 0.7492544405288041, "over": 0.2502883954773423, "metrics": {"loss": 0.7174496650695801, "acc": 0.47727271914482117, "AUC": 0.5070539116859436, "number_of_bets_tested": 176}}, "ans": 1}, "2020030125.0": {"pred": {"under": 0.9920284818028128, "over": 0.007971725801963746, "metrics": {"loss": 0.7174496650695801, "acc": 0.47727271914482117, "AUC": 0.5070539116859436, "number_of_bets_tested": 176}}, "ans": 1}}