{"2020020291.0": {"pred": {"under": 0.30211094471117317, "over": 0.6960233864577443, "metrics": {"loss": 0.6100490689277649, "acc": 0.6645161509513855, "AUC": 0.7170239090919495, "number_of_bets_tested": 155}}, "ans": 0}, "2020020580.0": {"pred": {"under": 0.9466403637741299, "over": 0.053335918516516284, "metrics": {"loss": 0.6100490689277649, "acc": 0.6645161509513855, "AUC": 0.7170239090919495, "number_of_bets_tested": 155}}, "ans": 0}, "2020020840.0": {"pred": {"under": 0.9999959713809401, "over": 4.028619059681661e-06, "metrics": {"loss": 0.6100490689277649, "acc": 0.6645161509513855, "AUC": 0.7170239090919495, "number_of_bets_tested": 155}}, "ans": 0}}