{"2020020459.0": {"pred": {"under": 0.49370455616796993, "over": 0.5062744765169808, "metrics": {"loss": 0.8734215497970581, "acc": 0.5555555820465088, "AUC": 0.559992253780365, "number_of_bets_tested": 144}}, "ans": 0}, "2020020826.0": {"pred": {"under": 0.49370455616796993, "over": 0.5062744765169808, "metrics": {"loss": 0.8734215497970581, "acc": 0.5555555820465088, "AUC": 0.559992253780365, "number_of_bets_tested": 144}}, "ans": 1}, "2020020842.0": {"pred": {"under": 0.3843103940941405, "over": 0.6153013069558471, "metrics": {"loss": 0.8734215497970581, "acc": 0.5555555820465088, "AUC": 0.559992253780365, "number_of_bets_tested": 144}}, "ans": 0}, "2020030114.0": {"pred": {"under": 0.29669621589448464, "over": 0.7014156480969826, "metrics": {"loss": 0.8734215497970581, "acc": 0.5555555820465088, "AUC": 0.559992253780365, "number_of_bets_tested": 144}}, "ans": 0}, "2020030115.0": {"pred": {"under": 0.49370455616796993, "over": 0.5062744765169808, "metrics": {"loss": 0.8734215497970581, "acc": 0.5555555820465088, "AUC": 0.559992253780365, "number_of_bets_tested": 144}}, "ans": 1}}