{"2020020459.0": {"pred": {"under": 0.5128090928608598, "over": 0.4871205540922837, "metrics": {"loss": 0.8124573826789856, "acc": 0.5323740839958191, "AUC": 0.5031830668449402, "number_of_bets_tested": 139}}, "ans": 0}, "2020020201.0": {"pred": {"under": 0.5128090928608598, "over": 0.4871205540922837, "metrics": {"loss": 0.8124573826789856, "acc": 0.5323740839958191, "AUC": 0.5031830668449402, "number_of_bets_tested": 139}}, "ans": 1}, "2020020477.0": {"pred": {"under": 0.5748746489880757, "over": 0.42533562827905236, "metrics": {"loss": 0.8124573826789856, "acc": 0.5323740839958191, "AUC": 0.5031830668449402, "number_of_bets_tested": 139}}, "ans": 0}, "2020020151.0": {"pred": {"under": 0.7875590664168362, "over": 0.2127449305463673, "metrics": {"loss": 0.8124573826789856, "acc": 0.5323740839958191, "AUC": 0.5031830668449402, "number_of_bets_tested": 139}}, "ans": 1}, "2020020509.0": {"pred": {"under": 0.5128090928608598, "over": 0.4871205540922837, "metrics": {"loss": 0.8124573826789856, "acc": 0.5323740839958191, "AUC": 0.5031830668449402, "number_of_bets_tested": 139}}, "ans": 1}, "2020020532.0": {"pred": {"under": 0.5128090928608598, "over": 0.4871205540922837, "metrics": {"loss": 0.8124573826789856, "acc": 0.5323740839958191, "AUC": 0.5031830668449402, "number_of_bets_tested": 139}}, "ans": 0}, "2020020561.0": {"pred": {"under": 0.5128090928608598, "over": 0.4871205540922837, "metrics": {"loss": 0.8124573826789856, "acc": 0.5323740839958191, "AUC": 0.5031830668449402, "number_of_bets_tested": 139}}, "ans": 1}, "2020020549.0": {"pred": {"under": 0.5128090928608598, "over": 0.4871205540922837, "metrics": {"loss": 0.8124573826789856, "acc": 0.5323740839958191, "AUC": 0.5031830668449402, "number_of_bets_tested": 139}}, "ans": 0}, "2020020571.0": {"pred": {"under": 0.5128090928608598, "over": 0.4871205540922837, "metrics": {"loss": 0.8124573826789856, "acc": 0.5323740839958191, "AUC": 0.5031830668449402, "number_of_bets_tested": 139}}, "ans": 0}, "2020020613.0": {"pred": {"under": 0.5230633146956016, "over": 0.4769148095294754, "metrics": {"loss": 0.8124573826789856, "acc": 0.5323740839958191, "AUC": 0.5031830668449402, "number_of_bets_tested": 139}}, "ans": 1}, "2020020627.0": {"pred": {"under": 0.60872003245332, "over": 0.39161721007128253, "metrics": {"loss": 0.8124573826789856, "acc": 0.5323740839958191, "AUC": 0.5031830668449402, "number_of_bets_tested": 139}}, "ans": 0}, "2020020494.0": {"pred": {"under": 0.5128090928608598, "over": 0.4871205540922837, "metrics": {"loss": 0.8124573826789856, "acc": 0.5323740839958191, "AUC": 0.5031830668449402, "number_of_bets_tested": 139}}, "ans": 0}, "2020020650.0": {"pred": {"under": 0.5128090928608598, "over": 0.4871205540922837, "metrics": {"loss": 0.8124573826789856, "acc": 0.5323740839958191, "AUC": 0.5031830668449402, "number_of_bets_tested": 139}}, "ans": 0}, "2020020680.0": {"pred": {"under": 0.5128090928608598, "over": 0.4871205540922837, "metrics": {"loss": 0.8124573826789856, "acc": 0.5323740839958191, "AUC": 0.5031830668449402, "number_of_bets_tested": 139}}, "ans": 1}, "2020020690.0": {"pred": {"under": 0.5128090928608598, "over": 0.4871205540922837, "metrics": {"loss": 0.8124573826789856, "acc": 0.5323740839958191, "AUC": 0.5031830668449402, "number_of_bets_tested": 139}}, "ans": 1}, "2020020715.0": {"pred": {"under": 0.5128090928608598, "over": 0.4871205540922837, "metrics": {"loss": 0.8124573826789856, "acc": 0.5323740839958191, "AUC": 0.5031830668449402, "number_of_bets_tested": 139}}, "ans": 1}, "2020020166.0": {"pred": {"under": 0.5128090928608598, "over": 0.4871205540922837, "metrics": {"loss": 0.8124573826789856, "acc": 0.5323740839958191, "AUC": 0.5031830668449402, "number_of_bets_tested": 139}}, "ans": 0}, "2020020733.0": {"pred": {"under": 0.5128090928608598, "over": 0.4871205540922837, "metrics": {"loss": 0.8124573826789856, "acc": 0.5323740839958191, "AUC": 0.5031830668449402, "number_of_bets_tested": 139}}, "ans": 0}, "2020020757.0": {"pred": {"under": 0.5128090928608598, "over": 0.4871205540922837, "metrics": {"loss": 0.8124573826789856, "acc": 0.5323740839958191, "AUC": 0.5031830668449402, "number_of_bets_tested": 139}}, "ans": 0}, "2020020770.0": {"pred": {"under": 0.5128090928608598, "over": 0.4871205540922837, "metrics": {"loss": 0.8124573826789856, "acc": 0.5323740839958191, "AUC": 0.5031830668449402, "number_of_bets_tested": 139}}, "ans": 0}, "2020020785.0": {"pred": {"under": 0.5128090928608598, "over": 0.4871205540922837, "metrics": {"loss": 0.8124573826789856, "acc": 0.5323740839958191, "AUC": 0.5031830668449402, "number_of_bets_tested": 139}}, "ans": 1}, "2020020815.0": {"pred": {"under": 0.5128090928608598, "over": 0.4871205540922837, "metrics": {"loss": 0.8124573826789856, "acc": 0.5323740839958191, "AUC": 0.5031830668449402, "number_of_bets_tested": 139}}, "ans": 0}, "2020020826.0": {"pred": {"under": 0.5128090928608598, "over": 0.4871205540922837, "metrics": {"loss": 0.8124573826789856, "acc": 0.5323740839958191, "AUC": 0.5031830668449402, "number_of_bets_tested": 139}}, "ans": 1}, "2020020842.0": {"pred": {"under": 0.5128090928608598, "over": 0.4871205540922837, "metrics": {"loss": 0.8124573826789856, "acc": 0.5323740839958191, "AUC": 0.5031830668449402, "number_of_bets_tested": 139}}, "ans": 1}, "2020030112.0": {"pred": {"under": 0.5128090928608598, "over": 0.4871205540922837, "metrics": {"loss": 0.8124573826789856, "acc": 0.5323740839958191, "AUC": 0.5031830668449402, "number_of_bets_tested": 139}}, "ans": 1}, "2020030113.0": {"pred": {"under": 0.5128090928608598, "over": 0.4871205540922837, "metrics": {"loss": 0.8124573826789856, "acc": 0.5323740839958191, "AUC": 0.5031830668449402, "number_of_bets_tested": 139}}, "ans": 0}, "2020030114.0": {"pred": {"under": 0.5128090928608598, "over": 0.4871205540922837, "metrics": {"loss": 0.8124573826789856, "acc": 0.5323740839958191, "AUC": 0.5031830668449402, "number_of_bets_tested": 139}}, "ans": 1}, "2020030115.0": {"pred": {"under": 0.5128090928608598, "over": 0.4871205540922837, "metrics": {"loss": 0.8124573826789856, "acc": 0.5323740839958191, "AUC": 0.5031830668449402, "number_of_bets_tested": 139}}, "ans": 0}}