{"2020020828.0": {"pred": {"under": 0.21801905528330914, "over": 0.7822165594246646, "metrics": {"loss": 0.7415415644645691, "acc": 0.6038960814476013, "AUC": 0.655422568321228, "number_of_bets_tested": 154}}, "ans": 1}, "2020020519.0": {"pred": {"under": 0.8550756391084111, "over": 0.14468833937725245, "metrics": {"loss": 0.7415415644645691, "acc": 0.6038960814476013, "AUC": 0.655422568321228, "number_of_bets_tested": 154}}, "ans": 0}, "2020020600.0": {"pred": {"under": 0.9026709566862446, "over": 0.09722336597233423, "metrics": {"loss": 0.7415415644645691, "acc": 0.6038960814476013, "AUC": 0.655422568321228, "number_of_bets_tested": 154}}, "ans": 1}, "2020020615.0": {"pred": {"under": 0.9586708926494879, "over": 0.04131232782257586, "metrics": {"loss": 0.7415415644645691, "acc": 0.6038960814476013, "AUC": 0.655422568321228, "number_of_bets_tested": 154}}, "ans": 0}, "2020020629.0": {"pred": {"under": 0.670756673721965, "over": 0.3294896052933586, "metrics": {"loss": 0.7415415644645691, "acc": 0.6038960814476013, "AUC": 0.655422568321228, "number_of_bets_tested": 154}}, "ans": 0}, "2020020679.0": {"pred": {"under": 0.5669230295984111, "over": 0.43313853456374135, "metrics": {"loss": 0.7415415644645691, "acc": 0.6038960814476013, "AUC": 0.655422568321228, "number_of_bets_tested": 154}}, "ans": 1}, "2020030143.0": {"pred": {"under": 0.6292466995064911, "over": 0.37101794684698336, "metrics": {"loss": 0.7415415644645691, "acc": 0.6038960814476013, "AUC": 0.655422568321228, "number_of_bets_tested": 154}}, "ans": 0}, "2020030145.0": {"pred": {"under": 0.9972383741827247, "over": 0.002761630084910729, "metrics": {"loss": 0.7415415644645691, "acc": 0.6038960814476013, "AUC": 0.655422568321228, "number_of_bets_tested": 154}}, "ans": 1}}