{"2020020459.0": {"pred": {"under": 0.17350021276162264, "over": 0.8265513101415628, "metrics": {"loss": 1.0667979717254639, "acc": 0.523809552192688, "AUC": 0.5160118937492371, "number_of_bets_tested": 147}}, "ans": 1}, "2020020201.0": {"pred": {"under": 0.49338524328281064, "over": 0.5064737301321571, "metrics": {"loss": 1.0667979717254639, "acc": 0.523809552192688, "AUC": 0.5160118937492371, "number_of_bets_tested": 147}}, "ans": 1}, "2020020477.0": {"pred": {"under": 0.49338524328281064, "over": 0.5064737301321571, "metrics": {"loss": 1.0667979717254639, "acc": 0.523809552192688, "AUC": 0.5160118937492371, "number_of_bets_tested": 147}}, "ans": 1}, "2020020151.0": {"pred": {"under": 0.25742169650749214, "over": 0.7426823963711052, "metrics": {"loss": 1.0667979717254639, "acc": 0.523809552192688, "AUC": 0.5160118937492371, "number_of_bets_tested": 147}}, "ans": 1}, "2020020509.0": {"pred": {"under": 0.49338524328281064, "over": 0.5064737301321571, "metrics": {"loss": 1.0667979717254639, "acc": 0.523809552192688, "AUC": 0.5160118937492371, "number_of_bets_tested": 147}}, "ans": 1}, "2020020532.0": {"pred": {"under": 0.49338524328281064, "over": 0.5064737301321571, "metrics": {"loss": 1.0667979717254639, "acc": 0.523809552192688, "AUC": 0.5160118937492371, "number_of_bets_tested": 147}}, "ans": 0}, "2020020561.0": {"pred": {"under": 0.49338524328281064, "over": 0.5064737301321571, "metrics": {"loss": 1.0667979717254639, "acc": 0.523809552192688, "AUC": 0.5160118937492371, "number_of_bets_tested": 147}}, "ans": 0}, "2020020549.0": {"pred": {"under": 0.4722178659901339, "over": 0.5271105697352221, "metrics": {"loss": 1.0667979717254639, "acc": 0.523809552192688, "AUC": 0.5160118937492371, "number_of_bets_tested": 147}}, "ans": 0}, "2020020571.0": {"pred": {"under": 0.42402615910569386, "over": 0.576295962180289, "metrics": {"loss": 1.0667979717254639, "acc": 0.523809552192688, "AUC": 0.5160118937492371, "number_of_bets_tested": 147}}, "ans": 0}, "2020020613.0": {"pred": {"under": 1.6798076838890925e-25, "over": 1.0, "metrics": {"loss": 1.0667979717254639, "acc": 0.523809552192688, "AUC": 0.5160118937492371, "number_of_bets_tested": 147}}, "ans": 1}, "2020020627.0": {"pred": {"under": 1.2808425280980989e-05, "over": 0.9999871915747205, "metrics": {"loss": 1.0667979717254639, "acc": 0.523809552192688, "AUC": 0.5160118937492371, "number_of_bets_tested": 147}}, "ans": 1}, "2020020494.0": {"pred": {"under": 0.0011557191748429482, "over": 0.9988442811638847, "metrics": {"loss": 1.0667979717254639, "acc": 0.523809552192688, "AUC": 0.5160118937492371, "number_of_bets_tested": 147}}, "ans": 1}, "2020020650.0": {"pred": {"under": 0.003074738160264726, "over": 0.9969252666966268, "metrics": {"loss": 1.0667979717254639, "acc": 0.523809552192688, "AUC": 0.5160118937492371, "number_of_bets_tested": 147}}, "ans": 1}, "2020020680.0": {"pred": {"under": 0.005178860929833298, "over": 0.9948211763586281, "metrics": {"loss": 1.0667979717254639, "acc": 0.523809552192688, "AUC": 0.5160118937492371, "number_of_bets_tested": 147}}, "ans": 1}, "2020020690.0": {"pred": {"under": 0.26000799983558087, "over": 0.7391621093175699, "metrics": {"loss": 1.0667979717254639, "acc": 0.523809552192688, "AUC": 0.5160118937492371, "number_of_bets_tested": 147}}, "ans": 0}, "2020020715.0": {"pred": {"under": 0.04507154081727999, "over": 0.9549450017669573, "metrics": {"loss": 1.0667979717254639, "acc": 0.523809552192688, "AUC": 0.5160118937492371, "number_of_bets_tested": 147}}, "ans": 1}, "2020020166.0": {"pred": {"under": 0.11330117797771423, "over": 0.8867692088241561, "metrics": {"loss": 1.0667979717254639, "acc": 0.523809552192688, "AUC": 0.5160118937492371, "number_of_bets_tested": 147}}, "ans": 1}, "2020020733.0": {"pred": {"under": 0.01712827330594071, "over": 0.9828724985960421, "metrics": {"loss": 1.0667979717254639, "acc": 0.523809552192688, "AUC": 0.5160118937492371, "number_of_bets_tested": 147}}, "ans": 1}, "2020020757.0": {"pred": {"under": 0.1277879278914009, "over": 0.8722415473370655, "metrics": {"loss": 1.0667979717254639, "acc": 0.523809552192688, "AUC": 0.5160118937492371, "number_of_bets_tested": 147}}, "ans": 0}, "2020020770.0": {"pred": {"under": 0.4629676819518724, "over": 0.5366361616393964, "metrics": {"loss": 1.0667979717254639, "acc": 0.523809552192688, "AUC": 0.5160118937492371, "number_of_bets_tested": 147}}, "ans": 0}, "2020020785.0": {"pred": {"under": 0.4594949000369013, "over": 0.540444809284822, "metrics": {"loss": 1.0667979717254639, "acc": 0.523809552192688, "AUC": 0.5160118937492371, "number_of_bets_tested": 147}}, "ans": 1}, "2020020815.0": {"pred": {"under": 0.4648623797174715, "over": 0.5343197082921359, "metrics": {"loss": 1.0667979717254639, "acc": 0.523809552192688, "AUC": 0.5160118937492371, "number_of_bets_tested": 147}}, "ans": 1}, "2020020826.0": {"pred": {"under": 0.07078668760792302, "over": 0.9292147642108859, "metrics": {"loss": 1.0667979717254639, "acc": 0.523809552192688, "AUC": 0.5160118937492371, "number_of_bets_tested": 147}}, "ans": 1}, "2020020842.0": {"pred": {"under": 0.10675009128432662, "over": 0.8932618400364708, "metrics": {"loss": 1.0667979717254639, "acc": 0.523809552192688, "AUC": 0.5160118937492371, "number_of_bets_tested": 147}}, "ans": 1}, "2020030112.0": {"pred": {"under": 0.31995327135459867, "over": 0.6812460481237034, "metrics": {"loss": 1.0667979717254639, "acc": 0.523809552192688, "AUC": 0.5160118937492371, "number_of_bets_tested": 147}}, "ans": 1}, "2020030113.0": {"pred": {"under": 0.3876410111523928, "over": 0.6124138911376358, "metrics": {"loss": 1.0667979717254639, "acc": 0.523809552192688, "AUC": 0.5160118937492371, "number_of_bets_tested": 147}}, "ans": 0}, "2020030114.0": {"pred": {"under": 0.4244423877378063, "over": 0.5751431907569585, "metrics": {"loss": 1.0667979717254639, "acc": 0.523809552192688, "AUC": 0.5160118937492371, "number_of_bets_tested": 147}}, "ans": 0}, "2020030115.0": {"pred": {"under": 0.22131974262733303, "over": 0.7788132285528947, "metrics": {"loss": 1.0667979717254639, "acc": 0.523809552192688, "AUC": 0.5160118937492371, "number_of_bets_tested": 147}}, "ans": 1}}