{"2020020505.0": {"pred": {"under": 0.5832745262994978, "over": 0.4172279663495335, "metrics": {"loss": 0.7952477335929871, "acc": 0.6272189617156982, "AUC": 0.6300374865531921, "number_of_bets_tested": 169}}, "ans": 0}, "2020020519.0": {"pred": {"under": 0.5481123093272928, "over": 0.4524077604691717, "metrics": {"loss": 0.7952477335929871, "acc": 0.6272189617156982, "AUC": 0.6300374865531921, "number_of_bets_tested": 169}}, "ans": 1}, "2020020538.0": {"pred": {"under": 0.5066931066061038, "over": 0.49382741670711006, "metrics": {"loss": 0.7952477335929871, "acc": 0.6272189617156982, "AUC": 0.6300374865531921, "number_of_bets_tested": 169}}, "ans": 1}, "2020020547.0": {"pred": {"under": 0.5660762950903407, "over": 0.43449038568355186, "metrics": {"loss": 0.7952477335929871, "acc": 0.6272189617156982, "AUC": 0.6300374865531921, "number_of_bets_tested": 169}}, "ans": 1}, "2020020560.0": {"pred": {"under": 0.5632251673352007, "over": 0.43730511171171493, "metrics": {"loss": 0.7952477335929871, "acc": 0.6272189617156982, "AUC": 0.6300374865531921, "number_of_bets_tested": 169}}, "ans": 1}, "2020020575.0": {"pred": {"under": 0.5832745262994978, "over": 0.4172279663495335, "metrics": {"loss": 0.7952477335929871, "acc": 0.6272189617156982, "AUC": 0.6300374865531921, "number_of_bets_tested": 169}}, "ans": 1}, "2020020600.0": {"pred": {"under": 0.5832745262994978, "over": 0.4172279663495335, "metrics": {"loss": 0.7952477335929871, "acc": 0.6272189617156982, "AUC": 0.6300374865531921, "number_of_bets_tested": 169}}, "ans": 0}, "2020020615.0": {"pred": {"under": 0.5832745262994978, "over": 0.4172279663495335, "metrics": {"loss": 0.7952477335929871, "acc": 0.6272189617156982, "AUC": 0.6300374865531921, "number_of_bets_tested": 169}}, "ans": 0}, "2020020679.0": {"pred": {"under": 0.5832745262994978, "over": 0.4172279663495335, "metrics": {"loss": 0.7952477335929871, "acc": 0.6272189617156982, "AUC": 0.6300374865531921, "number_of_bets_tested": 169}}, "ans": 1}, "2020020694.0": {"pred": {"under": 0.42889348119920834, "over": 0.5711657157958933, "metrics": {"loss": 0.7952477335929871, "acc": 0.6272189617156982, "AUC": 0.6300374865531921, "number_of_bets_tested": 169}}, "ans": 1}, "2020020719.0": {"pred": {"under": 0.5832745262994978, "over": 0.4172279663495335, "metrics": {"loss": 0.7952477335929871, "acc": 0.6272189617156982, "AUC": 0.6300374865531921, "number_of_bets_tested": 169}}, "ans": 0}, "2020020773.0": {"pred": {"under": 0.5109397786642819, "over": 0.4895817044663346, "metrics": {"loss": 0.7952477335929871, "acc": 0.6272189617156982, "AUC": 0.6300374865531921, "number_of_bets_tested": 169}}, "ans": 1}, "2020020787.0": {"pred": {"under": 0.5694845183576844, "over": 0.4309330123896587, "metrics": {"loss": 0.7952477335929871, "acc": 0.6272189617156982, "AUC": 0.6300374865531921, "number_of_bets_tested": 169}}, "ans": 1}, "2020020020.0": {"pred": {"under": 0.4985860854772099, "over": 0.5014663123884582, "metrics": {"loss": 0.7952477335929871, "acc": 0.6272189617156982, "AUC": 0.6300374865531921, "number_of_bets_tested": 169}}, "ans": 1}, "2020030142.0": {"pred": {"under": 0.10637609542344396, "over": 0.8935227970973545, "metrics": {"loss": 0.7952477335929871, "acc": 0.6272189617156982, "AUC": 0.6300374865531921, "number_of_bets_tested": 169}}, "ans": 1}}