{"2020020464.0": {"pred": {"under": 0.5448448107497788, "over": 0.4537283587914405, "metrics": {"loss": 0.8786391019821167, "acc": 0.5609756112098694, "AUC": 0.5382398962974548, "number_of_bets_tested": 164}}, "ans": 0}, "2020020491.0": {"pred": {"under": 0.85417901887182, "over": 0.146042753666541, "metrics": {"loss": 0.8786391019821167, "acc": 0.5609756112098694, "AUC": 0.5382398962974548, "number_of_bets_tested": 164}}, "ans": 1}, "2020020500.0": {"pred": {"under": 0.5063573782793604, "over": 0.494082498385224, "metrics": {"loss": 0.8786391019821167, "acc": 0.5609756112098694, "AUC": 0.5382398962974548, "number_of_bets_tested": 164}}, "ans": 0}, "2020020512.0": {"pred": {"under": 0.8688092518344226, "over": 0.1313705988213818, "metrics": {"loss": 0.8786391019821167, "acc": 0.5609756112098694, "AUC": 0.5382398962974548, "number_of_bets_tested": 164}}, "ans": 1}, "2020020527.0": {"pred": {"under": 0.607488149110684, "over": 0.39278897886762226, "metrics": {"loss": 0.8786391019821167, "acc": 0.5609756112098694, "AUC": 0.5382398962974548, "number_of_bets_tested": 164}}, "ans": 1}, "2020020537.0": {"pred": {"under": 0.6014439970475696, "over": 0.3982912863461916, "metrics": {"loss": 0.8786391019821167, "acc": 0.5609756112098694, "AUC": 0.5382398962974548, "number_of_bets_tested": 164}}, "ans": 0}, "2020020552.0": {"pred": {"under": 0.6015492769580438, "over": 0.3981955728673639, "metrics": {"loss": 0.8786391019821167, "acc": 0.5609756112098694, "AUC": 0.5382398962974548, "number_of_bets_tested": 164}}, "ans": 0}, "2020020566.0": {"pred": {"under": 0.6277665700758327, "over": 0.3727834991206203, "metrics": {"loss": 0.8786391019821167, "acc": 0.5609756112098694, "AUC": 0.5382398962974548, "number_of_bets_tested": 164}}, "ans": 0}, "2020020581.0": {"pred": {"under": 0.8427319947446112, "over": 0.156931368227185, "metrics": {"loss": 0.8786391019821167, "acc": 0.5609756112098694, "AUC": 0.5382398962974548, "number_of_bets_tested": 164}}, "ans": 1}, "2020020848.0": {"pred": {"under": 0.5671154550380332, "over": 0.4306678923469132, "metrics": {"loss": 0.8786391019821167, "acc": 0.5609756112098694, "AUC": 0.5382398962974548, "number_of_bets_tested": 164}}, "ans": 0}, "2020020726.0": {"pred": {"under": 0.8275136578925602, "over": 0.17278801015882947, "metrics": {"loss": 0.8786391019821167, "acc": 0.5609756112098694, "AUC": 0.5382398962974548, "number_of_bets_tested": 164}}, "ans": 0}, "2020020760.0": {"pred": {"under": 0.9613889834629141, "over": 0.03860816271501426, "metrics": {"loss": 0.8786391019821167, "acc": 0.5609756112098694, "AUC": 0.5382398962974548, "number_of_bets_tested": 164}}, "ans": 0}, "2020020777.0": {"pred": {"under": 0.8572334189151121, "over": 0.142923848856963, "metrics": {"loss": 0.8786391019821167, "acc": 0.5609756112098694, "AUC": 0.5382398962974548, "number_of_bets_tested": 164}}, "ans": 1}, "2020020820.0": {"pred": {"under": 0.7341335980731035, "over": 0.2664040763454279, "metrics": {"loss": 0.8786391019821167, "acc": 0.5609756112098694, "AUC": 0.5382398962974548, "number_of_bets_tested": 164}}, "ans": 1}, "2020020834.0": {"pred": {"under": 0.8566368554923197, "over": 0.14355585667109597, "metrics": {"loss": 0.8786391019821167, "acc": 0.5609756112098694, "AUC": 0.5382398962974548, "number_of_bets_tested": 164}}, "ans": 0}, "2020030181.0": {"pred": {"under": 0.7380662633055589, "over": 0.2624647165743866, "metrics": {"loss": 0.8786391019821167, "acc": 0.5609756112098694, "AUC": 0.5382398962974548, "number_of_bets_tested": 164}}, "ans": 1}, "2020030182.0": {"pred": {"under": 0.9969017280680831, "over": 0.0030982810436673254, "metrics": {"loss": 0.8786391019821167, "acc": 0.5609756112098694, "AUC": 0.5382398962974548, "number_of_bets_tested": 164}}, "ans": 1}, "2020030183.0": {"pred": {"under": 0.9953908371301585, "over": 0.004609191062859856, "metrics": {"loss": 0.8786391019821167, "acc": 0.5609756112098694, "AUC": 0.5382398962974548, "number_of_bets_tested": 164}}, "ans": 1}, "2020030184.0": {"pred": {"under": 0.97132379006916, "over": 0.028683622355008105, "metrics": {"loss": 0.8786391019821167, "acc": 0.5609756112098694, "AUC": 0.5382398962974548, "number_of_bets_tested": 164}}, "ans": 1}}