{"2020020472.0": {"pred": {"under": 0.2063195120692816, "over": 0.7938143904972176, "metrics": {"loss": 0.8035838603973389, "acc": 0.5844155550003052, "AUC": 0.6282889246940613, "number_of_bets_tested": 154}}, "ans": 1}, "2020020487.0": {"pred": {"under": 0.04244857947105661, "over": 0.9575558854185579, "metrics": {"loss": 0.8035838603973389, "acc": 0.5844155550003052, "AUC": 0.6282889246940613, "number_of_bets_tested": 154}}, "ans": 1}, "2020020828.0": {"pred": {"under": 0.00591678141709252, "over": 0.9940832449072808, "metrics": {"loss": 0.8035838603973389, "acc": 0.5844155550003052, "AUC": 0.6282889246940613, "number_of_bets_tested": 154}}, "ans": 1}, "2020020505.0": {"pred": {"under": 0.00431279080297574, "over": 0.995687218304171, "metrics": {"loss": 0.8035838603973389, "acc": 0.5844155550003052, "AUC": 0.6282889246940613, "number_of_bets_tested": 154}}, "ans": 1}, "2020020519.0": {"pred": {"under": 0.1381285885803297, "over": 0.861979888015701, "metrics": {"loss": 0.8035838603973389, "acc": 0.5844155550003052, "AUC": 0.6282889246940613, "number_of_bets_tested": 154}}, "ans": 0}, "2020020600.0": {"pred": {"under": 0.7595378090285285, "over": 0.2400458574589909, "metrics": {"loss": 0.8035838603973389, "acc": 0.5844155550003052, "AUC": 0.6282889246940613, "number_of_bets_tested": 154}}, "ans": 1}, "2020020615.0": {"pred": {"under": 0.622967563656522, "over": 0.37759199974808955, "metrics": {"loss": 0.8035838603973389, "acc": 0.5844155550003052, "AUC": 0.6282889246940613, "number_of_bets_tested": 154}}, "ans": 0}, "2020020629.0": {"pred": {"under": 0.44602909360855914, "over": 0.5549370522570566, "metrics": {"loss": 0.8035838603973389, "acc": 0.5844155550003052, "AUC": 0.6282889246940613, "number_of_bets_tested": 154}}, "ans": 0}, "2020020670.0": {"pred": {"under": 0.0036913309910728844, "over": 0.996308675411687, "metrics": {"loss": 0.8035838603973389, "acc": 0.5844155550003052, "AUC": 0.6282889246940613, "number_of_bets_tested": 154}}, "ans": 0}, "2020020679.0": {"pred": {"under": 0.10814206276638846, "over": 0.8918923151723378, "metrics": {"loss": 0.8035838603973389, "acc": 0.5844155550003052, "AUC": 0.6282889246940613, "number_of_bets_tested": 154}}, "ans": 1}, "2020020694.0": {"pred": {"under": 0.0013229938385042866, "over": 0.9986770061986512, "metrics": {"loss": 0.8035838603973389, "acc": 0.5844155550003052, "AUC": 0.6282889246940613, "number_of_bets_tested": 154}}, "ans": 0}, "2020020707.0": {"pred": {"under": 0.04839389587117601, "over": 0.9516001299569816, "metrics": {"loss": 0.8035838603973389, "acc": 0.5844155550003052, "AUC": 0.6282889246940613, "number_of_bets_tested": 154}}, "ans": 0}, "2020030142.0": {"pred": {"under": 0.4059230340268052, "over": 0.5940325316817779, "metrics": {"loss": 0.8035838603973389, "acc": 0.5844155550003052, "AUC": 0.6282889246940613, "number_of_bets_tested": 154}}, "ans": 0}, "2020030143.0": {"pred": {"under": 0.4059230340268052, "over": 0.5940325316817779, "metrics": {"loss": 0.8035838603973389, "acc": 0.5844155550003052, "AUC": 0.6282889246940613, "number_of_bets_tested": 154}}, "ans": 1}, "2020030145.0": {"pred": {"under": 0.4059230340268052, "over": 0.5940325316817779, "metrics": {"loss": 0.8035838603973389, "acc": 0.5844155550003052, "AUC": 0.6282889246940613, "number_of_bets_tested": 154}}, "ans": 1}}