{"2020020481.0": {"pred": {"under": 0.39438884928352, "over": 0.6064652935849513, "metrics": {"loss": 0.7404294013977051, "acc": 0.5443786978721619, "AUC": 0.580196738243103, "number_of_bets_tested": 169}}, "ans": 1}, "2020020495.0": {"pred": {"under": 0.30009722166125513, "over": 0.6997668488137201, "metrics": {"loss": 0.7404294013977051, "acc": 0.5443786978721619, "AUC": 0.580196738243103, "number_of_bets_tested": 169}}, "ans": 1}, "2020020503.0": {"pred": {"under": 0.4842008849764439, "over": 0.5167516383972834, "metrics": {"loss": 0.7404294013977051, "acc": 0.5443786978721619, "AUC": 0.580196738243103, "number_of_bets_tested": 169}}, "ans": 0}, "2020020514.0": {"pred": {"under": 0.39954478636085866, "over": 0.6003189018294104, "metrics": {"loss": 0.7404294013977051, "acc": 0.5443786978721619, "AUC": 0.580196738243103, "number_of_bets_tested": 169}}, "ans": 1}, "2020020554.0": {"pred": {"under": 0.35696055149953215, "over": 0.6427911573565307, "metrics": {"loss": 0.7404294013977051, "acc": 0.5443786978721619, "AUC": 0.580196738243103, "number_of_bets_tested": 169}}, "ans": 0}, "2020020569.0": {"pred": {"under": 0.42229453301574665, "over": 0.5772392710319666, "metrics": {"loss": 0.7404294013977051, "acc": 0.5443786978721619, "AUC": 0.580196738243103, "number_of_bets_tested": 169}}, "ans": 1}, "2020020584.0": {"pred": {"under": 0.3982027737986145, "over": 0.6017553507215142, "metrics": {"loss": 0.7404294013977051, "acc": 0.5443786978721619, "AUC": 0.580196738243103, "number_of_bets_tested": 169}}, "ans": 1}, "2020020610.0": {"pred": {"under": 0.41370733488243655, "over": 0.5862116852653507, "metrics": {"loss": 0.7404294013977051, "acc": 0.5443786978721619, "AUC": 0.580196738243103, "number_of_bets_tested": 169}}, "ans": 1}, "2020020624.0": {"pred": {"under": 0.5294180083763168, "over": 0.47011970875564035, "metrics": {"loss": 0.7404294013977051, "acc": 0.5443786978721619, "AUC": 0.580196738243103, "number_of_bets_tested": 169}}, "ans": 1}, "2020020641.0": {"pred": {"under": 0.39412755531303284, "over": 0.6058250392734496, "metrics": {"loss": 0.7404294013977051, "acc": 0.5443786978721619, "AUC": 0.580196738243103, "number_of_bets_tested": 169}}, "ans": 1}, "2020020649.0": {"pred": {"under": 0.39412755531303284, "over": 0.6058250392734496, "metrics": {"loss": 0.7404294013977051, "acc": 0.5443786978721619, "AUC": 0.580196738243103, "number_of_bets_tested": 169}}, "ans": 1}, "2020020663.0": {"pred": {"under": 0.4258548488486163, "over": 0.5742774591367332, "metrics": {"loss": 0.7404294013977051, "acc": 0.5443786978721619, "AUC": 0.580196738243103, "number_of_bets_tested": 169}}, "ans": 1}, "2020020674.0": {"pred": {"under": 0.6824627450939778, "over": 0.31723092938067826, "metrics": {"loss": 0.7404294013977051, "acc": 0.5443786978721619, "AUC": 0.580196738243103, "number_of_bets_tested": 169}}, "ans": 0}, "2020020724.0": {"pred": {"under": 0.35859928009991787, "over": 0.6416713043233074, "metrics": {"loss": 0.7404294013977051, "acc": 0.5443786978721619, "AUC": 0.580196738243103, "number_of_bets_tested": 169}}, "ans": 0}, "2020020240.0": {"pred": {"under": 0.2825858893977895, "over": 0.7172536407441398, "metrics": {"loss": 0.7404294013977051, "acc": 0.5443786978721619, "AUC": 0.580196738243103, "number_of_bets_tested": 169}}, "ans": 1}, "2020020765.0": {"pred": {"under": 0.46014720287574395, "over": 0.5400399811705895, "metrics": {"loss": 0.7404294013977051, "acc": 0.5443786978721619, "AUC": 0.580196738243103, "number_of_bets_tested": 169}}, "ans": 0}, "2020020780.0": {"pred": {"under": 0.42535101192662345, "over": 0.5748931262244851, "metrics": {"loss": 0.7404294013977051, "acc": 0.5443786978721619, "AUC": 0.580196738243103, "number_of_bets_tested": 169}}, "ans": 0}, "2020020822.0": {"pred": {"under": 0.2132195212764447, "over": 0.7864861133436274, "metrics": {"loss": 0.7404294013977051, "acc": 0.5443786978721619, "AUC": 0.580196738243103, "number_of_bets_tested": 169}}, "ans": 1}, "2020020836.0": {"pred": {"under": 0.5898007007990953, "over": 0.41088605180062093, "metrics": {"loss": 0.7404294013977051, "acc": 0.5443786978721619, "AUC": 0.580196738243103, "number_of_bets_tested": 169}}, "ans": 0}, "2020020852.0": {"pred": {"under": 0.25546231042087253, "over": 0.7442982576944688, "metrics": {"loss": 0.7404294013977051, "acc": 0.5443786978721619, "AUC": 0.580196738243103, "number_of_bets_tested": 169}}, "ans": 0}, "2020020688.0": {"pred": {"under": 0.3467395019613276, "over": 0.6531041493715898, "metrics": {"loss": 0.7404294013977051, "acc": 0.5443786978721619, "AUC": 0.580196738243103, "number_of_bets_tested": 169}}, "ans": 0}}