{"2020030122.0": {"pred": {"under": 0.5822938497371128, "over": 0.41760420728241693, "metrics": {"loss": 1.148210883140564, "acc": 0.4882352948188782, "AUC": 0.48223185539245605, "number_of_bets_tested": 170}}, "ans": 1}, "2020030123.0": {"pred": {"under": 0.5585938701987293, "over": 0.44128219829142085, "metrics": {"loss": 1.148210883140564, "acc": 0.4882352948188782, "AUC": 0.48223185539245605, "number_of_bets_tested": 170}}, "ans": 0}, "2020030124.0": {"pred": {"under": 0.11097581695543704, "over": 0.8891158722997461, "metrics": {"loss": 1.148210883140564, "acc": 0.4882352948188782, "AUC": 0.48223185539245605, "number_of_bets_tested": 170}}, "ans": 1}, "2020030125.0": {"pred": {"under": 0.321574964439726, "over": 0.6775138556111321, "metrics": {"loss": 1.148210883140564, "acc": 0.4882352948188782, "AUC": 0.48223185539245605, "number_of_bets_tested": 170}}, "ans": 1}}