{"2020020291.0": {"pred": {"under": 0.5803695860449987, "over": 0.4207304916268406, "metrics": {"loss": 0.7136288285255432, "acc": 0.522580623626709, "AUC": 0.553818941116333, "number_of_bets_tested": 155}}, "ans": 0}, "2020020517.0": {"pred": {"under": 0.6230214549017263, "over": 0.37795010714146393, "metrics": {"loss": 0.7136288285255432, "acc": 0.522580623626709, "AUC": 0.553818941116333, "number_of_bets_tested": 155}}, "ans": 1}, "2020020524.0": {"pred": {"under": 0.08948670671660647, "over": 0.9105347231533003, "metrics": {"loss": 0.7136288285255432, "acc": 0.522580623626709, "AUC": 0.553818941116333, "number_of_bets_tested": 155}}, "ans": 0}, "2020020558.0": {"pred": {"under": 0.23371999830741888, "over": 0.7658687830072602, "metrics": {"loss": 0.7136288285255432, "acc": 0.522580623626709, "AUC": 0.553818941116333, "number_of_bets_tested": 155}}, "ans": 1}, "2020020573.0": {"pred": {"under": 0.47304224258698657, "over": 0.5272466461616762, "metrics": {"loss": 0.7136288285255432, "acc": 0.522580623626709, "AUC": 0.553818941116333, "number_of_bets_tested": 155}}, "ans": 1}, "2020020580.0": {"pred": {"under": 0.8012908287733562, "over": 0.1999175770102821, "metrics": {"loss": 0.7136288285255432, "acc": 0.522580623626709, "AUC": 0.553818941116333, "number_of_bets_tested": 155}}, "ans": 1}, "2020020612.0": {"pred": {"under": 0.4783536253695966, "over": 0.5220337163379198, "metrics": {"loss": 0.7136288285255432, "acc": 0.522580623626709, "AUC": 0.553818941116333, "number_of_bets_tested": 155}}, "ans": 0}, "2020020628.0": {"pred": {"under": 0.3834352859935622, "over": 0.6168430274251199, "metrics": {"loss": 0.7136288285255432, "acc": 0.522580623626709, "AUC": 0.553818941116333, "number_of_bets_tested": 155}}, "ans": 0}, "2020020229.0": {"pred": {"under": 0.03861433130355428, "over": 0.9613898284639882, "metrics": {"loss": 0.7136288285255432, "acc": 0.522580623626709, "AUC": 0.553818941116333, "number_of_bets_tested": 155}}, "ans": 0}, "2020020714.0": {"pred": {"under": 0.416321351771753, "over": 0.5836201913609256, "metrics": {"loss": 0.7136288285255432, "acc": 0.522580623626709, "AUC": 0.553818941116333, "number_of_bets_tested": 155}}, "ans": 1}, "2020020202.0": {"pred": {"under": 0.45340653403215414, "over": 0.546794397142806, "metrics": {"loss": 0.7136288285255432, "acc": 0.522580623626709, "AUC": 0.553818941116333, "number_of_bets_tested": 155}}, "ans": 1}, "2020020677.0": {"pred": {"under": 0.8027149421580726, "over": 0.1978944366342283, "metrics": {"loss": 0.7136288285255432, "acc": 0.522580623626709, "AUC": 0.553818941116333, "number_of_bets_tested": 155}}, "ans": 1}, "2020020692.0": {"pred": {"under": 0.6622492293004405, "over": 0.33814452947933243, "metrics": {"loss": 0.7136288285255432, "acc": 0.522580623626709, "AUC": 0.553818941116333, "number_of_bets_tested": 155}}, "ans": 0}, "2020020701.0": {"pred": {"under": 0.43199851695365593, "over": 0.567996137174613, "metrics": {"loss": 0.7136288285255432, "acc": 0.522580623626709, "AUC": 0.553818941116333, "number_of_bets_tested": 155}}, "ans": 1}, "2020020730.0": {"pred": {"under": 0.7361840730860508, "over": 0.26559572709416335, "metrics": {"loss": 0.7136288285255432, "acc": 0.522580623626709, "AUC": 0.553818941116333, "number_of_bets_tested": 155}}, "ans": 1}, "2020020447.0": {"pred": {"under": 0.48937968415717636, "over": 0.5109190418973608, "metrics": {"loss": 0.7136288285255432, "acc": 0.522580623626709, "AUC": 0.553818941116333, "number_of_bets_tested": 155}}, "ans": 1}, "2020020785.0": {"pred": {"under": 0.7679984491853413, "over": 0.23229163927481503, "metrics": {"loss": 0.7136288285255432, "acc": 0.522580623626709, "AUC": 0.553818941116333, "number_of_bets_tested": 155}}, "ans": 1}, "2020020840.0": {"pred": {"under": 0.9999165966658924, "over": 8.340333442896831e-05, "metrics": {"loss": 0.7136288285255432, "acc": 0.522580623626709, "AUC": 0.553818941116333, "number_of_bets_tested": 155}}, "ans": 0}, "2020030122.0": {"pred": {"under": 0.41050031936452935, "over": 0.5894222868996113, "metrics": {"loss": 0.7136288285255432, "acc": 0.522580623626709, "AUC": 0.553818941116333, "number_of_bets_tested": 155}}, "ans": 1}, "2020030123.0": {"pred": {"under": 0.03019932073422766, "over": 0.9697970791140734, "metrics": {"loss": 0.7136288285255432, "acc": 0.522580623626709, "AUC": 0.553818941116333, "number_of_bets_tested": 155}}, "ans": 1}, "2020030124.0": {"pred": {"under": 0.7512030279530799, "over": 0.24960410733168426, "metrics": {"loss": 0.7136288285255432, "acc": 0.522580623626709, "AUC": 0.553818941116333, "number_of_bets_tested": 155}}, "ans": 0}, "2020030125.0": {"pred": {"under": 0.029284992695087615, "over": 0.9707160193600615, "metrics": {"loss": 0.7136288285255432, "acc": 0.522580623626709, "AUC": 0.553818941116333, "number_of_bets_tested": 155}}, "ans": 0}}