{"2020020823.0": {"pred": {"under": 0.981527281303835, "over": 0.0184721187457677, "metrics": {"loss": 0.5953065752983093, "acc": 0.6744186282157898, "AUC": 0.7533632516860962, "number_of_bets_tested": 172}}, "ans": 0}}