{"2020020462.0": {"pred": {"under": 0.564017696816922, "over": 0.4361431512059407, "metrics": {"loss": 0.848890483379364, "acc": 0.5029940009117126, "AUC": 0.5130338072776794, "number_of_bets_tested": 167}}, "ans": 0}, "2020020469.0": {"pred": {"under": 0.49290851813333986, "over": 0.509016355201563, "metrics": {"loss": 0.848890483379364, "acc": 0.5029940009117126, "AUC": 0.5130338072776794, "number_of_bets_tested": 167}}, "ans": 1}, "2020020484.0": {"pred": {"under": 0.6070937273070363, "over": 0.3939148980081745, "metrics": {"loss": 0.848890483379364, "acc": 0.5029940009117126, "AUC": 0.5130338072776794, "number_of_bets_tested": 167}}, "ans": 0}, "2020020755.0": {"pred": {"under": 0.6308458736371181, "over": 0.3701306600266277, "metrics": {"loss": 0.848890483379364, "acc": 0.5029940009117126, "AUC": 0.5130338072776794, "number_of_bets_tested": 167}}, "ans": 1}, "2020020504.0": {"pred": {"under": 0.6621781524245739, "over": 0.3376458228474863, "metrics": {"loss": 0.848890483379364, "acc": 0.5029940009117126, "AUC": 0.5130338072776794, "number_of_bets_tested": 167}}, "ans": 0}, "2020020516.0": {"pred": {"under": 0.564017696816922, "over": 0.4361431512059407, "metrics": {"loss": 0.848890483379364, "acc": 0.5029940009117126, "AUC": 0.5130338072776794, "number_of_bets_tested": 167}}, "ans": 1}, "2020020548.0": {"pred": {"under": 0.564017696816922, "over": 0.4361431512059407, "metrics": {"loss": 0.848890483379364, "acc": 0.5029940009117126, "AUC": 0.5130338072776794, "number_of_bets_tested": 167}}, "ans": 1}, "2020020557.0": {"pred": {"under": 0.5830194109919353, "over": 0.4171437243995059, "metrics": {"loss": 0.848890483379364, "acc": 0.5029940009117126, "AUC": 0.5130338072776794, "number_of_bets_tested": 167}}, "ans": 1}, "2020020390.0": {"pred": {"under": 0.619742079770785, "over": 0.3804915697398131, "metrics": {"loss": 0.848890483379364, "acc": 0.5029940009117126, "AUC": 0.5130338072776794, "number_of_bets_tested": 167}}, "ans": 0}, "2020020614.0": {"pred": {"under": 0.5918225267143093, "over": 0.40797230085380937, "metrics": {"loss": 0.848890483379364, "acc": 0.5029940009117126, "AUC": 0.5130338072776794, "number_of_bets_tested": 167}}, "ans": 0}, "2020020626.0": {"pred": {"under": 0.729152163731867, "over": 0.27163090958106806, "metrics": {"loss": 0.848890483379364, "acc": 0.5029940009117126, "AUC": 0.5130338072776794, "number_of_bets_tested": 167}}, "ans": 0}, "2020020202.0": {"pred": {"under": 0.564017696816922, "over": 0.4361431512059407, "metrics": {"loss": 0.848890483379364, "acc": 0.5029940009117126, "AUC": 0.5130338072776794, "number_of_bets_tested": 167}}, "ans": 0}, "2020020680.0": {"pred": {"under": 0.6648924202944174, "over": 0.33634833369608447, "metrics": {"loss": 0.848890483379364, "acc": 0.5029940009117126, "AUC": 0.5130338072776794, "number_of_bets_tested": 167}}, "ans": 0}, "2020020692.0": {"pred": {"under": 0.6105409504759935, "over": 0.38803299074953757, "metrics": {"loss": 0.848890483379364, "acc": 0.5029940009117126, "AUC": 0.5130338072776794, "number_of_bets_tested": 167}}, "ans": 0}, "2020020703.0": {"pred": {"under": 0.7568629977954601, "over": 0.24386995082832055, "metrics": {"loss": 0.848890483379364, "acc": 0.5029940009117126, "AUC": 0.5130338072776794, "number_of_bets_tested": 167}}, "ans": 0}, "2020020254.0": {"pred": {"under": 0.7241269339119548, "over": 0.27659452716107935, "metrics": {"loss": 0.848890483379364, "acc": 0.5029940009117126, "AUC": 0.5130338072776794, "number_of_bets_tested": 167}}, "ans": 1}, "2020020739.0": {"pred": {"under": 0.564017696816922, "over": 0.4361431512059407, "metrics": {"loss": 0.848890483379364, "acc": 0.5029940009117126, "AUC": 0.5130338072776794, "number_of_bets_tested": 167}}, "ans": 1}, "2020020216.0": {"pred": {"under": 0.564017696816922, "over": 0.4361431512059407, "metrics": {"loss": 0.848890483379364, "acc": 0.5029940009117126, "AUC": 0.5130338072776794, "number_of_bets_tested": 167}}, "ans": 1}, "2020020716.0": {"pred": {"under": 0.5695568384991901, "over": 0.4299561963736964, "metrics": {"loss": 0.848890483379364, "acc": 0.5029940009117126, "AUC": 0.5130338072776794, "number_of_bets_tested": 167}}, "ans": 1}, "2020020783.0": {"pred": {"under": 0.6522814342858657, "over": 0.3473545666820305, "metrics": {"loss": 0.848890483379364, "acc": 0.5029940009117126, "AUC": 0.5130338072776794, "number_of_bets_tested": 167}}, "ans": 0}, "2020020815.0": {"pred": {"under": 0.5783611103812201, "over": 0.42100061229777497, "metrics": {"loss": 0.848890483379364, "acc": 0.5029940009117126, "AUC": 0.5130338072776794, "number_of_bets_tested": 167}}, "ans": 1}, "2020020826.0": {"pred": {"under": 0.5940230432756195, "over": 0.4045982085447554, "metrics": {"loss": 0.848890483379364, "acc": 0.5029940009117126, "AUC": 0.5130338072776794, "number_of_bets_tested": 167}}, "ans": 0}, "2020020840.0": {"pred": {"under": 0.808196570063973, "over": 0.1926853418897435, "metrics": {"loss": 0.848890483379364, "acc": 0.5029940009117126, "AUC": 0.5130338072776794, "number_of_bets_tested": 167}}, "ans": 0}}