{"2020020186.0": {"pred": {"under": 0.4738926075989711, "over": 0.5263959836844803, "metrics": {"loss": 2.5886759757995605, "acc": 0.6057142615318298, "AUC": 0.5877060890197754, "number_of_bets_tested": 175}}, "ans": 0}, "2020020461.0": {"pred": {"under": 0.45135354892974106, "over": 0.5481611609791988, "metrics": {"loss": 2.5886759757995605, "acc": 0.6057142615318298, "AUC": 0.5877060890197754, "number_of_bets_tested": 175}}, "ans": 0}, "2020020502.0": {"pred": {"under": 0.4738926075989711, "over": 0.5263959836844803, "metrics": {"loss": 2.5886759757995605, "acc": 0.6057142615318298, "AUC": 0.5877060890197754, "number_of_bets_tested": 175}}, "ans": 0}, "2020020528.0": {"pred": {"under": 0.4738926075989711, "over": 0.5263959836844803, "metrics": {"loss": 2.5886759757995605, "acc": 0.6057142615318298, "AUC": 0.5877060890197754, "number_of_bets_tested": 175}}, "ans": 1}, "2020020209.0": {"pred": {"under": 0.4738926075989711, "over": 0.5263959836844803, "metrics": {"loss": 2.5886759757995605, "acc": 0.6057142615318298, "AUC": 0.5877060890197754, "number_of_bets_tested": 175}}, "ans": 1}, "2020020583.0": {"pred": {"under": 0.4738926075989711, "over": 0.5263959836844803, "metrics": {"loss": 2.5886759757995605, "acc": 0.6057142615318298, "AUC": 0.5877060890197754, "number_of_bets_tested": 175}}, "ans": 1}, "2020020604.0": {"pred": {"under": 0.4738926075989711, "over": 0.5263959836844803, "metrics": {"loss": 2.5886759757995605, "acc": 0.6057142615318298, "AUC": 0.5877060890197754, "number_of_bets_tested": 175}}, "ans": 0}, "2020020610.0": {"pred": {"under": 0.4738926075989711, "over": 0.5263959836844803, "metrics": {"loss": 2.5886759757995605, "acc": 0.6057142615318298, "AUC": 0.5877060890197754, "number_of_bets_tested": 175}}, "ans": 1}, "2020020624.0": {"pred": {"under": 0.4738926075989711, "over": 0.5263959836844803, "metrics": {"loss": 2.5886759757995605, "acc": 0.6057142615318298, "AUC": 0.5877060890197754, "number_of_bets_tested": 175}}, "ans": 0}, "2020020639.0": {"pred": {"under": 0.4738926075989711, "over": 0.5263959836844803, "metrics": {"loss": 2.5886759757995605, "acc": 0.6057142615318298, "AUC": 0.5877060890197754, "number_of_bets_tested": 175}}, "ans": 0}, "2020020655.0": {"pred": {"under": 0.4738926075989711, "over": 0.5263959836844803, "metrics": {"loss": 2.5886759757995605, "acc": 0.6057142615318298, "AUC": 0.5877060890197754, "number_of_bets_tested": 175}}, "ans": 0}, "2020020225.0": {"pred": {"under": 0.3002654715330905, "over": 0.6997291470032205, "metrics": {"loss": 2.5886759757995605, "acc": 0.6057142615318298, "AUC": 0.5877060890197754, "number_of_bets_tested": 175}}, "ans": 1}, "2020020700.0": {"pred": {"under": 0.4738926075989711, "over": 0.5263959836844803, "metrics": {"loss": 2.5886759757995605, "acc": 0.6057142615318298, "AUC": 0.5877060890197754, "number_of_bets_tested": 175}}, "ans": 1}, "2020020712.0": {"pred": {"under": 0.4056581945047592, "over": 0.5944429525792488, "metrics": {"loss": 2.5886759757995605, "acc": 0.6057142615318298, "AUC": 0.5877060890197754, "number_of_bets_tested": 175}}, "ans": 0}, "2020020727.0": {"pred": {"under": 0.23510907404970324, "over": 0.764894911283833, "metrics": {"loss": 2.5886759757995605, "acc": 0.6057142615318298, "AUC": 0.5877060890197754, "number_of_bets_tested": 175}}, "ans": 1}, "2020020766.0": {"pred": {"under": 0.21721237540683078, "over": 0.7827541441784935, "metrics": {"loss": 2.5886759757995605, "acc": 0.6057142615318298, "AUC": 0.5877060890197754, "number_of_bets_tested": 175}}, "ans": 1}, "2020020781.0": {"pred": {"under": 0.4738926075989711, "over": 0.5263959836844803, "metrics": {"loss": 2.5886759757995605, "acc": 0.6057142615318298, "AUC": 0.5877060890197754, "number_of_bets_tested": 175}}, "ans": 1}, "2020020822.0": {"pred": {"under": 0.4738926075989711, "over": 0.5263959836844803, "metrics": {"loss": 2.5886759757995605, "acc": 0.6057142615318298, "AUC": 0.5877060890197754, "number_of_bets_tested": 175}}, "ans": 1}, "2020020836.0": {"pred": {"under": 0.4208351769804144, "over": 0.5793589813501323, "metrics": {"loss": 2.5886759757995605, "acc": 0.6057142615318298, "AUC": 0.5877060890197754, "number_of_bets_tested": 175}}, "ans": 1}}