{"2020020291.0": {"pred": {"under": 0.5719591703431224, "over": 0.42839404731498587, "metrics": {"loss": 0.8234047293663025, "acc": 0.5963855385780334, "AUC": 0.6371933817863464, "number_of_bets_tested": 166}}, "ans": 0}, "2020020517.0": {"pred": {"under": 0.6127669566843599, "over": 0.3875391105186146, "metrics": {"loss": 0.8234047293663025, "acc": 0.5963855385780334, "AUC": 0.6371933817863464, "number_of_bets_tested": 166}}, "ans": 0}, "2020020524.0": {"pred": {"under": 0.587271389702197, "over": 0.4130652306461332, "metrics": {"loss": 0.8234047293663025, "acc": 0.5963855385780334, "AUC": 0.6371933817863464, "number_of_bets_tested": 166}}, "ans": 1}, "2020020558.0": {"pred": {"under": 0.5978062357307282, "over": 0.40290385963764813, "metrics": {"loss": 0.8234047293663025, "acc": 0.5963855385780334, "AUC": 0.6371933817863464, "number_of_bets_tested": 166}}, "ans": 0}, "2020020573.0": {"pred": {"under": 0.5774868227404822, "over": 0.4228605762524638, "metrics": {"loss": 0.8234047293663025, "acc": 0.5963855385780334, "AUC": 0.6371933817863464, "number_of_bets_tested": 166}}, "ans": 0}, "2020020580.0": {"pred": {"under": 0.6159501477463686, "over": 0.3843655702980313, "metrics": {"loss": 0.8234047293663025, "acc": 0.5963855385780334, "AUC": 0.6371933817863464, "number_of_bets_tested": 166}}, "ans": 0}, "2020020612.0": {"pred": {"under": 0.5755561610626886, "over": 0.42479329587609704, "metrics": {"loss": 0.8234047293663025, "acc": 0.5963855385780334, "AUC": 0.6371933817863464, "number_of_bets_tested": 166}}, "ans": 0}, "2020020628.0": {"pred": {"under": 0.5266991269143678, "over": 0.47367338672498255, "metrics": {"loss": 0.8234047293663025, "acc": 0.5963855385780334, "AUC": 0.6371933817863464, "number_of_bets_tested": 166}}, "ans": 0}, "2020020229.0": {"pred": {"under": 0.6276697437965597, "over": 0.37261712595449975, "metrics": {"loss": 0.8234047293663025, "acc": 0.5963855385780334, "AUC": 0.6371933817863464, "number_of_bets_tested": 166}}, "ans": 1}, "2020020714.0": {"pred": {"under": 0.5619116065978395, "over": 0.43845166628443766, "metrics": {"loss": 0.8234047293663025, "acc": 0.5963855385780334, "AUC": 0.6371933817863464, "number_of_bets_tested": 166}}, "ans": 1}, "2020020202.0": {"pred": {"under": 0.5486283314181878, "over": 0.45174710255168493, "metrics": {"loss": 0.8234047293663025, "acc": 0.5963855385780334, "AUC": 0.6371933817863464, "number_of_bets_tested": 166}}, "ans": 1}, "2020020677.0": {"pred": {"under": 0.5207397928103286, "over": 0.4794154303230847, "metrics": {"loss": 0.8234047293663025, "acc": 0.5963855385780334, "AUC": 0.6371933817863464, "number_of_bets_tested": 166}}, "ans": 0}, "2020020692.0": {"pred": {"under": 0.5760662190382352, "over": 0.4242826913174435, "metrics": {"loss": 0.8234047293663025, "acc": 0.5963855385780334, "AUC": 0.6371933817863464, "number_of_bets_tested": 166}}, "ans": 1}, "2020020701.0": {"pred": {"under": 0.5935826447282844, "over": 0.4067467231393967, "metrics": {"loss": 0.8234047293663025, "acc": 0.5963855385780334, "AUC": 0.6371933817863464, "number_of_bets_tested": 166}}, "ans": 1}, "2020020730.0": {"pred": {"under": 0.5226577500532685, "over": 0.4776411894988919, "metrics": {"loss": 0.8234047293663025, "acc": 0.5963855385780334, "AUC": 0.6371933817863464, "number_of_bets_tested": 166}}, "ans": 0}, "2020020447.0": {"pred": {"under": 0.5165701612180034, "over": 0.4836800079275458, "metrics": {"loss": 0.8234047293663025, "acc": 0.5963855385780334, "AUC": 0.6371933817863464, "number_of_bets_tested": 166}}, "ans": 0}, "2020020785.0": {"pred": {"under": 0.549956713407892, "over": 0.45041756006253764, "metrics": {"loss": 0.8234047293663025, "acc": 0.5963855385780334, "AUC": 0.6371933817863464, "number_of_bets_tested": 166}}, "ans": 0}, "2020020814.0": {"pred": {"under": 0.5821933724571599, "over": 0.4181489128632851, "metrics": {"loss": 0.8234047293663025, "acc": 0.5963855385780334, "AUC": 0.6371933817863464, "number_of_bets_tested": 166}}, "ans": 0}, "2020020830.0": {"pred": {"under": 0.5950904322579594, "over": 0.4052371691528562, "metrics": {"loss": 0.8234047293663025, "acc": 0.5963855385780334, "AUC": 0.6371933817863464, "number_of_bets_tested": 166}}, "ans": 0}, "2020020840.0": {"pred": {"under": 0.779319683206664, "over": 0.22085167171892114, "metrics": {"loss": 0.8234047293663025, "acc": 0.5963855385780334, "AUC": 0.6371933817863464, "number_of_bets_tested": 166}}, "ans": 1}}