{"2020020291.0": {"pred": {"under": 0.25656629367761385, "over": 0.742103160467815, "metrics": {"loss": 0.7725650668144226, "acc": 0.5301204919815063, "AUC": 0.574521005153656, "number_of_bets_tested": 166}}, "ans": 1}, "2020020517.0": {"pred": {"under": 0.5499342254190466, "over": 0.4491743280439262, "metrics": {"loss": 0.7725650668144226, "acc": 0.5301204919815063, "AUC": 0.574521005153656, "number_of_bets_tested": 166}}, "ans": 0}, "2020020524.0": {"pred": {"under": 0.5441284210149183, "over": 0.4550056244219564, "metrics": {"loss": 0.7725650668144226, "acc": 0.5301204919815063, "AUC": 0.574521005153656, "number_of_bets_tested": 166}}, "ans": 1}, "2020020558.0": {"pred": {"under": 0.49123892418647025, "over": 0.5086373337570596, "metrics": {"loss": 0.7725650668144226, "acc": 0.5301204919815063, "AUC": 0.574521005153656, "number_of_bets_tested": 166}}, "ans": 0}, "2020020573.0": {"pred": {"under": 0.7905532846796746, "over": 0.20835304304916538, "metrics": {"loss": 0.7725650668144226, "acc": 0.5301204919815063, "AUC": 0.574521005153656, "number_of_bets_tested": 166}}, "ans": 0}, "2020020580.0": {"pred": {"under": 0.6128348655375044, "over": 0.38552458327525263, "metrics": {"loss": 0.7725650668144226, "acc": 0.5301204919815063, "AUC": 0.574521005153656, "number_of_bets_tested": 166}}, "ans": 1}, "2020020612.0": {"pred": {"under": 0.49123892418647025, "over": 0.5086373337570596, "metrics": {"loss": 0.7725650668144226, "acc": 0.5301204919815063, "AUC": 0.574521005153656, "number_of_bets_tested": 166}}, "ans": 0}, "2020020628.0": {"pred": {"under": 0.4734999468536364, "over": 0.526709223039186, "metrics": {"loss": 0.7725650668144226, "acc": 0.5301204919815063, "AUC": 0.574521005153656, "number_of_bets_tested": 166}}, "ans": 0}, "2020020229.0": {"pred": {"under": 0.6300346786827823, "over": 0.3685845742110046, "metrics": {"loss": 0.7725650668144226, "acc": 0.5301204919815063, "AUC": 0.574521005153656, "number_of_bets_tested": 166}}, "ans": 1}, "2020020202.0": {"pred": {"under": 0.5294024499144232, "over": 0.4670531179230536, "metrics": {"loss": 0.7725650668144226, "acc": 0.5301204919815063, "AUC": 0.574521005153656, "number_of_bets_tested": 166}}, "ans": 1}, "2020020677.0": {"pred": {"under": 0.2776291261450729, "over": 0.7220691309818847, "metrics": {"loss": 0.7725650668144226, "acc": 0.5301204919815063, "AUC": 0.574521005153656, "number_of_bets_tested": 166}}, "ans": 1}, "2020020692.0": {"pred": {"under": 0.12318810552015169, "over": 0.8767338653477382, "metrics": {"loss": 0.7725650668144226, "acc": 0.5301204919815063, "AUC": 0.574521005153656, "number_of_bets_tested": 166}}, "ans": 1}, "2020020701.0": {"pred": {"under": 0.38759699491835825, "over": 0.6109981789747224, "metrics": {"loss": 0.7725650668144226, "acc": 0.5301204919815063, "AUC": 0.574521005153656, "number_of_bets_tested": 166}}, "ans": 1}, "2020020730.0": {"pred": {"under": 0.6144170898783528, "over": 0.3839455900542071, "metrics": {"loss": 0.7725650668144226, "acc": 0.5301204919815063, "AUC": 0.574521005153656, "number_of_bets_tested": 166}}, "ans": 0}, "2020020447.0": {"pred": {"under": 0.6413483190489618, "over": 0.35649514509233576, "metrics": {"loss": 0.7725650668144226, "acc": 0.5301204919815063, "AUC": 0.574521005153656, "number_of_bets_tested": 166}}, "ans": 0}, "2020020785.0": {"pred": {"under": 0.6532827574511834, "over": 0.34422532149011104, "metrics": {"loss": 0.7725650668144226, "acc": 0.5301204919815063, "AUC": 0.574521005153656, "number_of_bets_tested": 166}}, "ans": 1}, "2020020840.0": {"pred": {"under": 0.8830605852458409, "over": 0.11649062540946963, "metrics": {"loss": 0.7725650668144226, "acc": 0.5301204919815063, "AUC": 0.574521005153656, "number_of_bets_tested": 166}}, "ans": 1}, "2020030122.0": {"pred": {"under": 0.49123892418647025, "over": 0.5086373337570596, "metrics": {"loss": 0.7725650668144226, "acc": 0.5301204919815063, "AUC": 0.574521005153656, "number_of_bets_tested": 166}}, "ans": 0}, "2020030123.0": {"pred": {"under": 0.6469790103426707, "over": 0.3520854758657176, "metrics": {"loss": 0.7725650668144226, "acc": 0.5301204919815063, "AUC": 0.574521005153656, "number_of_bets_tested": 166}}, "ans": 0}, "2020030124.0": {"pred": {"under": 0.6023402637643558, "over": 0.39766482264324526, "metrics": {"loss": 0.7725650668144226, "acc": 0.5301204919815063, "AUC": 0.574521005153656, "number_of_bets_tested": 166}}, "ans": 0}, "2020030125.0": {"pred": {"under": 0.772623968127798, "over": 0.22686313478457204, "metrics": {"loss": 0.7725650668144226, "acc": 0.5301204919815063, "AUC": 0.574521005153656, "number_of_bets_tested": 166}}, "ans": 1}}