{"2020020486.0": {"pred": {"under": 0.6493667216142802, "over": 0.3502497825433642, "metrics": {"loss": 0.9125320315361023, "acc": 0.7142857313156128, "AUC": 0.7414795756340027, "number_of_bets_tested": 140}}, "ans": 1}, "2020020828.0": {"pred": {"under": 0.6499824601706872, "over": 0.3493871979260714, "metrics": {"loss": 0.9125320315361023, "acc": 0.7142857313156128, "AUC": 0.7414795756340027, "number_of_bets_tested": 140}}, "ans": 1}, "2020020507.0": {"pred": {"under": 0.6393091743214925, "over": 0.3602752990973696, "metrics": {"loss": 0.9125320315361023, "acc": 0.7142857313156128, "AUC": 0.7414795756340027, "number_of_bets_tested": 140}}, "ans": 0}, "2020020679.0": {"pred": {"under": 0.8933744993858587, "over": 0.10650622619808646, "metrics": {"loss": 0.9125320315361023, "acc": 0.7142857313156128, "AUC": 0.7414795756340027, "number_of_bets_tested": 140}}, "ans": 1}, "2020020731.0": {"pred": {"under": 0.6705125216061485, "over": 0.3290594703226526, "metrics": {"loss": 0.9125320315361023, "acc": 0.7142857313156128, "AUC": 0.7414795756340027, "number_of_bets_tested": 140}}, "ans": 0}, "2020020772.0": {"pred": {"under": 0.7959376616135281, "over": 0.20431068711773936, "metrics": {"loss": 0.9125320315361023, "acc": 0.7142857313156128, "AUC": 0.7414795756340027, "number_of_bets_tested": 140}}, "ans": 1}, "2020020347.0": {"pred": {"under": 0.7515682324529537, "over": 0.24794127403262148, "metrics": {"loss": 0.9125320315361023, "acc": 0.7142857313156128, "AUC": 0.7414795756340027, "number_of_bets_tested": 140}}, "ans": 0}, "2020020048.0": {"pred": {"under": 0.776696042009405, "over": 0.22352017338114583, "metrics": {"loss": 0.9125320315361023, "acc": 0.7142857313156128, "AUC": 0.7414795756340027, "number_of_bets_tested": 140}}, "ans": 0}, "2020030143.0": {"pred": {"under": 0.7870021621518681, "over": 0.2127573851769072, "metrics": {"loss": 0.9125320315361023, "acc": 0.7142857313156128, "AUC": 0.7414795756340027, "number_of_bets_tested": 140}}, "ans": 0}, "2020030145.0": {"pred": {"under": 0.849015032899038, "over": 0.15070313453558762, "metrics": {"loss": 0.9125320315361023, "acc": 0.7142857313156128, "AUC": 0.7414795756340027, "number_of_bets_tested": 140}}, "ans": 1}}