{"2020020459.0": {"pred": {"under": 0.5558018111048768, "over": 0.4442404379987561, "metrics": {"loss": 0.7208045125007629, "acc": 0.5632184147834778, "AUC": 0.6024739146232605, "number_of_bets_tested": 174}}, "ans": 1}, "2020020515.0": {"pred": {"under": 0.5558933966193547, "over": 0.4441487292454969, "metrics": {"loss": 0.7208045125007629, "acc": 0.5632184147834778, "AUC": 0.6024739146232605, "number_of_bets_tested": 174}}, "ans": 0}, "2020020556.0": {"pred": {"under": 0.6237530933055501, "over": 0.3762070331603105, "metrics": {"loss": 0.7208045125007629, "acc": 0.5632184147834778, "AUC": 0.6024739146232605, "number_of_bets_tested": 174}}, "ans": 1}, "2020020571.0": {"pred": {"under": 0.5556200232782438, "over": 0.4444224668474685, "metrics": {"loss": 0.7208045125007629, "acc": 0.5632184147834778, "AUC": 0.6024739146232605, "number_of_bets_tested": 174}}, "ans": 1}, "2020020390.0": {"pred": {"under": 0.6736495914916133, "over": 0.32626876968189594, "metrics": {"loss": 0.7208045125007629, "acc": 0.5632184147834778, "AUC": 0.6024739146232605, "number_of_bets_tested": 174}}, "ans": 0}, "2020020614.0": {"pred": {"under": 0.5558933966193547, "over": 0.4441487292454969, "metrics": {"loss": 0.7208045125007629, "acc": 0.5632184147834778, "AUC": 0.6024739146232605, "number_of_bets_tested": 174}}, "ans": 0}, "2020020628.0": {"pred": {"under": 0.8519220747411751, "over": 0.14801884197044865, "metrics": {"loss": 0.7208045125007629, "acc": 0.5632184147834778, "AUC": 0.6024739146232605, "number_of_bets_tested": 174}}, "ans": 1}, "2020020714.0": {"pred": {"under": 0.5558933966193547, "over": 0.4441487292454969, "metrics": {"loss": 0.7208045125007629, "acc": 0.5632184147834778, "AUC": 0.6024739146232605, "number_of_bets_tested": 174}}, "ans": 0}, "2020020195.0": {"pred": {"under": 0.2249999325290813, "over": 0.7751784346379347, "metrics": {"loss": 0.7208045125007629, "acc": 0.5632184147834778, "AUC": 0.6024739146232605, "number_of_bets_tested": 174}}, "ans": 0}, "2020020665.0": {"pred": {"under": 0.5558933966193547, "over": 0.4441487292454969, "metrics": {"loss": 0.7208045125007629, "acc": 0.5632184147834778, "AUC": 0.6024739146232605, "number_of_bets_tested": 174}}, "ans": 1}, "2020020685.0": {"pred": {"under": 0.643017263879387, "over": 0.3569243890303449, "metrics": {"loss": 0.7208045125007629, "acc": 0.5632184147834778, "AUC": 0.6024739146232605, "number_of_bets_tested": 174}}, "ans": 0}, "2020020701.0": {"pred": {"under": 0.5558933966193547, "over": 0.4441487292454969, "metrics": {"loss": 0.7208045125007629, "acc": 0.5632184147834778, "AUC": 0.6024739146232605, "number_of_bets_tested": 174}}, "ans": 1}, "2020020483.0": {"pred": {"under": 0.5558933966193547, "over": 0.4441487292454969, "metrics": {"loss": 0.7208045125007629, "acc": 0.5632184147834778, "AUC": 0.6024739146232605, "number_of_bets_tested": 174}}, "ans": 1}, "2020020729.0": {"pred": {"under": 0.5558933966193547, "over": 0.4441487292454969, "metrics": {"loss": 0.7208045125007629, "acc": 0.5632184147834778, "AUC": 0.6024739146232605, "number_of_bets_tested": 174}}, "ans": 0}, "2020020738.0": {"pred": {"under": 0.645649281947768, "over": 0.35429006359280046, "metrics": {"loss": 0.7208045125007629, "acc": 0.5632184147834778, "AUC": 0.6024739146232605, "number_of_bets_tested": 174}}, "ans": 1}, "2020020757.0": {"pred": {"under": 0.5386347970396168, "over": 0.4613801573177535, "metrics": {"loss": 0.7208045125007629, "acc": 0.5632184147834778, "AUC": 0.6024739146232605, "number_of_bets_tested": 174}}, "ans": 1}, "2020020770.0": {"pred": {"under": 0.7570138176197557, "over": 0.2428843722570355, "metrics": {"loss": 0.7208045125007629, "acc": 0.5632184147834778, "AUC": 0.6024739146232605, "number_of_bets_tested": 174}}, "ans": 1}, "2020020782.0": {"pred": {"under": 0.6597157131400029, "over": 0.34021225415946277, "metrics": {"loss": 0.7208045125007629, "acc": 0.5632184147834778, "AUC": 0.6024739146232605, "number_of_bets_tested": 174}}, "ans": 1}, "2020020813.0": {"pred": {"under": 0.8870709597271202, "over": 0.11289270981673585, "metrics": {"loss": 0.7208045125007629, "acc": 0.5632184147834778, "AUC": 0.6024739146232605, "number_of_bets_tested": 174}}, "ans": 1}, "2020020825.0": {"pred": {"under": 0.9116561027830293, "over": 0.08832192478035247, "metrics": {"loss": 0.7208045125007629, "acc": 0.5632184147834778, "AUC": 0.6024739146232605, "number_of_bets_tested": 174}}, "ans": 0}, "2020020838.0": {"pred": {"under": 0.5558933966193547, "over": 0.4441487292454969, "metrics": {"loss": 0.7208045125007629, "acc": 0.5632184147834778, "AUC": 0.6024739146232605, "number_of_bets_tested": 174}}, "ans": 1}, "2020030122.0": {"pred": {"under": 0.9090938237691423, "over": 0.09088282288609272, "metrics": {"loss": 0.7208045125007629, "acc": 0.5632184147834778, "AUC": 0.6024739146232605, "number_of_bets_tested": 174}}, "ans": 1}, "2020030123.0": {"pred": {"under": 0.5558933966193547, "over": 0.4441487292454969, "metrics": {"loss": 0.7208045125007629, "acc": 0.5632184147834778, "AUC": 0.6024739146232605, "number_of_bets_tested": 174}}, "ans": 1}, "2020030124.0": {"pred": {"under": 0.5558933966193547, "over": 0.4441487292454969, "metrics": {"loss": 0.7208045125007629, "acc": 0.5632184147834778, "AUC": 0.6024739146232605, "number_of_bets_tested": 174}}, "ans": 0}, "2020030125.0": {"pred": {"under": 0.5558933966193547, "over": 0.4441487292454969, "metrics": {"loss": 0.7208045125007629, "acc": 0.5632184147834778, "AUC": 0.6024739146232605, "number_of_bets_tested": 174}}, "ans": 0}}