{"2020020461.0": {"pred": {"under": 0.9580800058147156, "over": 0.04194079839009473, "metrics": {"loss": 1.9452484846115112, "acc": 0.38857144117355347, "AUC": 0.3943510055541992, "number_of_bets_tested": 175}}, "ans": 0}, "2020020502.0": {"pred": {"under": 0.9184071060962636, "over": 0.08169103459109966, "metrics": {"loss": 1.9452484846115112, "acc": 0.38857144117355347, "AUC": 0.3943510055541992, "number_of_bets_tested": 175}}, "ans": 0}, "2020020508.0": {"pred": {"under": 0.7757169853213188, "over": 0.22459509272027706, "metrics": {"loss": 1.9452484846115112, "acc": 0.38857144117355347, "AUC": 0.3943510055541992, "number_of_bets_tested": 175}}, "ans": 1}, "2020020528.0": {"pred": {"under": 0.8440413389883294, "over": 0.15625450995821977, "metrics": {"loss": 1.9452484846115112, "acc": 0.38857144117355347, "AUC": 0.3943510055541992, "number_of_bets_tested": 175}}, "ans": 0}, "2020020540.0": {"pred": {"under": 0.8958324841811351, "over": 0.10432954830556795, "metrics": {"loss": 1.9452484846115112, "acc": 0.38857144117355347, "AUC": 0.3943510055541992, "number_of_bets_tested": 175}}, "ans": 1}, "2020020209.0": {"pred": {"under": 0.9885804504635018, "over": 0.011420161219102453, "metrics": {"loss": 1.9452484846115112, "acc": 0.38857144117355347, "AUC": 0.3943510055541992, "number_of_bets_tested": 175}}, "ans": 1}, "2020020583.0": {"pred": {"under": 0.986477598632036, "over": 0.013523093866180058, "metrics": {"loss": 1.9452484846115112, "acc": 0.38857144117355347, "AUC": 0.3943510055541992, "number_of_bets_tested": 175}}, "ans": 1}, "2020020604.0": {"pred": {"under": 0.987910755167972, "over": 0.012090019433059753, "metrics": {"loss": 1.9452484846115112, "acc": 0.38857144117355347, "AUC": 0.3943510055541992, "number_of_bets_tested": 175}}, "ans": 0}, "2020020610.0": {"pred": {"under": 0.9460045939684889, "over": 0.05403397735712434, "metrics": {"loss": 1.9452484846115112, "acc": 0.38857144117355347, "AUC": 0.3943510055541992, "number_of_bets_tested": 175}}, "ans": 1}, "2020020624.0": {"pred": {"under": 0.9561019724279003, "over": 0.04392135325398611, "metrics": {"loss": 1.9452484846115112, "acc": 0.38857144117355347, "AUC": 0.3943510055541992, "number_of_bets_tested": 175}}, "ans": 0}, "2020020639.0": {"pred": {"under": 0.9475652788454884, "over": 0.05247068137394226, "metrics": {"loss": 1.9452484846115112, "acc": 0.38857144117355347, "AUC": 0.3943510055541992, "number_of_bets_tested": 175}}, "ans": 0}, "2020020655.0": {"pred": {"under": 0.8556914952453902, "over": 0.1445785156002237, "metrics": {"loss": 1.9452484846115112, "acc": 0.38857144117355347, "AUC": 0.3943510055541992, "number_of_bets_tested": 175}}, "ans": 0}, "2020020225.0": {"pred": {"under": 0.6366468874745956, "over": 0.3632602554887386, "metrics": {"loss": 1.9452484846115112, "acc": 0.38857144117355347, "AUC": 0.3943510055541992, "number_of_bets_tested": 175}}, "ans": 1}, "2020020700.0": {"pred": {"under": 0.7444532404226535, "over": 0.25575970996672515, "metrics": {"loss": 1.9452484846115112, "acc": 0.38857144117355347, "AUC": 0.3943510055541992, "number_of_bets_tested": 175}}, "ans": 1}, "2020020712.0": {"pred": {"under": 0.8011872396551074, "over": 0.1991518682675449, "metrics": {"loss": 1.9452484846115112, "acc": 0.38857144117355347, "AUC": 0.3943510055541992, "number_of_bets_tested": 175}}, "ans": 0}, "2020020727.0": {"pred": {"under": 0.6366468874745956, "over": 0.3632602554887386, "metrics": {"loss": 1.9452484846115112, "acc": 0.38857144117355347, "AUC": 0.3943510055541992, "number_of_bets_tested": 175}}, "ans": 1}, "2020020766.0": {"pred": {"under": 0.8844829710117582, "over": 0.11570957015632664, "metrics": {"loss": 1.9452484846115112, "acc": 0.38857144117355347, "AUC": 0.3943510055541992, "number_of_bets_tested": 175}}, "ans": 0}, "2020020781.0": {"pred": {"under": 0.745296329213109, "over": 0.2549203003963883, "metrics": {"loss": 1.9452484846115112, "acc": 0.38857144117355347, "AUC": 0.3943510055541992, "number_of_bets_tested": 175}}, "ans": 1}, "2020020822.0": {"pred": {"under": 0.6366468874745956, "over": 0.3632602554887386, "metrics": {"loss": 1.9452484846115112, "acc": 0.38857144117355347, "AUC": 0.3943510055541992, "number_of_bets_tested": 175}}, "ans": 0}, "2020020836.0": {"pred": {"under": 0.6366468874745956, "over": 0.3632602554887386, "metrics": {"loss": 1.9452484846115112, "acc": 0.38857144117355347, "AUC": 0.3943510055541992, "number_of_bets_tested": 175}}, "ans": 1}, "2020020853.0": {"pred": {"under": 0.7156878635595625, "over": 0.28436574903020934, "metrics": {"loss": 1.9452484846115112, "acc": 0.38857144117355347, "AUC": 0.3943510055541992, "number_of_bets_tested": 175}}, "ans": 1}}