{"2020020464.0": {"pred": {"under": 0.6092550415460541, "over": 0.3907404433923792, "metrics": {"loss": 0.8730366826057434, "acc": 0.5517241358757019, "AUC": 0.6060879230499268, "number_of_bets_tested": 145}}, "ans": 1}, "2020020479.0": {"pred": {"under": 0.6092550415460541, "over": 0.3907404433923792, "metrics": {"loss": 0.8730366826057434, "acc": 0.5517241358757019, "AUC": 0.6060879230499268, "number_of_bets_tested": 145}}, "ans": 0}, "2020020489.0": {"pred": {"under": 0.7761844807967048, "over": 0.2238532089211183, "metrics": {"loss": 0.8730366826057434, "acc": 0.5517241358757019, "AUC": 0.6060879230499268, "number_of_bets_tested": 145}}, "ans": 1}, "2020020498.0": {"pred": {"under": 0.6092550415460541, "over": 0.3907404433923792, "metrics": {"loss": 0.8730366826057434, "acc": 0.5517241358757019, "AUC": 0.6060879230499268, "number_of_bets_tested": 145}}, "ans": 0}, "2020020578.0": {"pred": {"under": 0.6092550415460541, "over": 0.3907404433923792, "metrics": {"loss": 0.8730366826057434, "acc": 0.5517241358757019, "AUC": 0.6060879230499268, "number_of_bets_tested": 145}}, "ans": 0}, "2020020607.0": {"pred": {"under": 0.6092550415460541, "over": 0.3907404433923792, "metrics": {"loss": 0.8730366826057434, "acc": 0.5517241358757019, "AUC": 0.6060879230499268, "number_of_bets_tested": 145}}, "ans": 0}, "2020020622.0": {"pred": {"under": 0.6092550415460541, "over": 0.3907404433923792, "metrics": {"loss": 0.8730366826057434, "acc": 0.5517241358757019, "AUC": 0.6060879230499268, "number_of_bets_tested": 145}}, "ans": 1}, "2020020633.0": {"pred": {"under": 0.6092550415460541, "over": 0.3907404433923792, "metrics": {"loss": 0.8730366826057434, "acc": 0.5517241358757019, "AUC": 0.6060879230499268, "number_of_bets_tested": 145}}, "ans": 0}, "2020020645.0": {"pred": {"under": 0.6092550415460541, "over": 0.3907404433923792, "metrics": {"loss": 0.8730366826057434, "acc": 0.5517241358757019, "AUC": 0.6060879230499268, "number_of_bets_tested": 145}}, "ans": 1}, "2020020660.0": {"pred": {"under": 0.6092550415460541, "over": 0.3907404433923792, "metrics": {"loss": 0.8730366826057434, "acc": 0.5517241358757019, "AUC": 0.6060879230499268, "number_of_bets_tested": 145}}, "ans": 0}, "2020020671.0": {"pred": {"under": 0.6092550415460541, "over": 0.3907404433923792, "metrics": {"loss": 0.8730366826057434, "acc": 0.5517241358757019, "AUC": 0.6060879230499268, "number_of_bets_tested": 145}}, "ans": 0}, "2020020686.0": {"pred": {"under": 0.6092550415460541, "over": 0.3907404433923792, "metrics": {"loss": 0.8730366826057434, "acc": 0.5517241358757019, "AUC": 0.6060879230499268, "number_of_bets_tested": 145}}, "ans": 1}, "2020020546.0": {"pred": {"under": 0.8024002881034246, "over": 0.1973745876440586, "metrics": {"loss": 0.8730366826057434, "acc": 0.5517241358757019, "AUC": 0.6060879230499268, "number_of_bets_tested": 145}}, "ans": 1}, "2020020709.0": {"pred": {"under": 0.5503292277650614, "over": 0.449179787488125, "metrics": {"loss": 0.8730366826057434, "acc": 0.5517241358757019, "AUC": 0.6060879230499268, "number_of_bets_tested": 145}}, "ans": 0}, "2020020721.0": {"pred": {"under": 0.610899345913925, "over": 0.3890581658586167, "metrics": {"loss": 0.8730366826057434, "acc": 0.5517241358757019, "AUC": 0.6060879230499268, "number_of_bets_tested": 145}}, "ans": 0}, "2020020775.0": {"pred": {"under": 0.6092550415460541, "over": 0.3907404433923792, "metrics": {"loss": 0.8730366826057434, "acc": 0.5517241358757019, "AUC": 0.6060879230499268, "number_of_bets_tested": 145}}, "ans": 1}, "2020020564.0": {"pred": {"under": 0.6878192424467927, "over": 0.31228719531373456, "metrics": {"loss": 0.8730366826057434, "acc": 0.5517241358757019, "AUC": 0.6060879230499268, "number_of_bets_tested": 145}}, "ans": 0}, "2020020847.0": {"pred": {"under": 0.6092550415460541, "over": 0.3907404433923792, "metrics": {"loss": 0.8730366826057434, "acc": 0.5517241358757019, "AUC": 0.6060879230499268, "number_of_bets_tested": 145}}, "ans": 0}, "2020030171.0": {"pred": {"under": 0.73649503440687, "over": 0.26320554475445085, "metrics": {"loss": 0.8730366826057434, "acc": 0.5517241358757019, "AUC": 0.6060879230499268, "number_of_bets_tested": 145}}, "ans": 1}, "2020030172.0": {"pred": {"under": 0.6092550415460541, "over": 0.3907404433923792, "metrics": {"loss": 0.8730366826057434, "acc": 0.5517241358757019, "AUC": 0.6060879230499268, "number_of_bets_tested": 145}}, "ans": 1}, "2020030173.0": {"pred": {"under": 0.6092550415460541, "over": 0.3907404433923792, "metrics": {"loss": 0.8730366826057434, "acc": 0.5517241358757019, "AUC": 0.6060879230499268, "number_of_bets_tested": 145}}, "ans": 1}}