{"2020020488.0": {"pred": {"under": 0.5194733224037714, "over": 0.48064621139792096, "metrics": {"loss": 0.7733124494552612, "acc": 0.5155279636383057, "AUC": 0.4851086437702179, "number_of_bets_tested": 161}}, "ans": 1}, "2020020258.0": {"pred": {"under": 0.339645223560254, "over": 0.6609717175118283, "metrics": {"loss": 0.7733124494552612, "acc": 0.5155279636383057, "AUC": 0.4851086437702179, "number_of_bets_tested": 161}}, "ans": 0}, "2020020507.0": {"pred": {"under": 0.37979371923894817, "over": 0.62040710539234, "metrics": {"loss": 0.7733124494552612, "acc": 0.5155279636383057, "AUC": 0.4851086437702179, "number_of_bets_tested": 161}}, "ans": 0}, "2020020522.0": {"pred": {"under": 0.3478279872006441, "over": 0.6526534434888416, "metrics": {"loss": 0.7733124494552612, "acc": 0.5155279636383057, "AUC": 0.4851086437702179, "number_of_bets_tested": 161}}, "ans": 1}, "2020020538.0": {"pred": {"under": 0.3885548859774658, "over": 0.6116218888870667, "metrics": {"loss": 0.7733124494552612, "acc": 0.5155279636383057, "AUC": 0.4851086437702179, "number_of_bets_tested": 161}}, "ans": 0}, "2020020547.0": {"pred": {"under": 0.38504067738366965, "over": 0.6151219862413534, "metrics": {"loss": 0.7733124494552612, "acc": 0.5155279636383057, "AUC": 0.4851086437702179, "number_of_bets_tested": 161}}, "ans": 1}, "2020020563.0": {"pred": {"under": 0.3874923961413296, "over": 0.6126817843759834, "metrics": {"loss": 0.7733124494552612, "acc": 0.5155279636383057, "AUC": 0.4851086437702179, "number_of_bets_tested": 161}}, "ans": 0}, "2020020577.0": {"pred": {"under": 0.3882324390872275, "over": 0.6119710095340636, "metrics": {"loss": 0.7733124494552612, "acc": 0.5155279636383057, "AUC": 0.4851086437702179, "number_of_bets_tested": 161}}, "ans": 0}, "2020020598.0": {"pred": {"under": 0.4962978924411036, "over": 0.5042600955146478, "metrics": {"loss": 0.7733124494552612, "acc": 0.5155279636383057, "AUC": 0.4851086437702179, "number_of_bets_tested": 161}}, "ans": 1}, "2020020618.0": {"pred": {"under": 0.624392420606738, "over": 0.375371378958792, "metrics": {"loss": 0.7733124494552612, "acc": 0.5155279636383057, "AUC": 0.4851086437702179, "number_of_bets_tested": 161}}, "ans": 0}, "2020020632.0": {"pred": {"under": 0.45663220917879666, "over": 0.5435295020715091, "metrics": {"loss": 0.7733124494552612, "acc": 0.5155279636383057, "AUC": 0.4851086437702179, "number_of_bets_tested": 161}}, "ans": 0}, "2020020788.0": {"pred": {"under": 0.238371977357676, "over": 0.762229470303936, "metrics": {"loss": 0.7733124494552612, "acc": 0.5155279636383057, "AUC": 0.4851086437702179, "number_of_bets_tested": 161}}, "ans": 0}, "2020020670.0": {"pred": {"under": 0.2980880654671011, "over": 0.7025147579515059, "metrics": {"loss": 0.7733124494552612, "acc": 0.5155279636383057, "AUC": 0.4851086437702179, "number_of_bets_tested": 161}}, "ans": 0}, "2020020683.0": {"pred": {"under": 0.34297082067030343, "over": 0.6575387019236787, "metrics": {"loss": 0.7733124494552612, "acc": 0.5155279636383057, "AUC": 0.4851086437702179, "number_of_bets_tested": 161}}, "ans": 1}, "2020020699.0": {"pred": {"under": 0.3771468812714218, "over": 0.6231340112501548, "metrics": {"loss": 0.7733124494552612, "acc": 0.5155279636383057, "AUC": 0.4851086437702179, "number_of_bets_tested": 161}}, "ans": 0}, "2020020711.0": {"pred": {"under": 0.25416703839507715, "over": 0.746632696677578, "metrics": {"loss": 0.7733124494552612, "acc": 0.5155279636383057, "AUC": 0.4851086437702179, "number_of_bets_tested": 161}}, "ans": 0}, "2020020722.0": {"pred": {"under": 0.6045772634549433, "over": 0.39566118487724644, "metrics": {"loss": 0.7733124494552612, "acc": 0.5155279636383057, "AUC": 0.4851086437702179, "number_of_bets_tested": 161}}, "ans": 0}, "2020020734.0": {"pred": {"under": 0.3197579689206618, "over": 0.6816558045455706, "metrics": {"loss": 0.7733124494552612, "acc": 0.5155279636383057, "AUC": 0.4851086437702179, "number_of_bets_tested": 161}}, "ans": 1}, "2020020763.0": {"pred": {"under": 0.6054972552591686, "over": 0.3945240433991998, "metrics": {"loss": 0.7733124494552612, "acc": 0.5155279636383057, "AUC": 0.4851086437702179, "number_of_bets_tested": 161}}, "ans": 0}, "2020020774.0": {"pred": {"under": 0.4749976366147686, "over": 0.5255926024581284, "metrics": {"loss": 0.7733124494552612, "acc": 0.5155279636383057, "AUC": 0.4851086437702179, "number_of_bets_tested": 161}}, "ans": 0}, "2020020347.0": {"pred": {"under": 0.5035294796116544, "over": 0.49671511006247404, "metrics": {"loss": 0.7733124494552612, "acc": 0.5155279636383057, "AUC": 0.4851086437702179, "number_of_bets_tested": 161}}, "ans": 0}, "2020020020.0": {"pred": {"under": 0.29490418979095684, "over": 0.7053651569543796, "metrics": {"loss": 0.7733124494552612, "acc": 0.5155279636383057, "AUC": 0.4851086437702179, "number_of_bets_tested": 161}}, "ans": 0}, "2020020033.0": {"pred": {"under": 0.5902696665463802, "over": 0.40976542867548826, "metrics": {"loss": 0.7733124494552612, "acc": 0.5155279636383057, "AUC": 0.4851086437702179, "number_of_bets_tested": 161}}, "ans": 0}, "2020020048.0": {"pred": {"under": 0.2623951004993014, "over": 0.7382139209168171, "metrics": {"loss": 0.7733124494552612, "acc": 0.5155279636383057, "AUC": 0.4851086437702179, "number_of_bets_tested": 161}}, "ans": 0}, "2020020843.0": {"pred": {"under": 0.23241090576121867, "over": 0.7681982783460496, "metrics": {"loss": 0.7733124494552612, "acc": 0.5155279636383057, "AUC": 0.4851086437702179, "number_of_bets_tested": 161}}, "ans": 1}}