{"2020020827.0": {"pred": {"under": 0.5932436097264354, "over": 0.4066798954319899, "metrics": {"loss": 0.7214164733886719, "acc": 0.47887325286865234, "AUC": 0.4913707673549652, "number_of_bets_tested": 142}}, "ans": 0}, "2020030134.0": {"pred": {"under": 0.21652827625533416, "over": 0.783212312806735, "metrics": {"loss": 0.7214164733886719, "acc": 0.47887325286865234, "AUC": 0.4913707673549652, "number_of_bets_tested": 142}}, "ans": 1}}