{"2020020736.0": {"pred": {"under": 0.5109484646874699, "over": 0.48926364578523435, "metrics": {"loss": 0.8206607103347778, "acc": 0.5167785286903381, "AUC": 0.5136705636978149, "number_of_bets_tested": 149}}, "ans": 0}, "2020020761.0": {"pred": {"under": 0.6105983665050257, "over": 0.38981519003535403, "metrics": {"loss": 0.8206607103347778, "acc": 0.5167785286903381, "AUC": 0.5136705636978149, "number_of_bets_tested": 149}}, "ans": 1}, "2020020775.0": {"pred": {"under": 0.21180585170293353, "over": 0.7881366799727206, "metrics": {"loss": 0.8206607103347778, "acc": 0.5167785286903381, "AUC": 0.5136705636978149, "number_of_bets_tested": 149}}, "ans": 1}, "2020020847.0": {"pred": {"under": 0.36583626326839125, "over": 0.6341952368447369, "metrics": {"loss": 0.8206607103347778, "acc": 0.5167785286903381, "AUC": 0.5136705636978149, "number_of_bets_tested": 149}}, "ans": 0}, "2020030171.0": {"pred": {"under": 0.27173267852534105, "over": 0.7282362586232586, "metrics": {"loss": 0.8206607103347778, "acc": 0.5167785286903381, "AUC": 0.5136705636978149, "number_of_bets_tested": 149}}, "ans": 1}, "2020030173.0": {"pred": {"under": 0.2856477055914282, "over": 0.7147105343178752, "metrics": {"loss": 0.8206607103347778, "acc": 0.5167785286903381, "AUC": 0.5136705636978149, "number_of_bets_tested": 149}}, "ans": 1}}