{"2020020522.0": {"pred": {"under": 0.42537855756797566, "over": 0.5746331104042958, "metrics": {"loss": 0.9060879945755005, "acc": 0.5214285850524902, "AUC": 0.539642870426178, "number_of_bets_tested": 140}}, "ans": 1}, "2020020531.0": {"pred": {"under": 0.42537855756797566, "over": 0.5746331104042958, "metrics": {"loss": 0.9060879945755005, "acc": 0.5214285850524902, "AUC": 0.539642870426178, "number_of_bets_tested": 140}}, "ans": 0}, "2020020559.0": {"pred": {"under": 0.42537855756797566, "over": 0.5746331104042958, "metrics": {"loss": 0.9060879945755005, "acc": 0.5214285850524902, "AUC": 0.539642870426178, "number_of_bets_tested": 140}}, "ans": 1}, "2020020574.0": {"pred": {"under": 0.42537855756797566, "over": 0.5746331104042958, "metrics": {"loss": 0.9060879945755005, "acc": 0.5214285850524902, "AUC": 0.539642870426178, "number_of_bets_tested": 140}}, "ans": 1}, "2020020616.0": {"pred": {"under": 0.25529721923275006, "over": 0.7445385428121009, "metrics": {"loss": 0.9060879945755005, "acc": 0.5214285850524902, "AUC": 0.539642870426178, "number_of_bets_tested": 140}}, "ans": 1}, "2020020630.0": {"pred": {"under": 0.18340970192678757, "over": 0.8164784475735402, "metrics": {"loss": 0.9060879945755005, "acc": 0.5214285850524902, "AUC": 0.539642870426178, "number_of_bets_tested": 140}}, "ans": 0}, "2020020644.0": {"pred": {"under": 0.4131461522467157, "over": 0.586799782198131, "metrics": {"loss": 0.9060879945755005, "acc": 0.5214285850524902, "AUC": 0.539642870426178, "number_of_bets_tested": 140}}, "ans": 1}, "2020020659.0": {"pred": {"under": 0.42537855756797566, "over": 0.5746331104042958, "metrics": {"loss": 0.9060879945755005, "acc": 0.5214285850524902, "AUC": 0.539642870426178, "number_of_bets_tested": 140}}, "ans": 0}, "2020020679.0": {"pred": {"under": 0.42537855756797566, "over": 0.5746331104042958, "metrics": {"loss": 0.9060879945755005, "acc": 0.5214285850524902, "AUC": 0.539642870426178, "number_of_bets_tested": 140}}, "ans": 1}, "2020020694.0": {"pred": {"under": 0.42537855756797566, "over": 0.5746331104042958, "metrics": {"loss": 0.9060879945755005, "acc": 0.5214285850524902, "AUC": 0.539642870426178, "number_of_bets_tested": 140}}, "ans": 1}, "2020020706.0": {"pred": {"under": 0.4246688107523019, "over": 0.5753389752128008, "metrics": {"loss": 0.9060879945755005, "acc": 0.5214285850524902, "AUC": 0.539642870426178, "number_of_bets_tested": 140}}, "ans": 1}, "2020020718.0": {"pred": {"under": 0.42537855756797566, "over": 0.5746331104042958, "metrics": {"loss": 0.9060879945755005, "acc": 0.5214285850524902, "AUC": 0.539642870426178, "number_of_bets_tested": 140}}, "ans": 1}, "2020020731.0": {"pred": {"under": 0.4170075483480404, "over": 0.5829762460859844, "metrics": {"loss": 0.9060879945755005, "acc": 0.5214285850524902, "AUC": 0.539642870426178, "number_of_bets_tested": 140}}, "ans": 1}, "2020020756.0": {"pred": {"under": 0.30958894385887903, "over": 0.6902927042981208, "metrics": {"loss": 0.9060879945755005, "acc": 0.5214285850524902, "AUC": 0.539642870426178, "number_of_bets_tested": 140}}, "ans": 1}, "2020020772.0": {"pred": {"under": 0.2253836567079486, "over": 0.7744698131546195, "metrics": {"loss": 0.9060879945755005, "acc": 0.5214285850524902, "AUC": 0.539642870426178, "number_of_bets_tested": 140}}, "ans": 1}, "2020020347.0": {"pred": {"under": 0.42537855756797566, "over": 0.5746331104042958, "metrics": {"loss": 0.9060879945755005, "acc": 0.5214285850524902, "AUC": 0.539642870426178, "number_of_bets_tested": 140}}, "ans": 0}, "2020020811.0": {"pred": {"under": 0.3738100581407579, "over": 0.626090215891118, "metrics": {"loss": 0.9060879945755005, "acc": 0.5214285850524902, "AUC": 0.539642870426178, "number_of_bets_tested": 140}}, "ans": 1}, "2020020033.0": {"pred": {"under": 0.40217807934767463, "over": 0.5977115379406005, "metrics": {"loss": 0.9060879945755005, "acc": 0.5214285850524902, "AUC": 0.539642870426178, "number_of_bets_tested": 140}}, "ans": 1}, "2020020048.0": {"pred": {"under": 0.42537855756797566, "over": 0.5746331104042958, "metrics": {"loss": 0.9060879945755005, "acc": 0.5214285850524902, "AUC": 0.539642870426178, "number_of_bets_tested": 140}}, "ans": 0}, "2020030142.0": {"pred": {"under": 0.3409821029916919, "over": 0.6588500596437726, "metrics": {"loss": 0.9060879945755005, "acc": 0.5214285850524902, "AUC": 0.539642870426178, "number_of_bets_tested": 140}}, "ans": 1}}