{"2020020698.0": {"pred": {"under": 0.2706068772753804, "over": 0.7294233458786707, "metrics": {"loss": 1.1236605644226074, "acc": 0.7090908885002136, "AUC": 0.7089623212814331, "number_of_bets_tested": 165}}, "ans": 1}, "2020020713.0": {"pred": {"under": 0.18833405239391066, "over": 0.8116936576824335, "metrics": {"loss": 1.1236605644226074, "acc": 0.7090908885002136, "AUC": 0.7089623212814331, "number_of_bets_tested": 165}}, "ans": 1}, "2020020728.0": {"pred": {"under": 0.08284008487827815, "over": 0.9171558299040509, "metrics": {"loss": 1.1236605644226074, "acc": 0.7090908885002136, "AUC": 0.7089623212814331, "number_of_bets_tested": 165}}, "ans": 1}, "2020020837.0": {"pred": {"under": 0.2850451423030782, "over": 0.7149748087004478, "metrics": {"loss": 1.1236605644226074, "acc": 0.7090908885002136, "AUC": 0.7089623212814331, "number_of_bets_tested": 165}}, "ans": 0}}