{"2020020286.0": {"pred": {"under": 0.6625127206757331, "over": 0.33642080467113467, "metrics": {"loss": 0.9791529178619385, "acc": 0.5410959124565125, "AUC": 0.5228466391563416, "number_of_bets_tested": 146}}, "ans": 0}, "2020020486.0": {"pred": {"under": 0.7299232588381978, "over": 0.26888206641416496, "metrics": {"loss": 0.9791529178619385, "acc": 0.5410959124565125, "AUC": 0.5228466391563416, "number_of_bets_tested": 146}}, "ans": 0}, "2020020828.0": {"pred": {"under": 0.5409071797381478, "over": 0.459045846559056, "metrics": {"loss": 0.9791529178619385, "acc": 0.5410959124565125, "AUC": 0.5228466391563416, "number_of_bets_tested": 146}}, "ans": 1}, "2020020507.0": {"pred": {"under": 0.8384336357203875, "over": 0.1608428017606029, "metrics": {"loss": 0.9791529178619385, "acc": 0.5410959124565125, "AUC": 0.5228466391563416, "number_of_bets_tested": 146}}, "ans": 1}, "2020020522.0": {"pred": {"under": 0.5496327866485684, "over": 0.4505821515150225, "metrics": {"loss": 0.9791529178619385, "acc": 0.5410959124565125, "AUC": 0.5228466391563416, "number_of_bets_tested": 146}}, "ans": 0}, "2020020531.0": {"pred": {"under": 0.6422536102032487, "over": 0.3580290117040827, "metrics": {"loss": 0.9791529178619385, "acc": 0.5410959124565125, "AUC": 0.5228466391563416, "number_of_bets_tested": 146}}, "ans": 0}, "2020020559.0": {"pred": {"under": 0.5199087770980331, "over": 0.48027814216217374, "metrics": {"loss": 0.9791529178619385, "acc": 0.5410959124565125, "AUC": 0.5228466391563416, "number_of_bets_tested": 146}}, "ans": 1}, "2020020574.0": {"pred": {"under": 0.5997186913910202, "over": 0.40054457525284703, "metrics": {"loss": 0.9791529178619385, "acc": 0.5410959124565125, "AUC": 0.5228466391563416, "number_of_bets_tested": 146}}, "ans": 0}, "2020020616.0": {"pred": {"under": 0.5195013148768785, "over": 0.48069714811800485, "metrics": {"loss": 0.9791529178619385, "acc": 0.5410959124565125, "AUC": 0.5228466391563416, "number_of_bets_tested": 146}}, "ans": 1}, "2020020630.0": {"pred": {"under": 0.7295434547477182, "over": 0.2690841201569217, "metrics": {"loss": 0.9791529178619385, "acc": 0.5410959124565125, "AUC": 0.5228466391563416, "number_of_bets_tested": 146}}, "ans": 0}, "2020030142.0": {"pred": {"under": 0.8532565103540701, "over": 0.1458367915838392, "metrics": {"loss": 0.9791529178619385, "acc": 0.5410959124565125, "AUC": 0.5228466391563416, "number_of_bets_tested": 146}}, "ans": 0}, "2020030143.0": {"pred": {"under": 0.717294931114696, "over": 0.282960462836798, "metrics": {"loss": 0.9791529178619385, "acc": 0.5410959124565125, "AUC": 0.5228466391563416, "number_of_bets_tested": 146}}, "ans": 0}, "2020030145.0": {"pred": {"under": 0.9644097419859473, "over": 0.03556627268808108, "metrics": {"loss": 0.9791529178619385, "acc": 0.5410959124565125, "AUC": 0.5228466391563416, "number_of_bets_tested": 146}}, "ans": 1}}