{"2020020463.0": {"pred": {"under": 0.4718695946075166, "over": 0.5285452123379127, "metrics": {"loss": 0.8116015791893005, "acc": 0.5806451439857483, "AUC": 0.5936524271965027, "number_of_bets_tested": 62}}, "ans": 0}, "2020020499.0": {"pred": {"under": 0.6087882826462954, "over": 0.3924781232636994, "metrics": {"loss": 0.8116015791893005, "acc": 0.5806451439857483, "AUC": 0.5936524271965027, "number_of_bets_tested": 62}}, "ans": 0}, "2020020511.0": {"pred": {"under": 0.3127215031816104, "over": 0.6877396851804077, "metrics": {"loss": 0.8116015791893005, "acc": 0.5806451439857483, "AUC": 0.5936524271965027, "number_of_bets_tested": 62}}, "ans": 0}, "2020020521.0": {"pred": {"under": 0.7854145636433435, "over": 0.21507970025993903, "metrics": {"loss": 0.8116015791893005, "acc": 0.5806451439857483, "AUC": 0.5936524271965027, "number_of_bets_tested": 62}}, "ans": 0}, "2020020578.0": {"pred": {"under": 0.5805227818369469, "over": 0.41535045998224124, "metrics": {"loss": 0.8116015791893005, "acc": 0.5806451439857483, "AUC": 0.5936524271965027, "number_of_bets_tested": 62}}, "ans": 0}, "2020020848.0": {"pred": {"under": 0.312578714319118, "over": 0.6870871580981145, "metrics": {"loss": 0.8116015791893005, "acc": 0.5806451439857483, "AUC": 0.5936524271965027, "number_of_bets_tested": 62}}, "ans": 0}, "2020020638.0": {"pred": {"under": 0.8914375081456162, "over": 0.10838709533366388, "metrics": {"loss": 0.8116015791893005, "acc": 0.5806451439857483, "AUC": 0.5936524271965027, "number_of_bets_tested": 62}}, "ans": 0}}