{"2020020840.0": {"pred": {"under": 0.7205838177980195, "over": 0.2763910158263944, "metrics": {"loss": 1.1159470081329346, "acc": 0.5095541477203369, "AUC": 0.4580104649066925, "number_of_bets_tested": 157}}, "ans": 0}}