{"2020020486.0": {"pred": {"under": 0.5131288277878103, "over": 0.48680130095493335, "metrics": {"loss": 1.0885835886001587, "acc": 0.4647058844566345, "AUC": 0.46916958689689636, "number_of_bets_tested": 170}}, "ans": 1}, "2020020505.0": {"pred": {"under": 0.5131288277878103, "over": 0.48680130095493335, "metrics": {"loss": 1.0885835886001587, "acc": 0.4647058844566345, "AUC": 0.46916958689689636, "number_of_bets_tested": 170}}, "ans": 0}, "2020020519.0": {"pred": {"under": 0.5131288277878103, "over": 0.48680130095493335, "metrics": {"loss": 1.0885835886001587, "acc": 0.4647058844566345, "AUC": 0.46916958689689636, "number_of_bets_tested": 170}}, "ans": 0}, "2020020534.0": {"pred": {"under": 0.5131288277878103, "over": 0.48680130095493335, "metrics": {"loss": 1.0885835886001587, "acc": 0.4647058844566345, "AUC": 0.46916958689689636, "number_of_bets_tested": 170}}, "ans": 0}, "2020020545.0": {"pred": {"under": 0.5131288277878103, "over": 0.48680130095493335, "metrics": {"loss": 1.0885835886001587, "acc": 0.4647058844566345, "AUC": 0.46916958689689636, "number_of_bets_tested": 170}}, "ans": 0}, "2020020562.0": {"pred": {"under": 0.5131288277878103, "over": 0.48680130095493335, "metrics": {"loss": 1.0885835886001587, "acc": 0.4647058844566345, "AUC": 0.46916958689689636, "number_of_bets_tested": 170}}, "ans": 0}, "2020020576.0": {"pred": {"under": 0.46654009058531815, "over": 0.5333824673131752, "metrics": {"loss": 1.0885835886001587, "acc": 0.4647058844566345, "AUC": 0.46916958689689636, "number_of_bets_tested": 170}}, "ans": 0}, "2020020618.0": {"pred": {"under": 0.5131288277878103, "over": 0.48680130095493335, "metrics": {"loss": 1.0885835886001587, "acc": 0.4647058844566345, "AUC": 0.46916958689689636, "number_of_bets_tested": 170}}, "ans": 1}, "2020020632.0": {"pred": {"under": 0.33769092546059815, "over": 0.6622312564587127, "metrics": {"loss": 1.0885835886001587, "acc": 0.4647058844566345, "AUC": 0.46916958689689636, "number_of_bets_tested": 170}}, "ans": 0}, "2020020643.0": {"pred": {"under": 0.4483317166770955, "over": 0.5515883032114111, "metrics": {"loss": 1.0885835886001587, "acc": 0.4647058844566345, "AUC": 0.46916958689689636, "number_of_bets_tested": 170}}, "ans": 1}, "2020020658.0": {"pred": {"under": 0.3909028655625306, "over": 0.6090143707607577, "metrics": {"loss": 1.0885835886001587, "acc": 0.4647058844566345, "AUC": 0.46916958689689636, "number_of_bets_tested": 170}}, "ans": 1}, "2020020681.0": {"pred": {"under": 0.5131288277878103, "over": 0.48680130095493335, "metrics": {"loss": 1.0885835886001587, "acc": 0.4647058844566345, "AUC": 0.46916958689689636, "number_of_bets_tested": 170}}, "ans": 0}, "2020020695.0": {"pred": {"under": 0.5129200530416634, "over": 0.4870118171215598, "metrics": {"loss": 1.0885835886001587, "acc": 0.4647058844566345, "AUC": 0.46916958689689636, "number_of_bets_tested": 170}}, "ans": 1}, "2020020601.0": {"pred": {"under": 0.5131288277878103, "over": 0.48680130095493335, "metrics": {"loss": 1.0885835886001587, "acc": 0.4647058844566345, "AUC": 0.46916958689689636, "number_of_bets_tested": 170}}, "ans": 0}, "2020020725.0": {"pred": {"under": 0.5131288277878103, "over": 0.48680130095493335, "metrics": {"loss": 1.0885835886001587, "acc": 0.4647058844566345, "AUC": 0.46916958689689636, "number_of_bets_tested": 170}}, "ans": 1}, "2020020740.0": {"pred": {"under": 0.47727678748095836, "over": 0.5226475996130159, "metrics": {"loss": 1.0885835886001587, "acc": 0.4647058844566345, "AUC": 0.46916958689689636, "number_of_bets_tested": 170}}, "ans": 0}, "2020020772.0": {"pred": {"under": 0.2638000409291727, "over": 0.7361397496533347, "metrics": {"loss": 1.0885835886001587, "acc": 0.4647058844566345, "AUC": 0.46916958689689636, "number_of_bets_tested": 170}}, "ans": 1}, "2020020787.0": {"pred": {"under": 0.3766045436745264, "over": 0.6232990757390013, "metrics": {"loss": 1.0885835886001587, "acc": 0.4647058844566345, "AUC": 0.46916958689689636, "number_of_bets_tested": 170}}, "ans": 0}, "2020020816.0": {"pred": {"under": 0.17463234808032307, "over": 0.825337372564209, "metrics": {"loss": 1.0885835886001587, "acc": 0.4647058844566345, "AUC": 0.46916958689689636, "number_of_bets_tested": 170}}, "ans": 0}, "2020020827.0": {"pred": {"under": 0.5131288277878103, "over": 0.48680130095493335, "metrics": {"loss": 1.0885835886001587, "acc": 0.4647058844566345, "AUC": 0.46916958689689636, "number_of_bets_tested": 170}}, "ans": 0}, "2020020280.0": {"pred": {"under": 0.5131288277878103, "over": 0.48680130095493335, "metrics": {"loss": 1.0885835886001587, "acc": 0.4647058844566345, "AUC": 0.46916958689689636, "number_of_bets_tested": 170}}, "ans": 0}, "2020020843.0": {"pred": {"under": 0.5131288277878103, "over": 0.48680130095493335, "metrics": {"loss": 1.0885835886001587, "acc": 0.4647058844566345, "AUC": 0.46916958689689636, "number_of_bets_tested": 170}}, "ans": 0}}