{"2020020466.0": {"pred": {"under": 0.3684608144144243, "over": 0.6315612452486307, "metrics": {"loss": 1.2928217649459839, "acc": 0.6600000262260437, "AUC": 0.6862443685531616, "number_of_bets_tested": 150}}, "ans": 0}, "2020020482.0": {"pred": {"under": 0.3684608144144243, "over": 0.6315612452486307, "metrics": {"loss": 1.2928217649459839, "acc": 0.6600000262260437, "AUC": 0.6862443685531616, "number_of_bets_tested": 150}}, "ans": 1}, "2020020493.0": {"pred": {"under": 0.3684608144144243, "over": 0.6315612452486307, "metrics": {"loss": 1.2928217649459839, "acc": 0.6600000262260437, "AUC": 0.6862443685531616, "number_of_bets_tested": 150}}, "ans": 1}, "2020020514.0": {"pred": {"under": 0.3684608144144243, "over": 0.6315612452486307, "metrics": {"loss": 1.2928217649459839, "acc": 0.6600000262260437, "AUC": 0.6862443685531616, "number_of_bets_tested": 150}}, "ans": 0}, "2020020528.0": {"pred": {"under": 0.24991068077938167, "over": 0.7499596949603755, "metrics": {"loss": 1.2928217649459839, "acc": 0.6600000262260437, "AUC": 0.6862443685531616, "number_of_bets_tested": 150}}, "ans": 1}, "2020020540.0": {"pred": {"under": 1.0825930429657481e-11, "over": 0.9999999999891741, "metrics": {"loss": 1.2928217649459839, "acc": 0.6600000262260437, "AUC": 0.6862443685531616, "number_of_bets_tested": 150}}, "ans": 1}, "2020020555.0": {"pred": {"under": 0.17484934574152397, "over": 0.8249202851338646, "metrics": {"loss": 1.2928217649459839, "acc": 0.6600000262260437, "AUC": 0.6862443685531616, "number_of_bets_tested": 150}}, "ans": 1}, "2020020570.0": {"pred": {"under": 0.2838121142927929, "over": 0.7160782971548217, "metrics": {"loss": 1.2928217649459839, "acc": 0.6600000262260437, "AUC": 0.6862443685531616, "number_of_bets_tested": 150}}, "ans": 1}, "2020020584.0": {"pred": {"under": 0.1552994239631664, "over": 0.844487997488707, "metrics": {"loss": 1.2928217649459839, "acc": 0.6600000262260437, "AUC": 0.6862443685531616, "number_of_bets_tested": 150}}, "ans": 0}, "2020020241.0": {"pred": {"under": 0.4110324649017407, "over": 0.5896896529480532, "metrics": {"loss": 1.2928217649459839, "acc": 0.6600000262260437, "AUC": 0.6862443685531616, "number_of_bets_tested": 150}}, "ans": 0}, "2020020641.0": {"pred": {"under": 0.3684608144144243, "over": 0.6315612452486307, "metrics": {"loss": 1.2928217649459839, "acc": 0.6600000262260437, "AUC": 0.6862443685531616, "number_of_bets_tested": 150}}, "ans": 0}, "2020020664.0": {"pred": {"under": 0.3684608144144243, "over": 0.6315612452486307, "metrics": {"loss": 1.2928217649459839, "acc": 0.6600000262260437, "AUC": 0.6862443685531616, "number_of_bets_tested": 150}}, "ans": 1}, "2020020675.0": {"pred": {"under": 0.22618299652608168, "over": 0.7738073776301351, "metrics": {"loss": 1.2928217649459839, "acc": 0.6600000262260437, "AUC": 0.6862443685531616, "number_of_bets_tested": 150}}, "ans": 1}, "2020020713.0": {"pred": {"under": 0.3684608144144243, "over": 0.6315612452486307, "metrics": {"loss": 1.2928217649459839, "acc": 0.6600000262260437, "AUC": 0.6862443685531616, "number_of_bets_tested": 150}}, "ans": 1}, "2020020728.0": {"pred": {"under": 0.07526218273417898, "over": 0.9247093879178484, "metrics": {"loss": 1.2928217649459839, "acc": 0.6600000262260437, "AUC": 0.6862443685531616, "number_of_bets_tested": 150}}, "ans": 1}, "2020020823.0": {"pred": {"under": 0.3684608144144243, "over": 0.6315612452486307, "metrics": {"loss": 1.2928217649459839, "acc": 0.6600000262260437, "AUC": 0.6862443685531616, "number_of_bets_tested": 150}}, "ans": 0}, "2020020837.0": {"pred": {"under": 0.3684608144144243, "over": 0.6315612452486307, "metrics": {"loss": 1.2928217649459839, "acc": 0.6600000262260437, "AUC": 0.6862443685531616, "number_of_bets_tested": 150}}, "ans": 0}, "2020020853.0": {"pred": {"under": 0.43316575247084943, "over": 0.5671184173692905, "metrics": {"loss": 1.2928217649459839, "acc": 0.6600000262260437, "AUC": 0.6862443685531616, "number_of_bets_tested": 150}}, "ans": 1}}