{"2020020465.0": {"pred": {"under": 0.08402139157628373, "over": 0.9160531273370547, "metrics": {"loss": 1.015926480293274, "acc": 0.5874125957489014, "AUC": 0.6110811829566956, "number_of_bets_tested": 143}}, "ans": 1}, "2020020480.0": {"pred": {"under": 0.505717234648019, "over": 0.4938645478115524, "metrics": {"loss": 1.015926480293274, "acc": 0.5874125957489014, "AUC": 0.6110811829566956, "number_of_bets_tested": 143}}, "ans": 0}, "2020020490.0": {"pred": {"under": 0.47388341327659206, "over": 0.525646330165038, "metrics": {"loss": 1.015926480293274, "acc": 0.5874125957489014, "AUC": 0.6110811829566956, "number_of_bets_tested": 143}}, "ans": 1}, "2020020499.0": {"pred": {"under": 0.33640926904086355, "over": 0.6635571652040148, "metrics": {"loss": 1.015926480293274, "acc": 0.5874125957489014, "AUC": 0.6110811829566956, "number_of_bets_tested": 143}}, "ans": 1}, "2020020511.0": {"pred": {"under": 0.21369298640319123, "over": 0.7874491664360619, "metrics": {"loss": 1.015926480293274, "acc": 0.5874125957489014, "AUC": 0.6110811829566956, "number_of_bets_tested": 143}}, "ans": 1}, "2020020527.0": {"pred": {"under": 0.41415774555401086, "over": 0.5853283238415282, "metrics": {"loss": 1.015926480293274, "acc": 0.5874125957489014, "AUC": 0.6110811829566956, "number_of_bets_tested": 143}}, "ans": 0}, "2020020537.0": {"pred": {"under": 0.6347411977806082, "over": 0.3666407923962521, "metrics": {"loss": 1.015926480293274, "acc": 0.5874125957489014, "AUC": 0.6110811829566956, "number_of_bets_tested": 143}}, "ans": 1}, "2020020552.0": {"pred": {"under": 0.3921634186714085, "over": 0.6097010089154703, "metrics": {"loss": 1.015926480293274, "acc": 0.5874125957489014, "AUC": 0.6110811829566956, "number_of_bets_tested": 143}}, "ans": 0}, "2020020608.0": {"pred": {"under": 0.39483898066649925, "over": 0.6050449491565337, "metrics": {"loss": 1.015926480293274, "acc": 0.5874125957489014, "AUC": 0.6110811829566956, "number_of_bets_tested": 143}}, "ans": 1}, "2020020849.0": {"pred": {"under": 0.6522376848244449, "over": 0.34782533692730705, "metrics": {"loss": 1.015926480293274, "acc": 0.5874125957489014, "AUC": 0.6110811829566956, "number_of_bets_tested": 143}}, "ans": 0}, "2020020669.0": {"pred": {"under": 0.46755960067733543, "over": 0.5316090976156435, "metrics": {"loss": 1.015926480293274, "acc": 0.5874125957489014, "AUC": 0.6110811829566956, "number_of_bets_tested": 143}}, "ans": 0}, "2020020671.0": {"pred": {"under": 0.4730592071312057, "over": 0.5274698943462125, "metrics": {"loss": 1.015926480293274, "acc": 0.5874125957489014, "AUC": 0.6110811829566956, "number_of_bets_tested": 143}}, "ans": 0}, "2020020686.0": {"pred": {"under": 0.3064282779571635, "over": 0.6953416100997079, "metrics": {"loss": 1.015926480293274, "acc": 0.5874125957489014, "AUC": 0.6110811829566956, "number_of_bets_tested": 143}}, "ans": 1}, "2020020708.0": {"pred": {"under": 0.4344079452989848, "over": 0.566591349613638, "metrics": {"loss": 1.015926480293274, "acc": 0.5874125957489014, "AUC": 0.6110811829566956, "number_of_bets_tested": 143}}, "ans": 1}, "2020020736.0": {"pred": {"under": 0.21822552608033005, "over": 0.7820553189422421, "metrics": {"loss": 1.015926480293274, "acc": 0.5874125957489014, "AUC": 0.6110811829566956, "number_of_bets_tested": 143}}, "ans": 1}, "2020020761.0": {"pred": {"under": 0.46112097881523123, "over": 0.5384460676527717, "metrics": {"loss": 1.015926480293274, "acc": 0.5874125957489014, "AUC": 0.6110811829566956, "number_of_bets_tested": 143}}, "ans": 0}, "2020020789.0": {"pred": {"under": 0.505717234648019, "over": 0.4938645478115524, "metrics": {"loss": 1.015926480293274, "acc": 0.5874125957489014, "AUC": 0.6110811829566956, "number_of_bets_tested": 143}}, "ans": 0}, "2020020834.0": {"pred": {"under": 0.07506084074107028, "over": 0.9249975466825615, "metrics": {"loss": 1.015926480293274, "acc": 0.5874125957489014, "AUC": 0.6110811829566956, "number_of_bets_tested": 143}}, "ans": 0}, "2020020720.0": {"pred": {"under": 0.10778876614248165, "over": 0.8923340602610732, "metrics": {"loss": 1.015926480293274, "acc": 0.5874125957489014, "AUC": 0.6110811829566956, "number_of_bets_tested": 143}}, "ans": 1}, "2020020864.0": {"pred": {"under": 0.1273101504181167, "over": 0.8728547381873705, "metrics": {"loss": 1.015926480293274, "acc": 0.5874125957489014, "AUC": 0.6110811829566956, "number_of_bets_tested": 143}}, "ans": 0}}