{"2020020477.0": {"pred": {"under": 0.35983819953627855, "over": 0.6396307650478279, "metrics": {"loss": 0.7664000391960144, "acc": 0.5740740895271301, "AUC": 0.5903825759887695, "number_of_bets_tested": 162}}, "ans": 0}, "2020020151.0": {"pred": {"under": 0.6242555867307524, "over": 0.3757186468235953, "metrics": {"loss": 0.7664000391960144, "acc": 0.5740740895271301, "AUC": 0.5903825759887695, "number_of_bets_tested": 162}}, "ans": 0}, "2020020517.0": {"pred": {"under": 0.49477490562157844, "over": 0.5041812937700821, "metrics": {"loss": 0.7664000391960144, "acc": 0.5740740895271301, "AUC": 0.5903825759887695, "number_of_bets_tested": 162}}, "ans": 0}, "2020020524.0": {"pred": {"under": 0.3349787810419348, "over": 0.6641600459423498, "metrics": {"loss": 0.7664000391960144, "acc": 0.5740740895271301, "AUC": 0.5903825759887695, "number_of_bets_tested": 162}}, "ans": 1}, "2020020541.0": {"pred": {"under": 0.6223905070194277, "over": 0.3776355570377879, "metrics": {"loss": 0.7664000391960144, "acc": 0.5740740895271301, "AUC": 0.5903825759887695, "number_of_bets_tested": 162}}, "ans": 1}, "2020020556.0": {"pred": {"under": 0.6251865963752373, "over": 0.37484106717005633, "metrics": {"loss": 0.7664000391960144, "acc": 0.5740740895271301, "AUC": 0.5903825759887695, "number_of_bets_tested": 162}}, "ans": 0}, "2020020580.0": {"pred": {"under": 0.6186172431709407, "over": 0.3814066161276555, "metrics": {"loss": 0.7664000391960144, "acc": 0.5740740895271301, "AUC": 0.5903825759887695, "number_of_bets_tested": 162}}, "ans": 0}, "2020020611.0": {"pred": {"under": 0.4659956956623183, "over": 0.5353788246586028, "metrics": {"loss": 0.7664000391960144, "acc": 0.5740740895271301, "AUC": 0.5903825759887695, "number_of_bets_tested": 162}}, "ans": 0}, "2020020625.0": {"pred": {"under": 0.5624745429957017, "over": 0.4368268503243631, "metrics": {"loss": 0.7664000391960144, "acc": 0.5740740895271301, "AUC": 0.5903825759887695, "number_of_bets_tested": 162}}, "ans": 1}, "2020020494.0": {"pred": {"under": 0.6248072909068494, "over": 0.3752118897714098, "metrics": {"loss": 0.7664000391960144, "acc": 0.5740740895271301, "AUC": 0.5903825759887695, "number_of_bets_tested": 162}}, "ans": 0}, "2020020650.0": {"pred": {"under": 0.5960459353942539, "over": 0.4038219319763043, "metrics": {"loss": 0.7664000391960144, "acc": 0.5740740895271301, "AUC": 0.5903825759887695, "number_of_bets_tested": 162}}, "ans": 1}, "2020020666.0": {"pred": {"under": 0.6251865963752373, "over": 0.37484106717005633, "metrics": {"loss": 0.7664000391960144, "acc": 0.5740740895271301, "AUC": 0.5903825759887695, "number_of_bets_tested": 162}}, "ans": 0}, "2020020676.0": {"pred": {"under": 0.6713782481542097, "over": 0.3288250839219058, "metrics": {"loss": 0.7664000391960144, "acc": 0.5740740895271301, "AUC": 0.5903825759887695, "number_of_bets_tested": 162}}, "ans": 0}, "2020020691.0": {"pred": {"under": 0.6232182757919659, "over": 0.3767846556767716, "metrics": {"loss": 0.7664000391960144, "acc": 0.5740740895271301, "AUC": 0.5903825759887695, "number_of_bets_tested": 162}}, "ans": 1}, "2020020702.0": {"pred": {"under": 0.6300685127475536, "over": 0.3697396019260183, "metrics": {"loss": 0.7664000391960144, "acc": 0.5740740895271301, "AUC": 0.5903825759887695, "number_of_bets_tested": 162}}, "ans": 1}}