{"2020020790.0": {"pred": {"under": 0.09672844502432809, "over": 0.9032226145189418, "metrics": {"loss": 1.6988298892974854, "acc": 0.463087260723114, "AUC": 0.46518176794052124, "number_of_bets_tested": 149}}, "ans": 0}, "2020030162.0": {"pred": {"under": 0.8514257243705791, "over": 0.1487386829514161, "metrics": {"loss": 1.6988298892974854, "acc": 0.463087260723114, "AUC": 0.46518176794052124, "number_of_bets_tested": 149}}, "ans": 1}, "2020030163.0": {"pred": {"under": 0.9991552224740907, "over": 0.0008447775616637001, "metrics": {"loss": 1.6988298892974854, "acc": 0.463087260723114, "AUC": 0.46518176794052124, "number_of_bets_tested": 149}}, "ans": 0}, "2020030164.0": {"pred": {"under": 0.8821659057673803, "over": 0.11771044959248946, "metrics": {"loss": 1.6988298892974854, "acc": 0.463087260723114, "AUC": 0.46518176794052124, "number_of_bets_tested": 149}}, "ans": 1}, "2020030165.0": {"pred": {"under": 0.8316255854311663, "over": 0.16833011885914373, "metrics": {"loss": 1.6988298892974854, "acc": 0.463087260723114, "AUC": 0.46518176794052124, "number_of_bets_tested": 149}}, "ans": 0}}