{"2020020579.0": {"pred": {"under": 0.15062929351498605, "over": 0.8494993283826887, "metrics": {"loss": 1.6506028175354004, "acc": 0.42603549361228943, "AUC": 0.41126012802124023, "number_of_bets_tested": 169}}, "ans": 1}, "2020020606.0": {"pred": {"under": 0.590671851433705, "over": 0.409622474061481, "metrics": {"loss": 1.6506028175354004, "acc": 0.42603549361228943, "AUC": 0.41126012802124023, "number_of_bets_tested": 169}}, "ans": 1}, "2020020620.0": {"pred": {"under": 0.35123304264482064, "over": 0.648732477556135, "metrics": {"loss": 1.6506028175354004, "acc": 0.42603549361228943, "AUC": 0.41126012802124023, "number_of_bets_tested": 169}}, "ans": 1}, "2020020639.0": {"pred": {"under": 0.8203922405561835, "over": 0.17965106313876197, "metrics": {"loss": 1.6506028175354004, "acc": 0.42603549361228943, "AUC": 0.41126012802124023, "number_of_bets_tested": 169}}, "ans": 0}, "2020020655.0": {"pred": {"under": 0.44519140944718305, "over": 0.5548877232137942, "metrics": {"loss": 1.6506028175354004, "acc": 0.42603549361228943, "AUC": 0.41126012802124023, "number_of_bets_tested": 169}}, "ans": 0}, "2020020663.0": {"pred": {"under": 0.44519140944718305, "over": 0.5548877232137942, "metrics": {"loss": 1.6506028175354004, "acc": 0.42603549361228943, "AUC": 0.41126012802124023, "number_of_bets_tested": 169}}, "ans": 0}, "2020020674.0": {"pred": {"under": 0.24730156323206384, "over": 0.7528392058863451, "metrics": {"loss": 1.6506028175354004, "acc": 0.42603549361228943, "AUC": 0.41126012802124023, "number_of_bets_tested": 169}}, "ans": 1}, "2020020689.0": {"pred": {"under": 0.36479574964776607, "over": 0.635087488020219, "metrics": {"loss": 1.6506028175354004, "acc": 0.42603549361228943, "AUC": 0.41126012802124023, "number_of_bets_tested": 169}}, "ans": 1}, "2020020705.0": {"pred": {"under": 0.4600563542310107, "over": 0.5400882612702709, "metrics": {"loss": 1.6506028175354004, "acc": 0.42603549361228943, "AUC": 0.41126012802124023, "number_of_bets_tested": 169}}, "ans": 0}, "2020020713.0": {"pred": {"under": 0.4321381205665694, "over": 0.5678679519946065, "metrics": {"loss": 1.6506028175354004, "acc": 0.42603549361228943, "AUC": 0.41126012802124023, "number_of_bets_tested": 169}}, "ans": 1}, "2020020728.0": {"pred": {"under": 0.44519140944718305, "over": 0.5548877232137942, "metrics": {"loss": 1.6506028175354004, "acc": 0.42603549361228943, "AUC": 0.41126012802124023, "number_of_bets_tested": 169}}, "ans": 0}, "2020020779.0": {"pred": {"under": 0.44519140944718305, "over": 0.5548877232137942, "metrics": {"loss": 1.6506028175354004, "acc": 0.42603549361228943, "AUC": 0.41126012802124023, "number_of_bets_tested": 169}}, "ans": 1}, "2020020821.0": {"pred": {"under": 0.44519140944718305, "over": 0.5548877232137942, "metrics": {"loss": 1.6506028175354004, "acc": 0.42603549361228943, "AUC": 0.41126012802124023, "number_of_bets_tested": 169}}, "ans": 1}, "2020020835.0": {"pred": {"under": 0.44519140944718305, "over": 0.5548877232137942, "metrics": {"loss": 1.6506028175354004, "acc": 0.42603549361228943, "AUC": 0.41126012802124023, "number_of_bets_tested": 169}}, "ans": 1}, "2020020851.0": {"pred": {"under": 0.44519140944718305, "over": 0.5548877232137942, "metrics": {"loss": 1.6506028175354004, "acc": 0.42603549361228943, "AUC": 0.41126012802124023, "number_of_bets_tested": 169}}, "ans": 1}, "2020020162.0": {"pred": {"under": 0.44519140944718305, "over": 0.5548877232137942, "metrics": {"loss": 1.6506028175354004, "acc": 0.42603549361228943, "AUC": 0.41126012802124023, "number_of_bets_tested": 169}}, "ans": 1}, "2020030162.0": {"pred": {"under": 0.44519140944718305, "over": 0.5548877232137942, "metrics": {"loss": 1.6506028175354004, "acc": 0.42603549361228943, "AUC": 0.41126012802124023, "number_of_bets_tested": 169}}, "ans": 1}, "2020030163.0": {"pred": {"under": 0.44519140944718305, "over": 0.5548877232137942, "metrics": {"loss": 1.6506028175354004, "acc": 0.42603549361228943, "AUC": 0.41126012802124023, "number_of_bets_tested": 169}}, "ans": 1}, "2020030164.0": {"pred": {"under": 0.44519140944718305, "over": 0.5548877232137942, "metrics": {"loss": 1.6506028175354004, "acc": 0.42603549361228943, "AUC": 0.41126012802124023, "number_of_bets_tested": 169}}, "ans": 0}, "2020030165.0": {"pred": {"under": 0.44519140944718305, "over": 0.5548877232137942, "metrics": {"loss": 1.6506028175354004, "acc": 0.42603549361228943, "AUC": 0.41126012802124023, "number_of_bets_tested": 169}}, "ans": 1}}