{"2020020520.0": {"pred": {"under": 0.8237562238786132, "over": 0.17584961946030941, "metrics": {"loss": 1.0689387321472168, "acc": 0.5724138021469116, "AUC": 0.5974554419517517, "number_of_bets_tested": 145}}, "ans": 0}, "2020020534.0": {"pred": {"under": 0.6494762222676144, "over": 0.3505622490543132, "metrics": {"loss": 1.0689387321472168, "acc": 0.5724138021469116, "AUC": 0.5974554419517517, "number_of_bets_tested": 145}}, "ans": 0}, "2020020577.0": {"pred": {"under": 0.7052610589738675, "over": 0.2944955181695473, "metrics": {"loss": 1.0689387321472168, "acc": 0.5724138021469116, "AUC": 0.5974554419517517, "number_of_bets_tested": 145}}, "ans": 0}, "2020020617.0": {"pred": {"under": 0.9305743610693181, "over": 0.06935620807974884, "metrics": {"loss": 1.0689387321472168, "acc": 0.5724138021469116, "AUC": 0.5974554419517517, "number_of_bets_tested": 145}}, "ans": 0}}