{"2020020466.0": {"pred": {"under": 0.2712271804642434, "over": 0.728418735956697, "metrics": {"loss": 1.087708592414856, "acc": 0.4503311216831207, "AUC": 0.5121266841888428, "number_of_bets_tested": 151}}, "ans": 0}, "2020020481.0": {"pred": {"under": 0.5119154905893749, "over": 0.48770395357316354, "metrics": {"loss": 1.087708592414856, "acc": 0.4503311216831207, "AUC": 0.5121266841888428, "number_of_bets_tested": 151}}, "ans": 1}, "2020020523.0": {"pred": {"under": 0.1393432257786329, "over": 0.8606462933751203, "metrics": {"loss": 1.087708592414856, "acc": 0.4503311216831207, "AUC": 0.5121266841888428, "number_of_bets_tested": 151}}, "ans": 0}, "2020020554.0": {"pred": {"under": 0.448029495888624, "over": 0.550933375193589, "metrics": {"loss": 1.087708592414856, "acc": 0.4503311216831207, "AUC": 0.5121266841888428, "number_of_bets_tested": 151}}, "ans": 0}, "2020020569.0": {"pred": {"under": 0.4942415800442093, "over": 0.5053351293616041, "metrics": {"loss": 1.087708592414856, "acc": 0.4503311216831207, "AUC": 0.5121266841888428, "number_of_bets_tested": 151}}, "ans": 1}, "2020020579.0": {"pred": {"under": 0.5141811006079223, "over": 0.48469865304953585, "metrics": {"loss": 1.087708592414856, "acc": 0.4503311216831207, "AUC": 0.5121266841888428, "number_of_bets_tested": 151}}, "ans": 0}, "2020020606.0": {"pred": {"under": 0.2856047957239371, "over": 0.7138890277287756, "metrics": {"loss": 1.087708592414856, "acc": 0.4503311216831207, "AUC": 0.5121266841888428, "number_of_bets_tested": 151}}, "ans": 0}, "2020020620.0": {"pred": {"under": 0.1409914326301476, "over": 0.8589971671926772, "metrics": {"loss": 1.087708592414856, "acc": 0.4503311216831207, "AUC": 0.5121266841888428, "number_of_bets_tested": 151}}, "ans": 1}, "2020020639.0": {"pred": {"under": 0.5165741288144297, "over": 0.48314514232826006, "metrics": {"loss": 1.087708592414856, "acc": 0.4503311216831207, "AUC": 0.5121266841888428, "number_of_bets_tested": 151}}, "ans": 0}, "2020020655.0": {"pred": {"under": 0.5254019288546024, "over": 0.4753720055692303, "metrics": {"loss": 1.087708592414856, "acc": 0.4503311216831207, "AUC": 0.5121266841888428, "number_of_bets_tested": 151}}, "ans": 0}, "2020020663.0": {"pred": {"under": 0.8346045986425282, "over": 0.16577666140776226, "metrics": {"loss": 1.087708592414856, "acc": 0.4503311216831207, "AUC": 0.5121266841888428, "number_of_bets_tested": 151}}, "ans": 1}, "2020020674.0": {"pred": {"under": 0.21288313409011006, "over": 0.7870221895653082, "metrics": {"loss": 1.087708592414856, "acc": 0.4503311216831207, "AUC": 0.5121266841888428, "number_of_bets_tested": 151}}, "ans": 0}, "2020020689.0": {"pred": {"under": 0.03597284135173903, "over": 0.9640286272029107, "metrics": {"loss": 1.087708592414856, "acc": 0.4503311216831207, "AUC": 0.5121266841888428, "number_of_bets_tested": 151}}, "ans": 0}, "2020020705.0": {"pred": {"under": 0.15789875467676073, "over": 0.8420368038234877, "metrics": {"loss": 1.087708592414856, "acc": 0.4503311216831207, "AUC": 0.5121266841888428, "number_of_bets_tested": 151}}, "ans": 0}, "2020020713.0": {"pred": {"under": 0.20310937291442935, "over": 0.79672368002922, "metrics": {"loss": 1.087708592414856, "acc": 0.4503311216831207, "AUC": 0.5121266841888428, "number_of_bets_tested": 151}}, "ans": 0}, "2020020728.0": {"pred": {"under": 0.5840247198703018, "over": 0.41634983986376733, "metrics": {"loss": 1.087708592414856, "acc": 0.4503311216831207, "AUC": 0.5121266841888428, "number_of_bets_tested": 151}}, "ans": 0}, "2020020779.0": {"pred": {"under": 0.6014342048362052, "over": 0.3990969994083979, "metrics": {"loss": 1.087708592414856, "acc": 0.4503311216831207, "AUC": 0.5121266841888428, "number_of_bets_tested": 151}}, "ans": 0}}