{"2020020462.0": {"pred": {"under": 0.966543848075235, "over": 0.033455249168369214, "metrics": {"loss": 1.5334179401397705, "acc": 0.4383561611175537, "AUC": 0.4169169068336487, "number_of_bets_tested": 146}}, "ans": 1}, "2020020469.0": {"pred": {"under": 0.9421185271104064, "over": 0.05787947055432073, "metrics": {"loss": 1.5334179401397705, "acc": 0.4383561611175537, "AUC": 0.4169169068336487, "number_of_bets_tested": 146}}, "ans": 0}, "2020020484.0": {"pred": {"under": 0.9137853227292706, "over": 0.0862076962592713, "metrics": {"loss": 1.5334179401397705, "acc": 0.4383561611175537, "AUC": 0.4169169068336487, "number_of_bets_tested": 146}}, "ans": 0}, "2020020755.0": {"pred": {"under": 0.46369894967083625, "over": 0.5365243678602754, "metrics": {"loss": 1.5334179401397705, "acc": 0.4383561611175537, "AUC": 0.4169169068336487, "number_of_bets_tested": 146}}, "ans": 0}, "2020020504.0": {"pred": {"under": 0.6895761007761677, "over": 0.309720280173397, "metrics": {"loss": 1.5334179401397705, "acc": 0.4383561611175537, "AUC": 0.4169169068336487, "number_of_bets_tested": 146}}, "ans": 1}, "2020020516.0": {"pred": {"under": 0.5484324138258188, "over": 0.4510431144293205, "metrics": {"loss": 1.5334179401397705, "acc": 0.4383561611175537, "AUC": 0.4169169068336487, "number_of_bets_tested": 146}}, "ans": 0}, "2020020548.0": {"pred": {"under": 0.998203599983396, "over": 0.0017964004059266645, "metrics": {"loss": 1.5334179401397705, "acc": 0.4383561611175537, "AUC": 0.4169169068336487, "number_of_bets_tested": 146}}, "ans": 0}, "2020020557.0": {"pred": {"under": 0.9865359847670248, "over": 0.013464202611419184, "metrics": {"loss": 1.5334179401397705, "acc": 0.4383561611175537, "AUC": 0.4169169068336487, "number_of_bets_tested": 146}}, "ans": 0}, "2020020390.0": {"pred": {"under": 0.95692850486351, "over": 0.04307147999865064, "metrics": {"loss": 1.5334179401397705, "acc": 0.4383561611175537, "AUC": 0.4169169068336487, "number_of_bets_tested": 146}}, "ans": 0}, "2020020614.0": {"pred": {"under": 0.6051418999873417, "over": 0.39372135193676755, "metrics": {"loss": 1.5334179401397705, "acc": 0.4383561611175537, "AUC": 0.4169169068336487, "number_of_bets_tested": 146}}, "ans": 1}, "2020020626.0": {"pred": {"under": 0.902977353660735, "over": 0.09701380005755623, "metrics": {"loss": 1.5334179401397705, "acc": 0.4383561611175537, "AUC": 0.4169169068336487, "number_of_bets_tested": 146}}, "ans": 0}, "2020020202.0": {"pred": {"under": 0.689475237843673, "over": 0.31003518180086126, "metrics": {"loss": 1.5334179401397705, "acc": 0.4383561611175537, "AUC": 0.4169169068336487, "number_of_bets_tested": 146}}, "ans": 1}, "2020020680.0": {"pred": {"under": 0.476884975414133, "over": 0.5235202769771384, "metrics": {"loss": 1.5334179401397705, "acc": 0.4383561611175537, "AUC": 0.4169169068336487, "number_of_bets_tested": 146}}, "ans": 0}, "2020020692.0": {"pred": {"under": 0.7013036101283242, "over": 0.2982397941687078, "metrics": {"loss": 1.5334179401397705, "acc": 0.4383561611175537, "AUC": 0.4169169068336487, "number_of_bets_tested": 146}}, "ans": 0}, "2020020703.0": {"pred": {"under": 0.9059700476154404, "over": 0.094001926750213, "metrics": {"loss": 1.5334179401397705, "acc": 0.4383561611175537, "AUC": 0.4169169068336487, "number_of_bets_tested": 146}}, "ans": 1}, "2020020254.0": {"pred": {"under": 0.8839167852442489, "over": 0.11613842535430749, "metrics": {"loss": 1.5334179401397705, "acc": 0.4383561611175537, "AUC": 0.4169169068336487, "number_of_bets_tested": 146}}, "ans": 1}, "2020020739.0": {"pred": {"under": 0.9589386944435843, "over": 0.04106477816780522, "metrics": {"loss": 1.5334179401397705, "acc": 0.4383561611175537, "AUC": 0.4169169068336487, "number_of_bets_tested": 146}}, "ans": 1}, "2020020216.0": {"pred": {"under": 0.5484324138258188, "over": 0.4510431144293205, "metrics": {"loss": 1.5334179401397705, "acc": 0.4383561611175537, "AUC": 0.4169169068336487, "number_of_bets_tested": 146}}, "ans": 0}, "2020020716.0": {"pred": {"under": 0.5484324138258188, "over": 0.4510431144293205, "metrics": {"loss": 1.5334179401397705, "acc": 0.4383561611175537, "AUC": 0.4169169068336487, "number_of_bets_tested": 146}}, "ans": 0}, "2020020783.0": {"pred": {"under": 0.5484324138258188, "over": 0.4510431144293205, "metrics": {"loss": 1.5334179401397705, "acc": 0.4383561611175537, "AUC": 0.4169169068336487, "number_of_bets_tested": 146}}, "ans": 0}, "2020020815.0": {"pred": {"under": 0.6893122403929483, "over": 0.3093817464502863, "metrics": {"loss": 1.5334179401397705, "acc": 0.4383561611175537, "AUC": 0.4169169068336487, "number_of_bets_tested": 146}}, "ans": 0}, "2020020826.0": {"pred": {"under": 0.9634678518848885, "over": 0.03650953177434148, "metrics": {"loss": 1.5334179401397705, "acc": 0.4383561611175537, "AUC": 0.4169169068336487, "number_of_bets_tested": 146}}, "ans": 0}, "2020020840.0": {"pred": {"under": 0.8644592625408114, "over": 0.13549250479430644, "metrics": {"loss": 1.5334179401397705, "acc": 0.4383561611175537, "AUC": 0.4169169068336487, "number_of_bets_tested": 146}}, "ans": 0}}