{"2020020202.0": {"pred": {"under": 0.42110184363915454, "over": 0.575128434899981, "metrics": {"loss": 0.7384738922119141, "acc": 0.5783132314682007, "AUC": 0.6242923736572266, "number_of_bets_tested": 166}}, "ans": 0}, "2020020216.0": {"pred": {"under": 0.5871786754553803, "over": 0.4126725706604571, "metrics": {"loss": 0.7384738922119141, "acc": 0.5783132314682007, "AUC": 0.6242923736572266, "number_of_bets_tested": 166}}, "ans": 1}, "2020020716.0": {"pred": {"under": 0.5445829833969266, "over": 0.4559947571551172, "metrics": {"loss": 0.7384738922119141, "acc": 0.5783132314682007, "AUC": 0.6242923736572266, "number_of_bets_tested": 166}}, "ans": 1}, "2020020783.0": {"pred": {"under": 0.6783114919865905, "over": 0.32237875173014974, "metrics": {"loss": 0.7384738922119141, "acc": 0.5783132314682007, "AUC": 0.6242923736572266, "number_of_bets_tested": 166}}, "ans": 1}, "2020020815.0": {"pred": {"under": 0.4749695003936543, "over": 0.5254260657613053, "metrics": {"loss": 0.7384738922119141, "acc": 0.5783132314682007, "AUC": 0.6242923736572266, "number_of_bets_tested": 166}}, "ans": 0}}