{"2020020467.0": {"pred": {"under": 0.9922287801511263, "over": 0.007771039883300851, "metrics": {"loss": 0.8618180751800537, "acc": 0.5890411138534546, "AUC": 0.6379479765892029, "number_of_bets_tested": 146}}, "ans": 0}, "2020020482.0": {"pred": {"under": 0.883623520460211, "over": 0.11655674643456504, "metrics": {"loss": 0.8618180751800537, "acc": 0.5890411138534546, "AUC": 0.6379479765892029, "number_of_bets_tested": 146}}, "ans": 0}, "2020020493.0": {"pred": {"under": 0.6831218971712782, "over": 0.31753125566283247, "metrics": {"loss": 0.8618180751800537, "acc": 0.5890411138534546, "AUC": 0.6379479765892029, "number_of_bets_tested": 146}}, "ans": 1}, "2020020122.0": {"pred": {"under": 0.4586906113115578, "over": 0.5411598052267879, "metrics": {"loss": 0.8618180751800537, "acc": 0.5890411138534546, "AUC": 0.6379479765892029, "number_of_bets_tested": 146}}, "ans": 0}, "2020020223.0": {"pred": {"under": 0.9487220958927827, "over": 0.05129038185119392, "metrics": {"loss": 0.8618180751800537, "acc": 0.5890411138534546, "AUC": 0.6379479765892029, "number_of_bets_tested": 146}}, "ans": 1}, "2020020525.0": {"pred": {"under": 0.8720378753659381, "over": 0.12754106210321525, "metrics": {"loss": 0.8618180751800537, "acc": 0.5890411138534546, "AUC": 0.6379479765892029, "number_of_bets_tested": 146}}, "ans": 1}, "2020020535.0": {"pred": {"under": 0.620683184582034, "over": 0.37863722700286695, "metrics": {"loss": 0.8618180751800537, "acc": 0.5890411138534546, "AUC": 0.6379479765892029, "number_of_bets_tested": 146}}, "ans": 0}, "2020020723.0": {"pred": {"under": 0.7679740694399525, "over": 0.23232916779628618, "metrics": {"loss": 0.8618180751800537, "acc": 0.5890411138534546, "AUC": 0.6379479765892029, "number_of_bets_tested": 146}}, "ans": 0}, "2020020606.0": {"pred": {"under": 0.9051268521195118, "over": 0.09469839265847449, "metrics": {"loss": 0.8618180751800537, "acc": 0.5890411138534546, "AUC": 0.6379479765892029, "number_of_bets_tested": 146}}, "ans": 1}, "2020020620.0": {"pred": {"under": 0.9999848821889784, "over": 1.5117811017262416e-05, "metrics": {"loss": 0.8618180751800537, "acc": 0.5890411138534546, "AUC": 0.6379479765892029, "number_of_bets_tested": 146}}, "ans": 1}, "2020020637.0": {"pred": {"under": 0.993217131012898, "over": 0.0067826327644728715, "metrics": {"loss": 0.8618180751800537, "acc": 0.5890411138534546, "AUC": 0.6379479765892029, "number_of_bets_tested": 146}}, "ans": 0}, "2020020654.0": {"pred": {"under": 0.48201564286240883, "over": 0.5183162460254274, "metrics": {"loss": 0.8618180751800537, "acc": 0.5890411138534546, "AUC": 0.6379479765892029, "number_of_bets_tested": 146}}, "ans": 1}, "2020020182.0": {"pred": {"under": 0.9890549668819761, "over": 0.010944749031509082, "metrics": {"loss": 0.8618180751800537, "acc": 0.5890411138534546, "AUC": 0.6379479765892029, "number_of_bets_tested": 146}}, "ans": 0}, "2020020700.0": {"pred": {"under": 0.46911102670237614, "over": 0.5309564952116727, "metrics": {"loss": 0.8618180751800537, "acc": 0.5890411138534546, "AUC": 0.6379479765892029, "number_of_bets_tested": 146}}, "ans": 0}, "2020020735.0": {"pred": {"under": 0.5529195490009439, "over": 0.4469595482212045, "metrics": {"loss": 0.8618180751800537, "acc": 0.5890411138534546, "AUC": 0.6379479765892029, "number_of_bets_tested": 146}}, "ans": 0}, "2020020191.0": {"pred": {"under": 0.4865516131522401, "over": 0.5133887272178259, "metrics": {"loss": 0.8618180751800537, "acc": 0.5890411138534546, "AUC": 0.6379479765892029, "number_of_bets_tested": 146}}, "ans": 0}, "2020020778.0": {"pred": {"under": 0.33273489887530144, "over": 0.6667952926697445, "metrics": {"loss": 0.8618180751800537, "acc": 0.5890411138534546, "AUC": 0.6379479765892029, "number_of_bets_tested": 146}}, "ans": 0}, "2020020762.0": {"pred": {"under": 0.45614212645082564, "over": 0.5436111133807339, "metrics": {"loss": 0.8618180751800537, "acc": 0.5890411138534546, "AUC": 0.6379479765892029, "number_of_bets_tested": 146}}, "ans": 0}, "2020020818.0": {"pred": {"under": 0.6315264827765549, "over": 0.36737729763534793, "metrics": {"loss": 0.8618180751800537, "acc": 0.5890411138534546, "AUC": 0.6379479765892029, "number_of_bets_tested": 146}}, "ans": 0}, "2020020832.0": {"pred": {"under": 0.4586906113115578, "over": 0.5411598052267879, "metrics": {"loss": 0.8618180751800537, "acc": 0.5890411138534546, "AUC": 0.6379479765892029, "number_of_bets_tested": 146}}, "ans": 0}, "2020020851.0": {"pred": {"under": 0.5272493281316372, "over": 0.47278721482584296, "metrics": {"loss": 0.8618180751800537, "acc": 0.5890411138534546, "AUC": 0.6379479765892029, "number_of_bets_tested": 146}}, "ans": 1}, "2020020790.0": {"pred": {"under": 0.885658966054816, "over": 0.11414431492100709, "metrics": {"loss": 0.8618180751800537, "acc": 0.5890411138534546, "AUC": 0.6379479765892029, "number_of_bets_tested": 146}}, "ans": 1}}