{"2020020735.0": {"pred": {"under": 0.44513396041937275, "over": 0.5550943843847516, "metrics": {"loss": 1.1239641904830933, "acc": 0.45945945382118225, "AUC": 0.4578767716884613, "number_of_bets_tested": 111}}, "ans": 0}, "2020030152.0": {"pred": {"under": 0.47998346183124735, "over": 0.5222633622449915, "metrics": {"loss": 1.1239641904830933, "acc": 0.45945945382118225, "AUC": 0.4578767716884613, "number_of_bets_tested": 111}}, "ans": 1}, "2020030153.0": {"pred": {"under": 0.44513396041937275, "over": 0.5550943843847516, "metrics": {"loss": 1.1239641904830933, "acc": 0.45945945382118225, "AUC": 0.4578767716884613, "number_of_bets_tested": 111}}, "ans": 1}, "2020030154.0": {"pred": {"under": 0.5653463335617369, "over": 0.43612610143409336, "metrics": {"loss": 1.1239641904830933, "acc": 0.45945945382118225, "AUC": 0.4578767716884613, "number_of_bets_tested": 111}}, "ans": 0}}