{"2020020519.0": {"pred": {"under": 0.08399781131817229, "over": 0.9159278183334095, "metrics": {"loss": 0.8643256425857544, "acc": 0.7117646932601929, "AUC": 0.6943944096565247, "number_of_bets_tested": 170}}, "ans": 0}, "2020020643.0": {"pred": {"under": 0.2601672540233182, "over": 0.7395879671533434, "metrics": {"loss": 0.8643256425857544, "acc": 0.7117646932601929, "AUC": 0.6943944096565247, "number_of_bets_tested": 170}}, "ans": 1}, "2020020658.0": {"pred": {"under": 0.0015298137983908546, "over": 0.9984701838821674, "metrics": {"loss": 0.8643256425857544, "acc": 0.7117646932601929, "AUC": 0.6943944096565247, "number_of_bets_tested": 170}}, "ans": 1}, "2020020725.0": {"pred": {"under": 0.001754007329579379, "over": 0.9982459935561213, "metrics": {"loss": 0.8643256425857544, "acc": 0.7117646932601929, "AUC": 0.6943944096565247, "number_of_bets_tested": 170}}, "ans": 1}, "2020020827.0": {"pred": {"under": 0.3165814517019141, "over": 0.6834242074409982, "metrics": {"loss": 0.8643256425857544, "acc": 0.7117646932601929, "AUC": 0.6943944096565247, "number_of_bets_tested": 170}}, "ans": 1}, "2020020280.0": {"pred": {"under": 0.026685165565010664, "over": 0.97330634437189, "metrics": {"loss": 0.8643256425857544, "acc": 0.7117646932601929, "AUC": 0.6943944096565247, "number_of_bets_tested": 170}}, "ans": 1}}