{"2020020700.0": {"pred": {"under": 0.34528187731475724, "over": 0.6547808291441973, "metrics": {"loss": 2.023059606552124, "acc": 0.6636363863945007, "AUC": 0.665785014629364, "number_of_bets_tested": 110}}, "ans": 1}, "2020020790.0": {"pred": {"under": 0.3491096818541302, "over": 0.6509433651149344, "metrics": {"loss": 2.023059606552124, "acc": 0.6636363863945007, "AUC": 0.665785014629364, "number_of_bets_tested": 110}}, "ans": 0}, "2020030152.0": {"pred": {"under": 0.33280409843293285, "over": 0.6672880599779927, "metrics": {"loss": 2.023059606552124, "acc": 0.6636363863945007, "AUC": 0.665785014629364, "number_of_bets_tested": 110}}, "ans": 1}, "2020030153.0": {"pred": {"under": 0.33280409843293285, "over": 0.6672880599779927, "metrics": {"loss": 2.023059606552124, "acc": 0.6636363863945007, "AUC": 0.665785014629364, "number_of_bets_tested": 110}}, "ans": 1}, "2020030154.0": {"pred": {"under": 0.33280409843293285, "over": 0.6672880599779927, "metrics": {"loss": 2.023059606552124, "acc": 0.6636363863945007, "AUC": 0.665785014629364, "number_of_bets_tested": 110}}, "ans": 0}}