{"2020020811.0": {"pred": {"under": 0.3780938604300311, "over": 0.6220369674223458, "metrics": {"loss": 0.7082574367523193, "acc": 0.5984848737716675, "AUC": 0.5928317308425903, "number_of_bets_tested": 132}}, "ans": 1}}