{"2020020458.0": {"pred": {"under": 0.5061984433408638, "over": 0.4936484933224187, "metrics": {"loss": 0.8406972885131836, "acc": 0.447674423456192, "AUC": 0.4410661458969116, "number_of_bets_tested": 172}}, "ans": 1}, "2020020478.0": {"pred": {"under": 0.46349157292470905, "over": 0.536408409763367, "metrics": {"loss": 0.8406972885131836, "acc": 0.447674423456192, "AUC": 0.4410661458969116, "number_of_bets_tested": 172}}, "ans": 0}, "2020020291.0": {"pred": {"under": 0.4553854123938349, "over": 0.544504325546675, "metrics": {"loss": 0.8406972885131836, "acc": 0.447674423456192, "AUC": 0.4410661458969116, "number_of_bets_tested": 172}}, "ans": 1}, "2020020517.0": {"pred": {"under": 0.6055207361031906, "over": 0.39500401733545726, "metrics": {"loss": 0.8406972885131836, "acc": 0.447674423456192, "AUC": 0.4410661458969116, "number_of_bets_tested": 172}}, "ans": 0}, "2020020524.0": {"pred": {"under": 0.7530363126657166, "over": 0.2468518944085238, "metrics": {"loss": 0.8406972885131836, "acc": 0.447674423456192, "AUC": 0.4410661458969116, "number_of_bets_tested": 172}}, "ans": 0}, "2020020558.0": {"pred": {"under": 0.5647608096914168, "over": 0.43324176147019317, "metrics": {"loss": 0.8406972885131836, "acc": 0.447674423456192, "AUC": 0.4410661458969116, "number_of_bets_tested": 172}}, "ans": 0}, "2020020573.0": {"pred": {"under": 0.4330614248307373, "over": 0.5667880312749388, "metrics": {"loss": 0.8406972885131836, "acc": 0.447674423456192, "AUC": 0.4410661458969116, "number_of_bets_tested": 172}}, "ans": 0}, "2020020580.0": {"pred": {"under": 0.7085855102351, "over": 0.2918226711225659, "metrics": {"loss": 0.8406972885131836, "acc": 0.447674423456192, "AUC": 0.4410661458969116, "number_of_bets_tested": 172}}, "ans": 0}, "2020020612.0": {"pred": {"under": 0.6704083044956453, "over": 0.3301004470109672, "metrics": {"loss": 0.8406972885131836, "acc": 0.447674423456192, "AUC": 0.4410661458969116, "number_of_bets_tested": 172}}, "ans": 0}, "2020020628.0": {"pred": {"under": 0.5905299562962311, "over": 0.4098846831418844, "metrics": {"loss": 0.8406972885131836, "acc": 0.447674423456192, "AUC": 0.4410661458969116, "number_of_bets_tested": 172}}, "ans": 1}, "2020020229.0": {"pred": {"under": 0.7105931232907405, "over": 0.289809709796181, "metrics": {"loss": 0.8406972885131836, "acc": 0.447674423456192, "AUC": 0.4410661458969116, "number_of_bets_tested": 172}}, "ans": 0}, "2020020714.0": {"pred": {"under": 0.4006932709344529, "over": 0.5991119354129079, "metrics": {"loss": 0.8406972885131836, "acc": 0.447674423456192, "AUC": 0.4410661458969116, "number_of_bets_tested": 172}}, "ans": 1}, "2020020202.0": {"pred": {"under": 0.7537734391868228, "over": 0.24675984071095222, "metrics": {"loss": 0.8406972885131836, "acc": 0.447674423456192, "AUC": 0.4410661458969116, "number_of_bets_tested": 172}}, "ans": 0}, "2020020677.0": {"pred": {"under": 0.6263332825596297, "over": 0.3739053280960631, "metrics": {"loss": 0.8406972885131836, "acc": 0.447674423456192, "AUC": 0.4410661458969116, "number_of_bets_tested": 172}}, "ans": 0}, "2020020692.0": {"pred": {"under": 0.49409121873888273, "over": 0.5058630796426516, "metrics": {"loss": 0.8406972885131836, "acc": 0.447674423456192, "AUC": 0.4410661458969116, "number_of_bets_tested": 172}}, "ans": 1}, "2020020701.0": {"pred": {"under": 0.680308753263104, "over": 0.320305759897059, "metrics": {"loss": 0.8406972885131836, "acc": 0.447674423456192, "AUC": 0.4410661458969116, "number_of_bets_tested": 172}}, "ans": 0}, "2020020730.0": {"pred": {"under": 0.6039747467650814, "over": 0.3965359706737979, "metrics": {"loss": 0.8406972885131836, "acc": 0.447674423456192, "AUC": 0.4410661458969116, "number_of_bets_tested": 172}}, "ans": 0}, "2020020447.0": {"pred": {"under": 0.7654826733715325, "over": 0.23477802553517899, "metrics": {"loss": 0.8406972885131836, "acc": 0.447674423456192, "AUC": 0.4410661458969116, "number_of_bets_tested": 172}}, "ans": 0}, "2020020830.0": {"pred": {"under": 0.47156406946091545, "over": 0.5283494654468988, "metrics": {"loss": 0.8406972885131836, "acc": 0.447674423456192, "AUC": 0.4410661458969116, "number_of_bets_tested": 172}}, "ans": 1}, "2020020840.0": {"pred": {"under": 0.7315080117528977, "over": 0.2691817757666796, "metrics": {"loss": 0.8406972885131836, "acc": 0.447674423456192, "AUC": 0.4410661458969116, "number_of_bets_tested": 172}}, "ans": 1}, "2020030122.0": {"pred": {"under": 0.3396841904281972, "over": 0.6600726036115266, "metrics": {"loss": 0.8406972885131836, "acc": 0.447674423456192, "AUC": 0.4410661458969116, "number_of_bets_tested": 172}}, "ans": 0}, "2020030123.0": {"pred": {"under": 0.4406316438816686, "over": 0.5592629892387733, "metrics": {"loss": 0.8406972885131836, "acc": 0.447674423456192, "AUC": 0.4410661458969116, "number_of_bets_tested": 172}}, "ans": 1}, "2020030124.0": {"pred": {"under": 0.474502872399439, "over": 0.5254732384274237, "metrics": {"loss": 0.8406972885131836, "acc": 0.447674423456192, "AUC": 0.4410661458969116, "number_of_bets_tested": 172}}, "ans": 0}, "2020030125.0": {"pred": {"under": 0.21323184264813214, "over": 0.7862048501054602, "metrics": {"loss": 0.8406972885131836, "acc": 0.447674423456192, "AUC": 0.4410661458969116, "number_of_bets_tested": 172}}, "ans": 0}}