{"2020020493.0": {"pred": {"under": 0.6122805151635935, "over": 0.3877585475668541, "metrics": {"loss": 1.5296847820281982, "acc": 0.46666666865348816, "AUC": 0.5162667036056519, "number_of_bets_tested": 150}}, "ans": 1}, "2020020540.0": {"pred": {"under": 0.6856012038904762, "over": 0.31446457840820013, "metrics": {"loss": 1.5296847820281982, "acc": 0.46666666865348816, "AUC": 0.5162667036056519, "number_of_bets_tested": 150}}, "ans": 1}, "2020020570.0": {"pred": {"under": 0.5966830355729894, "over": 0.4033316733013046, "metrics": {"loss": 1.5296847820281982, "acc": 0.46666666865348816, "AUC": 0.5162667036056519, "number_of_bets_tested": 150}}, "ans": 1}, "2020020584.0": {"pred": {"under": 0.6147442119384862, "over": 0.3852985202468412, "metrics": {"loss": 1.5296847820281982, "acc": 0.46666666865348816, "AUC": 0.5162667036056519, "number_of_bets_tested": 150}}, "ans": 0}, "2020020241.0": {"pred": {"under": 0.6004065341330832, "over": 0.399614158099534, "metrics": {"loss": 1.5296847820281982, "acc": 0.46666666865348816, "AUC": 0.5162667036056519, "number_of_bets_tested": 150}}, "ans": 0}, "2020020649.0": {"pred": {"under": 0.6125771776489563, "over": 0.3874623292216652, "metrics": {"loss": 1.5296847820281982, "acc": 0.46666666865348816, "AUC": 0.5162667036056519, "number_of_bets_tested": 150}}, "ans": 1}, "2020020664.0": {"pred": {"under": 0.6110183467893452, "over": 0.3890188160843356, "metrics": {"loss": 1.5296847820281982, "acc": 0.46666666865348816, "AUC": 0.5162667036056519, "number_of_bets_tested": 150}}, "ans": 1}, "2020020675.0": {"pred": {"under": 0.5088982718708868, "over": 0.49106994252450337, "metrics": {"loss": 1.5296847820281982, "acc": 0.46666666865348816, "AUC": 0.5162667036056519, "number_of_bets_tested": 150}}, "ans": 1}, "2020020687.0": {"pred": {"under": 0.5712285420636143, "over": 0.4288068422125786, "metrics": {"loss": 1.5296847820281982, "acc": 0.46666666865348816, "AUC": 0.5162667036056519, "number_of_bets_tested": 150}}, "ans": 1}, "2020020698.0": {"pred": {"under": 0.5974343174707071, "over": 0.40258160731192927, "metrics": {"loss": 1.5296847820281982, "acc": 0.46666666865348816, "AUC": 0.5162667036056519, "number_of_bets_tested": 150}}, "ans": 0}, "2020020766.0": {"pred": {"under": 0.5429748975481636, "over": 0.45701253076375786, "metrics": {"loss": 1.5296847820281982, "acc": 0.46666666865348816, "AUC": 0.5162667036056519, "number_of_bets_tested": 150}}, "ans": 0}, "2020020781.0": {"pred": {"under": 0.43013654387326494, "over": 0.5698113802472441, "metrics": {"loss": 1.5296847820281982, "acc": 0.46666666865348816, "AUC": 0.5162667036056519, "number_of_bets_tested": 150}}, "ans": 0}, "2020020853.0": {"pred": {"under": 0.6690518860625709, "over": 0.331056301361145, "metrics": {"loss": 1.5296847820281982, "acc": 0.46666666865348816, "AUC": 0.5162667036056519, "number_of_bets_tested": 150}}, "ans": 1}, "2020020162.0": {"pred": {"under": 0.5143331379183328, "over": 0.4856661312572513, "metrics": {"loss": 1.5296847820281982, "acc": 0.46666666865348816, "AUC": 0.5162667036056519, "number_of_bets_tested": 150}}, "ans": 0}}