{"2020020481.0": {"pred": {"under": 0.4077505466442408, "over": 0.5923499235061516, "metrics": {"loss": 0.8097689151763916, "acc": 0.5847952961921692, "AUC": 0.6239697933197021, "number_of_bets_tested": 171}}, "ans": 0}, "2020020495.0": {"pred": {"under": 0.4291803713703183, "over": 0.5707597194715059, "metrics": {"loss": 0.8097689151763916, "acc": 0.5847952961921692, "AUC": 0.6239697933197021, "number_of_bets_tested": 171}}, "ans": 0}, "2020020503.0": {"pred": {"under": 0.3205701008034881, "over": 0.6797058097851405, "metrics": {"loss": 0.8097689151763916, "acc": 0.5847952961921692, "AUC": 0.6239697933197021, "number_of_bets_tested": 171}}, "ans": 1}, "2020020514.0": {"pred": {"under": 0.23992604755021352, "over": 0.7597765553887397, "metrics": {"loss": 0.8097689151763916, "acc": 0.5847952961921692, "AUC": 0.6239697933197021, "number_of_bets_tested": 171}}, "ans": 1}, "2020020554.0": {"pred": {"under": 0.4291803713703183, "over": 0.5707597194715059, "metrics": {"loss": 0.8097689151763916, "acc": 0.5847952961921692, "AUC": 0.6239697933197021, "number_of_bets_tested": 171}}, "ans": 1}, "2020020569.0": {"pred": {"under": 0.4291803713703183, "over": 0.5707597194715059, "metrics": {"loss": 0.8097689151763916, "acc": 0.5847952961921692, "AUC": 0.6239697933197021, "number_of_bets_tested": 171}}, "ans": 1}, "2020020584.0": {"pred": {"under": 0.4109080528247374, "over": 0.5892065380241345, "metrics": {"loss": 0.8097689151763916, "acc": 0.5847952961921692, "AUC": 0.6239697933197021, "number_of_bets_tested": 171}}, "ans": 0}, "2020020610.0": {"pred": {"under": 0.4291803713703183, "over": 0.5707597194715059, "metrics": {"loss": 0.8097689151763916, "acc": 0.5847952961921692, "AUC": 0.6239697933197021, "number_of_bets_tested": 171}}, "ans": 1}, "2020020624.0": {"pred": {"under": 0.4291803713703183, "over": 0.5707597194715059, "metrics": {"loss": 0.8097689151763916, "acc": 0.5847952961921692, "AUC": 0.6239697933197021, "number_of_bets_tested": 171}}, "ans": 0}, "2020020641.0": {"pred": {"under": 0.4291803713703183, "over": 0.5707597194715059, "metrics": {"loss": 0.8097689151763916, "acc": 0.5847952961921692, "AUC": 0.6239697933197021, "number_of_bets_tested": 171}}, "ans": 1}, "2020020649.0": {"pred": {"under": 0.4291803713703183, "over": 0.5707597194715059, "metrics": {"loss": 0.8097689151763916, "acc": 0.5847952961921692, "AUC": 0.6239697933197021, "number_of_bets_tested": 171}}, "ans": 0}, "2020020663.0": {"pred": {"under": 0.4291803713703183, "over": 0.5707597194715059, "metrics": {"loss": 0.8097689151763916, "acc": 0.5847952961921692, "AUC": 0.6239697933197021, "number_of_bets_tested": 171}}, "ans": 1}, "2020020674.0": {"pred": {"under": 0.4291803713703183, "over": 0.5707597194715059, "metrics": {"loss": 0.8097689151763916, "acc": 0.5847952961921692, "AUC": 0.6239697933197021, "number_of_bets_tested": 171}}, "ans": 0}, "2020020724.0": {"pred": {"under": 0.4291803713703183, "over": 0.5707597194715059, "metrics": {"loss": 0.8097689151763916, "acc": 0.5847952961921692, "AUC": 0.6239697933197021, "number_of_bets_tested": 171}}, "ans": 0}, "2020020240.0": {"pred": {"under": 0.4291803713703183, "over": 0.5707597194715059, "metrics": {"loss": 0.8097689151763916, "acc": 0.5847952961921692, "AUC": 0.6239697933197021, "number_of_bets_tested": 171}}, "ans": 0}, "2020020765.0": {"pred": {"under": 0.4291803713703183, "over": 0.5707597194715059, "metrics": {"loss": 0.8097689151763916, "acc": 0.5847952961921692, "AUC": 0.6239697933197021, "number_of_bets_tested": 171}}, "ans": 1}, "2020020780.0": {"pred": {"under": 0.4291803713703183, "over": 0.5707597194715059, "metrics": {"loss": 0.8097689151763916, "acc": 0.5847952961921692, "AUC": 0.6239697933197021, "number_of_bets_tested": 171}}, "ans": 1}, "2020020822.0": {"pred": {"under": 0.4291803713703183, "over": 0.5707597194715059, "metrics": {"loss": 0.8097689151763916, "acc": 0.5847952961921692, "AUC": 0.6239697933197021, "number_of_bets_tested": 171}}, "ans": 1}, "2020020836.0": {"pred": {"under": 0.3290474918575342, "over": 0.67135645346844, "metrics": {"loss": 0.8097689151763916, "acc": 0.5847952961921692, "AUC": 0.6239697933197021, "number_of_bets_tested": 171}}, "ans": 0}, "2020020852.0": {"pred": {"under": 0.18919548461336752, "over": 0.8112013141518206, "metrics": {"loss": 0.8097689151763916, "acc": 0.5847952961921692, "AUC": 0.6239697933197021, "number_of_bets_tested": 171}}, "ans": 0}, "2020020688.0": {"pred": {"under": 0.4291803713703183, "over": 0.5707597194715059, "metrics": {"loss": 0.8097689151763916, "acc": 0.5847952961921692, "AUC": 0.6239697933197021, "number_of_bets_tested": 171}}, "ans": 1}}