{"2020020458.0": {"pred": {"under": 0.5597434965367011, "over": 0.4406452156455614, "metrics": {"loss": 0.9023706912994385, "acc": 0.48407644033432007, "AUC": 0.500507116317749, "number_of_bets_tested": 157}}, "ans": 0}, "2020020469.0": {"pred": {"under": 0.5597434965367011, "over": 0.4406452156455614, "metrics": {"loss": 0.9023706912994385, "acc": 0.48407644033432007, "AUC": 0.500507116317749, "number_of_bets_tested": 157}}, "ans": 1}, "2020020484.0": {"pred": {"under": 0.5613038756429641, "over": 0.43752138085862485, "metrics": {"loss": 0.9023706912994385, "acc": 0.48407644033432007, "AUC": 0.500507116317749, "number_of_bets_tested": 157}}, "ans": 0}, "2020020755.0": {"pred": {"under": 0.5511776702643514, "over": 0.4472741992791546, "metrics": {"loss": 0.9023706912994385, "acc": 0.48407644033432007, "AUC": 0.500507116317749, "number_of_bets_tested": 157}}, "ans": 0}, "2020020515.0": {"pred": {"under": 0.5598768171886384, "over": 0.4388960812257793, "metrics": {"loss": 0.9023706912994385, "acc": 0.48407644033432007, "AUC": 0.500507116317749, "number_of_bets_tested": 157}}, "ans": 0}, "2020020561.0": {"pred": {"under": 0.5597434965367011, "over": 0.4406452156455614, "metrics": {"loss": 0.9023706912994385, "acc": 0.48407644033432007, "AUC": 0.500507116317749, "number_of_bets_tested": 157}}, "ans": 1}, "2020020549.0": {"pred": {"under": 0.8153889202888925, "over": 0.1836673056563979, "metrics": {"loss": 0.9023706912994385, "acc": 0.48407644033432007, "AUC": 0.500507116317749, "number_of_bets_tested": 157}}, "ans": 0}, "2020020573.0": {"pred": {"under": 0.5631906761671851, "over": 0.435731110984513, "metrics": {"loss": 0.9023706912994385, "acc": 0.48407644033432007, "AUC": 0.500507116317749, "number_of_bets_tested": 157}}, "ans": 1}, "2020020612.0": {"pred": {"under": 0.5475181450656086, "over": 0.4517351440345829, "metrics": {"loss": 0.9023706912994385, "acc": 0.48407644033432007, "AUC": 0.500507116317749, "number_of_bets_tested": 157}}, "ans": 0}, "2020020626.0": {"pred": {"under": 0.5586251763847663, "over": 0.4406630381799199, "metrics": {"loss": 0.9023706912994385, "acc": 0.48407644033432007, "AUC": 0.500507116317749, "number_of_bets_tested": 157}}, "ans": 0}, "2020020636.0": {"pred": {"under": 0.5084980162593009, "over": 0.4908273307430223, "metrics": {"loss": 0.9023706912994385, "acc": 0.48407644033432007, "AUC": 0.500507116317749, "number_of_bets_tested": 157}}, "ans": 0}, "2020020651.0": {"pred": {"under": 0.5616974265920947, "over": 0.4373857924024049, "metrics": {"loss": 0.9023706912994385, "acc": 0.48407644033432007, "AUC": 0.500507116317749, "number_of_bets_tested": 157}}, "ans": 0}, "2020020665.0": {"pred": {"under": 0.5598741306309556, "over": 0.4394066047805365, "metrics": {"loss": 0.9023706912994385, "acc": 0.48407644033432007, "AUC": 0.500507116317749, "number_of_bets_tested": 157}}, "ans": 0}, "2020020685.0": {"pred": {"under": 0.48373981892685336, "over": 0.5175493382760337, "metrics": {"loss": 0.9023706912994385, "acc": 0.48407644033432007, "AUC": 0.500507116317749, "number_of_bets_tested": 157}}, "ans": 0}, "2020020703.0": {"pred": {"under": 0.3991538958954435, "over": 0.6020768250400809, "metrics": {"loss": 0.9023706912994385, "acc": 0.48407644033432007, "AUC": 0.500507116317749, "number_of_bets_tested": 157}}, "ans": 1}, "2020020717.0": {"pred": {"under": 0.4168991646067262, "over": 0.58363384402102, "metrics": {"loss": 0.9023706912994385, "acc": 0.48407644033432007, "AUC": 0.500507116317749, "number_of_bets_tested": 157}}, "ans": 1}, "2020020730.0": {"pred": {"under": 0.5478322570049169, "over": 0.4506748800851392, "metrics": {"loss": 0.9023706912994385, "acc": 0.48407644033432007, "AUC": 0.500507116317749, "number_of_bets_tested": 157}}, "ans": 0}, "2020020447.0": {"pred": {"under": 0.5577026167103616, "over": 0.44239572601401733, "metrics": {"loss": 0.9023706912994385, "acc": 0.48407644033432007, "AUC": 0.500507116317749, "number_of_bets_tested": 157}}, "ans": 1}, "2020020784.0": {"pred": {"under": 0.39546940279949633, "over": 0.6072444455439334, "metrics": {"loss": 0.9023706912994385, "acc": 0.48407644033432007, "AUC": 0.500507116317749, "number_of_bets_tested": 157}}, "ans": 1}, "2020020812.0": {"pred": {"under": 0.5441326948160021, "over": 0.45405765964990596, "metrics": {"loss": 0.9023706912994385, "acc": 0.48407644033432007, "AUC": 0.500507116317749, "number_of_bets_tested": 157}}, "ans": 0}, "2020020824.0": {"pred": {"under": 0.5588256745175626, "over": 0.4415492572146035, "metrics": {"loss": 0.9023706912994385, "acc": 0.48407644033432007, "AUC": 0.500507116317749, "number_of_bets_tested": 157}}, "ans": 0}, "2020030112.0": {"pred": {"under": 0.5606523895379963, "over": 0.4381489775647419, "metrics": {"loss": 0.9023706912994385, "acc": 0.48407644033432007, "AUC": 0.500507116317749, "number_of_bets_tested": 157}}, "ans": 1}, "2020030113.0": {"pred": {"under": 0.5577836073566093, "over": 0.4407027493238957, "metrics": {"loss": 0.9023706912994385, "acc": 0.48407644033432007, "AUC": 0.500507116317749, "number_of_bets_tested": 157}}, "ans": 1}, "2020030114.0": {"pred": {"under": 0.5597434965367011, "over": 0.4406452156455614, "metrics": {"loss": 0.9023706912994385, "acc": 0.48407644033432007, "AUC": 0.500507116317749, "number_of_bets_tested": 157}}, "ans": 0}, "2020030115.0": {"pred": {"under": 0.5542069799412398, "over": 0.4443570024105927, "metrics": {"loss": 0.9023706912994385, "acc": 0.48407644033432007, "AUC": 0.500507116317749, "number_of_bets_tested": 157}}, "ans": 1}}