{"2020020848.0": {"pred": {"under": 0.11299777413513316, "over": 0.886796778619547, "metrics": {"loss": 2.2171247005462646, "acc": 0.5873016119003296, "AUC": 0.5962458848953247, "number_of_bets_tested": 63}}, "ans": 0}, "2020020621.0": {"pred": {"under": 0.16217593038486455, "over": 0.8375019991255013, "metrics": {"loss": 2.2171247005462646, "acc": 0.5873016119003296, "AUC": 0.5962458848953247, "number_of_bets_tested": 63}}, "ans": 0}, "2020020638.0": {"pred": {"under": 0.4033997685626949, "over": 0.5963080455831381, "metrics": {"loss": 2.2171247005462646, "acc": 0.5873016119003296, "AUC": 0.5962458848953247, "number_of_bets_tested": 63}}, "ans": 1}, "2020020646.0": {"pred": {"under": 0.5912260651182164, "over": 0.40835678147706456, "metrics": {"loss": 2.2171247005462646, "acc": 0.5873016119003296, "AUC": 0.5962458848953247, "number_of_bets_tested": 63}}, "ans": 1}, "2020020661.0": {"pred": {"under": 0.4033997685626949, "over": 0.5963080455831381, "metrics": {"loss": 2.2171247005462646, "acc": 0.5873016119003296, "AUC": 0.5962458848953247, "number_of_bets_tested": 63}}, "ans": 1}, "2020020672.0": {"pred": {"under": 0.02544823414131468, "over": 0.97454396392174, "metrics": {"loss": 2.2171247005462646, "acc": 0.5873016119003296, "AUC": 0.5962458848953247, "number_of_bets_tested": 63}}, "ans": 0}, "2020020546.0": {"pred": {"under": 0.17160108036884852, "over": 0.8282866392027691, "metrics": {"loss": 2.2171247005462646, "acc": 0.5873016119003296, "AUC": 0.5962458848953247, "number_of_bets_tested": 63}}, "ans": 1}, "2020020708.0": {"pred": {"under": 0.3108702557491841, "over": 0.6894542535645289, "metrics": {"loss": 2.2171247005462646, "acc": 0.5873016119003296, "AUC": 0.5962458848953247, "number_of_bets_tested": 63}}, "ans": 0}, "2020020737.0": {"pred": {"under": 0.012863339326151415, "over": 0.9871356947626443, "metrics": {"loss": 2.2171247005462646, "acc": 0.5873016119003296, "AUC": 0.5962458848953247, "number_of_bets_tested": 63}}, "ans": 0}, "2020020759.0": {"pred": {"under": 0.0010647178467671013, "over": 0.998935279929834, "metrics": {"loss": 2.2171247005462646, "acc": 0.5873016119003296, "AUC": 0.5962458848953247, "number_of_bets_tested": 63}}, "ans": 0}, "2020020776.0": {"pred": {"under": 0.014139480961368647, "over": 0.9858569053913847, "metrics": {"loss": 2.2171247005462646, "acc": 0.5873016119003296, "AUC": 0.5962458848953247, "number_of_bets_tested": 63}}, "ans": 1}, "2020020820.0": {"pred": {"under": 0.010435619992445359, "over": 0.9895628400227259, "metrics": {"loss": 2.2171247005462646, "acc": 0.5873016119003296, "AUC": 0.5962458848953247, "number_of_bets_tested": 63}}, "ans": 0}, "2020020720.0": {"pred": {"under": 0.07307547798102268, "over": 0.9268276932423263, "metrics": {"loss": 2.2171247005462646, "acc": 0.5873016119003296, "AUC": 0.5962458848953247, "number_of_bets_tested": 63}}, "ans": 0}, "2020020833.0": {"pred": {"under": 0.23709873121176936, "over": 0.7626614436733421, "metrics": {"loss": 2.2171247005462646, "acc": 0.5873016119003296, "AUC": 0.5962458848953247, "number_of_bets_tested": 63}}, "ans": 0}}