{"2020020466.0": {"pred": {"under": 0.37990730747924223, "over": 0.6212974681528985, "metrics": {"loss": 0.7722254395484924, "acc": 0.5, "AUC": 0.46675431728363037, "number_of_bets_tested": 162}}, "ans": 1}, "2020020482.0": {"pred": {"under": 0.6756992068935774, "over": 0.32424906495741984, "metrics": {"loss": 0.7722254395484924, "acc": 0.5, "AUC": 0.46675431728363037, "number_of_bets_tested": 162}}, "ans": 0}, "2020020493.0": {"pred": {"under": 0.35109898715556037, "over": 0.6486893526228052, "metrics": {"loss": 0.7722254395484924, "acc": 0.5, "AUC": 0.46675431728363037, "number_of_bets_tested": 162}}, "ans": 1}, "2020020503.0": {"pred": {"under": 0.2852803241070536, "over": 0.7157846744932799, "metrics": {"loss": 0.7722254395484924, "acc": 0.5, "AUC": 0.46675431728363037, "number_of_bets_tested": 162}}, "ans": 0}, "2020020514.0": {"pred": {"under": 0.13691736882652383, "over": 0.863094312008113, "metrics": {"loss": 0.7722254395484924, "acc": 0.5, "AUC": 0.46675431728363037, "number_of_bets_tested": 162}}, "ans": 0}, "2020020528.0": {"pred": {"under": 0.6785514624665718, "over": 0.32149600595686034, "metrics": {"loss": 0.7722254395484924, "acc": 0.5, "AUC": 0.46675431728363037, "number_of_bets_tested": 162}}, "ans": 0}, "2020020540.0": {"pred": {"under": 0.6629229959489319, "over": 0.3371231318165436, "metrics": {"loss": 0.7722254395484924, "acc": 0.5, "AUC": 0.46675431728363037, "number_of_bets_tested": 162}}, "ans": 0}, "2020020555.0": {"pred": {"under": 0.11516387992896909, "over": 0.8848582838252692, "metrics": {"loss": 0.7722254395484924, "acc": 0.5, "AUC": 0.46675431728363037, "number_of_bets_tested": 162}}, "ans": 0}, "2020020570.0": {"pred": {"under": 0.24661678959230454, "over": 0.7533161588658499, "metrics": {"loss": 0.7722254395484924, "acc": 0.5, "AUC": 0.46675431728363037, "number_of_bets_tested": 162}}, "ans": 1}, "2020020584.0": {"pred": {"under": 0.8120683690809565, "over": 0.18796368005368846, "metrics": {"loss": 0.7722254395484924, "acc": 0.5, "AUC": 0.46675431728363037, "number_of_bets_tested": 162}}, "ans": 0}, "2020020241.0": {"pred": {"under": 0.5247582240768901, "over": 0.4752501639820758, "metrics": {"loss": 0.7722254395484924, "acc": 0.5, "AUC": 0.46675431728363037, "number_of_bets_tested": 162}}, "ans": 0}, "2020020641.0": {"pred": {"under": 0.4619135544162754, "over": 0.5376808604968768, "metrics": {"loss": 0.7722254395484924, "acc": 0.5, "AUC": 0.46675431728363037, "number_of_bets_tested": 162}}, "ans": 0}, "2020020649.0": {"pred": {"under": 0.5019064079443721, "over": 0.4982188919886415, "metrics": {"loss": 0.7722254395484924, "acc": 0.5, "AUC": 0.46675431728363037, "number_of_bets_tested": 162}}, "ans": 0}, "2020020664.0": {"pred": {"under": 0.5247582240768901, "over": 0.4752501639820758, "metrics": {"loss": 0.7722254395484924, "acc": 0.5, "AUC": 0.46675431728363037, "number_of_bets_tested": 162}}, "ans": 1}, "2020020675.0": {"pred": {"under": 0.378049641727728, "over": 0.6224781532575557, "metrics": {"loss": 0.7722254395484924, "acc": 0.5, "AUC": 0.46675431728363037, "number_of_bets_tested": 162}}, "ans": 0}, "2020020687.0": {"pred": {"under": 0.35975614890434915, "over": 0.6400700521823304, "metrics": {"loss": 0.7722254395484924, "acc": 0.5, "AUC": 0.46675431728363037, "number_of_bets_tested": 162}}, "ans": 0}, "2020020698.0": {"pred": {"under": 0.5247582240768901, "over": 0.4752501639820758, "metrics": {"loss": 0.7722254395484924, "acc": 0.5, "AUC": 0.46675431728363037, "number_of_bets_tested": 162}}, "ans": 0}, "2020020713.0": {"pred": {"under": 0.48533214812689857, "over": 0.514188245157764, "metrics": {"loss": 0.7722254395484924, "acc": 0.5, "AUC": 0.46675431728363037, "number_of_bets_tested": 162}}, "ans": 0}, "2020020728.0": {"pred": {"under": 0.45698645855617964, "over": 0.543636607559252, "metrics": {"loss": 0.7722254395484924, "acc": 0.5, "AUC": 0.46675431728363037, "number_of_bets_tested": 162}}, "ans": 1}, "2020020766.0": {"pred": {"under": 0.5588977214182964, "over": 0.44112321837745, "metrics": {"loss": 0.7722254395484924, "acc": 0.5, "AUC": 0.46675431728363037, "number_of_bets_tested": 162}}, "ans": 0}, "2020020781.0": {"pred": {"under": 0.717543080814511, "over": 0.28250457875219376, "metrics": {"loss": 0.7722254395484924, "acc": 0.5, "AUC": 0.46675431728363037, "number_of_bets_tested": 162}}, "ans": 0}, "2020020823.0": {"pred": {"under": 0.8156964178065846, "over": 0.1843347211324367, "metrics": {"loss": 0.7722254395484924, "acc": 0.5, "AUC": 0.46675431728363037, "number_of_bets_tested": 162}}, "ans": 0}, "2020020837.0": {"pred": {"under": 0.6708801127623178, "over": 0.3291667875066043, "metrics": {"loss": 0.7722254395484924, "acc": 0.5, "AUC": 0.46675431728363037, "number_of_bets_tested": 162}}, "ans": 0}}