{"2020020462.0": {"pred": {"under": 0.2949699308225616, "over": 0.705277777607766, "metrics": {"loss": 0.9437958598136902, "acc": 0.6257668733596802, "AUC": 0.6324664354324341, "number_of_bets_tested": 163}}, "ans": 0}, "2020020469.0": {"pred": {"under": 0.15475314252186112, "over": 0.8452695260325818, "metrics": {"loss": 0.9437958598136902, "acc": 0.6257668733596802, "AUC": 0.6324664354324341, "number_of_bets_tested": 163}}, "ans": 0}, "2020020484.0": {"pred": {"under": 0.23087605941703343, "over": 0.7692033332174438, "metrics": {"loss": 0.9437958598136902, "acc": 0.6257668733596802, "AUC": 0.6324664354324341, "number_of_bets_tested": 163}}, "ans": 0}, "2020020755.0": {"pred": {"under": 0.17024764362282924, "over": 0.8297906798461736, "metrics": {"loss": 0.9437958598136902, "acc": 0.6257668733596802, "AUC": 0.6324664354324341, "number_of_bets_tested": 163}}, "ans": 0}, "2020020504.0": {"pred": {"under": 0.2253060352245844, "over": 0.7747437201177866, "metrics": {"loss": 0.9437958598136902, "acc": 0.6257668733596802, "AUC": 0.6324664354324341, "number_of_bets_tested": 163}}, "ans": 1}, "2020020516.0": {"pred": {"under": 0.2887146457081018, "over": 0.7114139686203704, "metrics": {"loss": 0.9437958598136902, "acc": 0.6257668733596802, "AUC": 0.6324664354324341, "number_of_bets_tested": 163}}, "ans": 1}, "2020020548.0": {"pred": {"under": 0.2680301514898924, "over": 0.7320802617628849, "metrics": {"loss": 0.9437958598136902, "acc": 0.6257668733596802, "AUC": 0.6324664354324341, "number_of_bets_tested": 163}}, "ans": 1}, "2020020557.0": {"pred": {"under": 0.37694981369220143, "over": 0.6230803573485982, "metrics": {"loss": 0.9437958598136902, "acc": 0.6257668733596802, "AUC": 0.6324664354324341, "number_of_bets_tested": 163}}, "ans": 1}, "2020020390.0": {"pred": {"under": 0.37694981369220143, "over": 0.6230803573485982, "metrics": {"loss": 0.9437958598136902, "acc": 0.6257668733596802, "AUC": 0.6324664354324341, "number_of_bets_tested": 163}}, "ans": 1}, "2020020626.0": {"pred": {"under": 0.09458366489985565, "over": 0.9053263987381284, "metrics": {"loss": 0.9437958598136902, "acc": 0.6257668733596802, "AUC": 0.6324664354324341, "number_of_bets_tested": 163}}, "ans": 1}, "2020020202.0": {"pred": {"under": 0.18549624055614253, "over": 0.8145505383853135, "metrics": {"loss": 0.9437958598136902, "acc": 0.6257668733596802, "AUC": 0.6324664354324341, "number_of_bets_tested": 163}}, "ans": 0}, "2020020680.0": {"pred": {"under": 0.8502327348706061, "over": 0.15019922808424924, "metrics": {"loss": 0.9437958598136902, "acc": 0.6257668733596802, "AUC": 0.6324664354324341, "number_of_bets_tested": 163}}, "ans": 0}, "2020020692.0": {"pred": {"under": 0.06583817731247453, "over": 0.934141501480328, "metrics": {"loss": 0.9437958598136902, "acc": 0.6257668733596802, "AUC": 0.6324664354324341, "number_of_bets_tested": 163}}, "ans": 1}, "2020020703.0": {"pred": {"under": 0.24716600292376106, "over": 0.7528743401854068, "metrics": {"loss": 0.9437958598136902, "acc": 0.6257668733596802, "AUC": 0.6324664354324341, "number_of_bets_tested": 163}}, "ans": 1}, "2020020254.0": {"pred": {"under": 0.3793858093100156, "over": 0.6203645404103302, "metrics": {"loss": 0.9437958598136902, "acc": 0.6257668733596802, "AUC": 0.6324664354324341, "number_of_bets_tested": 163}}, "ans": 0}, "2020020739.0": {"pred": {"under": 0.1448266969090425, "over": 0.8549570199906313, "metrics": {"loss": 0.9437958598136902, "acc": 0.6257668733596802, "AUC": 0.6324664354324341, "number_of_bets_tested": 163}}, "ans": 0}, "2020020826.0": {"pred": {"under": 0.36060216684768087, "over": 0.6396917019891895, "metrics": {"loss": 0.9437958598136902, "acc": 0.6257668733596802, "AUC": 0.6324664354324341, "number_of_bets_tested": 163}}, "ans": 0}, "2020020840.0": {"pred": {"under": 0.41076043761430064, "over": 0.5893531818790225, "metrics": {"loss": 0.9437958598136902, "acc": 0.6257668733596802, "AUC": 0.6324664354324341, "number_of_bets_tested": 163}}, "ans": 0}}