{"2020020470.0": {"pred": {"under": 0.16102288579857296, "over": 0.8392538021531888, "metrics": {"loss": 0.9382044672966003, "acc": 0.5079365372657776, "AUC": 0.5003464221954346, "number_of_bets_tested": 126}}, "ans": 0}, "2020020485.0": {"pred": {"under": 0.4301475690234993, "over": 0.5696149243335096, "metrics": {"loss": 0.9382044672966003, "acc": 0.5079365372657776, "AUC": 0.5003464221954346, "number_of_bets_tested": 126}}, "ans": 1}, "2020020497.0": {"pred": {"under": 0.4814430579784749, "over": 0.5190649611081608, "metrics": {"loss": 0.9382044672966003, "acc": 0.5079365372657776, "AUC": 0.5003464221954346, "number_of_bets_tested": 126}}, "ans": 0}, "2020020518.0": {"pred": {"under": 0.43176467914003425, "over": 0.5681802763896873, "metrics": {"loss": 0.9382044672966003, "acc": 0.5079365372657776, "AUC": 0.5003464221954346, "number_of_bets_tested": 126}}, "ans": 1}, "2020020559.0": {"pred": {"under": 0.21274145598627714, "over": 0.7876239688988736, "metrics": {"loss": 0.9382044672966003, "acc": 0.5079365372657776, "AUC": 0.5003464221954346, "number_of_bets_tested": 126}}, "ans": 0}, "2020020574.0": {"pred": {"under": 0.6181667625108459, "over": 0.3809496297247486, "metrics": {"loss": 0.9382044672966003, "acc": 0.5079365372657776, "AUC": 0.5003464221954346, "number_of_bets_tested": 126}}, "ans": 1}, "2020020600.0": {"pred": {"under": 0.547981031524094, "over": 0.452116208099318, "metrics": {"loss": 0.9382044672966003, "acc": 0.5079365372657776, "AUC": 0.5003464221954346, "number_of_bets_tested": 126}}, "ans": 1}, "2020020616.0": {"pred": {"under": 0.8483972491765934, "over": 0.151073549604607, "metrics": {"loss": 0.9382044672966003, "acc": 0.5079365372657776, "AUC": 0.5003464221954346, "number_of_bets_tested": 126}}, "ans": 0}, "2020020630.0": {"pred": {"under": 0.5036067542446406, "over": 0.49656332525224034, "metrics": {"loss": 0.9382044672966003, "acc": 0.5079365372657776, "AUC": 0.5003464221954346, "number_of_bets_tested": 126}}, "ans": 1}, "2020020643.0": {"pred": {"under": 0.5873724200724506, "over": 0.41197909794873944, "metrics": {"loss": 0.9382044672966003, "acc": 0.5079365372657776, "AUC": 0.5003464221954346, "number_of_bets_tested": 126}}, "ans": 1}, "2020020658.0": {"pred": {"under": 0.47250727458324593, "over": 0.527982513029717, "metrics": {"loss": 0.9382044672966003, "acc": 0.5079365372657776, "AUC": 0.5003464221954346, "number_of_bets_tested": 126}}, "ans": 0}, "2020020683.0": {"pred": {"under": 0.5719489349272624, "over": 0.4275380207672106, "metrics": {"loss": 0.9382044672966003, "acc": 0.5079365372657776, "AUC": 0.5003464221954346, "number_of_bets_tested": 126}}, "ans": 0}, "2020020699.0": {"pred": {"under": 0.5266784375059924, "over": 0.4728735851877991, "metrics": {"loss": 0.9382044672966003, "acc": 0.5079365372657776, "AUC": 0.5003464221954346, "number_of_bets_tested": 126}}, "ans": 0}, "2020020707.0": {"pred": {"under": 0.4837464595822497, "over": 0.5166292264889234, "metrics": {"loss": 0.9382044672966003, "acc": 0.5079365372657776, "AUC": 0.5003464221954346, "number_of_bets_tested": 126}}, "ans": 1}, "2020020719.0": {"pred": {"under": 0.6289475733779682, "over": 0.37073014155246087, "metrics": {"loss": 0.9382044672966003, "acc": 0.5079365372657776, "AUC": 0.5003464221954346, "number_of_bets_tested": 126}}, "ans": 0}, "2020020731.0": {"pred": {"under": 0.9376044298684767, "over": 0.06230324367282769, "metrics": {"loss": 0.9382044672966003, "acc": 0.5079365372657776, "AUC": 0.5003464221954346, "number_of_bets_tested": 126}}, "ans": 0}, "2020020756.0": {"pred": {"under": 0.898440901351129, "over": 0.10122999740119895, "metrics": {"loss": 0.9382044672966003, "acc": 0.5079365372657776, "AUC": 0.5003464221954346, "number_of_bets_tested": 126}}, "ans": 0}, "2020020771.0": {"pred": {"under": 0.7658446495903728, "over": 0.23304249628594334, "metrics": {"loss": 0.9382044672966003, "acc": 0.5079365372657776, "AUC": 0.5003464221954346, "number_of_bets_tested": 126}}, "ans": 0}, "2020020817.0": {"pred": {"under": 0.45987137586542143, "over": 0.5399859229719501, "metrics": {"loss": 0.9382044672966003, "acc": 0.5079365372657776, "AUC": 0.5003464221954346, "number_of_bets_tested": 126}}, "ans": 0}, "2020020831.0": {"pred": {"under": 0.4317589144801009, "over": 0.5681850225825058, "metrics": {"loss": 0.9382044672966003, "acc": 0.5079365372657776, "AUC": 0.5003464221954346, "number_of_bets_tested": 126}}, "ans": 1}, "2020020845.0": {"pred": {"under": 0.43499557062258204, "over": 0.5655305444839969, "metrics": {"loss": 0.9382044672966003, "acc": 0.5079365372657776, "AUC": 0.5003464221954346, "number_of_bets_tested": 126}}, "ans": 0}}