{"2020020457.0": {"pred": {"under": 0.20369356186195806, "over": 0.796386573646674, "metrics": {"loss": 0.7227280139923096, "acc": 0.46296295523643494, "AUC": 0.5049535036087036, "number_of_bets_tested": 162}}, "ans": 0}, "2020020201.0": {"pred": {"under": 0.17774731744540584, "over": 0.822353178036402, "metrics": {"loss": 0.7227280139923096, "acc": 0.46296295523643494, "AUC": 0.5049535036087036, "number_of_bets_tested": 162}}, "ans": 1}, "2020020477.0": {"pred": {"under": 0.43828039539930463, "over": 0.5615405000252652, "metrics": {"loss": 0.7227280139923096, "acc": 0.46296295523643494, "AUC": 0.5049535036087036, "number_of_bets_tested": 162}}, "ans": 1}, "2020020151.0": {"pred": {"under": 0.2501543000211034, "over": 0.7498564051772074, "metrics": {"loss": 0.7227280139923096, "acc": 0.46296295523643494, "AUC": 0.5049535036087036, "number_of_bets_tested": 162}}, "ans": 0}, "2020020504.0": {"pred": {"under": 0.19541085103448136, "over": 0.8046649765947984, "metrics": {"loss": 0.7227280139923096, "acc": 0.46296295523643494, "AUC": 0.5049535036087036, "number_of_bets_tested": 162}}, "ans": 0}, "2020020517.0": {"pred": {"under": 0.19158789976944066, "over": 0.808485869145744, "metrics": {"loss": 0.7227280139923096, "acc": 0.46296295523643494, "AUC": 0.5049535036087036, "number_of_bets_tested": 162}}, "ans": 1}, "2020020524.0": {"pred": {"under": 0.3433624249266818, "over": 0.656540995742122, "metrics": {"loss": 0.7227280139923096, "acc": 0.46296295523643494, "AUC": 0.5049535036087036, "number_of_bets_tested": 162}}, "ans": 1}, "2020020541.0": {"pred": {"under": 0.3241063487518368, "over": 0.6759448984446279, "metrics": {"loss": 0.7227280139923096, "acc": 0.46296295523643494, "AUC": 0.5049535036087036, "number_of_bets_tested": 162}}, "ans": 1}, "2020020556.0": {"pred": {"under": 0.19050232155943594, "over": 0.809576218755264, "metrics": {"loss": 0.7227280139923096, "acc": 0.46296295523643494, "AUC": 0.5049535036087036, "number_of_bets_tested": 162}}, "ans": 1}, "2020020580.0": {"pred": {"under": 0.347330794635783, "over": 0.6533707112663842, "metrics": {"loss": 0.7227280139923096, "acc": 0.46296295523643494, "AUC": 0.5049535036087036, "number_of_bets_tested": 162}}, "ans": 0}, "2020020611.0": {"pred": {"under": 0.3101459741356966, "over": 0.6899488083475083, "metrics": {"loss": 0.7227280139923096, "acc": 0.46296295523643494, "AUC": 0.5049535036087036, "number_of_bets_tested": 162}}, "ans": 0}, "2020020625.0": {"pred": {"under": 0.3024960821957103, "over": 0.6976418745649029, "metrics": {"loss": 0.7227280139923096, "acc": 0.46296295523643494, "AUC": 0.5049535036087036, "number_of_bets_tested": 162}}, "ans": 1}, "2020020494.0": {"pred": {"under": 0.23130016350193733, "over": 0.7687833786520037, "metrics": {"loss": 0.7227280139923096, "acc": 0.46296295523643494, "AUC": 0.5049535036087036, "number_of_bets_tested": 162}}, "ans": 0}, "2020020650.0": {"pred": {"under": 0.14071017502524993, "over": 0.8592450262543511, "metrics": {"loss": 0.7227280139923096, "acc": 0.46296295523643494, "AUC": 0.5049535036087036, "number_of_bets_tested": 162}}, "ans": 1}, "2020020666.0": {"pred": {"under": 0.33036400453515746, "over": 0.6696250863800536, "metrics": {"loss": 0.7227280139923096, "acc": 0.46296295523643494, "AUC": 0.5049535036087036, "number_of_bets_tested": 162}}, "ans": 1}, "2020020676.0": {"pred": {"under": 0.17757793927381735, "over": 0.8224739178524328, "metrics": {"loss": 0.7227280139923096, "acc": 0.46296295523643494, "AUC": 0.5049535036087036, "number_of_bets_tested": 162}}, "ans": 0}, "2020020702.0": {"pred": {"under": 0.25375780167246964, "over": 0.7463388077795646, "metrics": {"loss": 0.7227280139923096, "acc": 0.46296295523643494, "AUC": 0.5049535036087036, "number_of_bets_tested": 162}}, "ans": 1}}