{"2020020830.0": {"pred": {"under": 0.045887894601869296, "over": 0.9541170098919678, "metrics": {"loss": 0.9075563549995422, "acc": 0.45086705684661865, "AUC": 0.4120919406414032, "number_of_bets_tested": 173}}, "ans": 0}}