{"2020020583.0": {"pred": {"under": 0.6131010902508449, "over": 0.38718974188294675, "metrics": {"loss": 0.9663739204406738, "acc": 0.6223776340484619, "AUC": 0.6598122119903564, "number_of_bets_tested": 143}}, "ans": 1}, "2020020604.0": {"pred": {"under": 0.4511925868548824, "over": 0.5487769803831561, "metrics": {"loss": 0.9663739204406738, "acc": 0.6223776340484619, "AUC": 0.6598122119903564, "number_of_bets_tested": 143}}, "ans": 0}, "2020020241.0": {"pred": {"under": 0.6336073187436592, "over": 0.36669870398100407, "metrics": {"loss": 0.9663739204406738, "acc": 0.6223776340484619, "AUC": 0.6598122119903564, "number_of_bets_tested": 143}}, "ans": 1}, "2020020656.0": {"pred": {"under": 0.2631699799684911, "over": 0.7370649913094254, "metrics": {"loss": 0.9663739204406738, "acc": 0.6223776340484619, "AUC": 0.6598122119903564, "number_of_bets_tested": 143}}, "ans": 0}, "2020020664.0": {"pred": {"under": 0.293029573331143, "over": 0.7070291984354123, "metrics": {"loss": 0.9663739204406738, "acc": 0.6223776340484619, "AUC": 0.6598122119903564, "number_of_bets_tested": 143}}, "ans": 0}, "2020020675.0": {"pred": {"under": 0.6200389572862773, "over": 0.3801148169297995, "metrics": {"loss": 0.9663739204406738, "acc": 0.6223776340484619, "AUC": 0.6598122119903564, "number_of_bets_tested": 143}}, "ans": 0}, "2020020689.0": {"pred": {"under": 0.4708433266326863, "over": 0.5291620934467279, "metrics": {"loss": 0.9663739204406738, "acc": 0.6223776340484619, "AUC": 0.6598122119903564, "number_of_bets_tested": 143}}, "ans": 1}, "2020020705.0": {"pred": {"under": 0.4511925868548824, "over": 0.5487769803831561, "metrics": {"loss": 0.9663739204406738, "acc": 0.6223776340484619, "AUC": 0.6598122119903564, "number_of_bets_tested": 143}}, "ans": 0}}