{"2020020447.0": {"pred": {"under": 0.48157891648418033, "over": 0.5195086544636189, "metrics": {"loss": 0.7409687042236328, "acc": 0.590062141418457, "AUC": 0.635758638381958, "number_of_bets_tested": 161}}, "ans": 1}, "2020020784.0": {"pred": {"under": 0.2588598371551357, "over": 0.7408859272375649, "metrics": {"loss": 0.7409687042236328, "acc": 0.590062141418457, "AUC": 0.635758638381958, "number_of_bets_tested": 161}}, "ans": 1}, "2020020824.0": {"pred": {"under": 0.4431353423081846, "over": 0.5573225641571615, "metrics": {"loss": 0.7409687042236328, "acc": 0.590062141418457, "AUC": 0.635758638381958, "number_of_bets_tested": 161}}, "ans": 1}}