{"2020020534.0": {"pred": {"under": 0.4606434333821053, "over": 0.538771942956594, "metrics": {"loss": 0.9444363117218018, "acc": 0.5931034684181213, "AUC": 0.6164565682411194, "number_of_bets_tested": 145}}, "ans": 0}, "2020020545.0": {"pred": {"under": 0.4288538574787815, "over": 0.5705785124573002, "metrics": {"loss": 0.9444363117218018, "acc": 0.5931034684181213, "AUC": 0.6164565682411194, "number_of_bets_tested": 145}}, "ans": 1}, "2020020563.0": {"pred": {"under": 0.19446251300222184, "over": 0.8056619089925235, "metrics": {"loss": 0.9444363117218018, "acc": 0.5931034684181213, "AUC": 0.6164565682411194, "number_of_bets_tested": 145}}, "ans": 1}, "2020020577.0": {"pred": {"under": 0.4336658301302354, "over": 0.567444391116519, "metrics": {"loss": 0.9444363117218018, "acc": 0.5931034684181213, "AUC": 0.6164565682411194, "number_of_bets_tested": 145}}, "ans": 0}, "2020020617.0": {"pred": {"under": 0.4535978914714247, "over": 0.5464551635827832, "metrics": {"loss": 0.9444363117218018, "acc": 0.5931034684181213, "AUC": 0.6164565682411194, "number_of_bets_tested": 145}}, "ans": 1}, "2020020631.0": {"pred": {"under": 0.4600791131212337, "over": 0.539387550917202, "metrics": {"loss": 0.9444363117218018, "acc": 0.5931034684181213, "AUC": 0.6164565682411194, "number_of_bets_tested": 145}}, "ans": 0}, "2020020644.0": {"pred": {"under": 0.47340592673504817, "over": 0.5250069819108466, "metrics": {"loss": 0.9444363117218018, "acc": 0.5931034684181213, "AUC": 0.6164565682411194, "number_of_bets_tested": 145}}, "ans": 1}, "2020020788.0": {"pred": {"under": 0.34560424044825333, "over": 0.6540739501768812, "metrics": {"loss": 0.9444363117218018, "acc": 0.5931034684181213, "AUC": 0.6164565682411194, "number_of_bets_tested": 145}}, "ans": 0}, "2020020659.0": {"pred": {"under": 0.4697202289892447, "over": 0.5307308288211028, "metrics": {"loss": 0.9444363117218018, "acc": 0.5931034684181213, "AUC": 0.6164565682411194, "number_of_bets_tested": 145}}, "ans": 1}, "2020020678.0": {"pred": {"under": 0.7617283711585943, "over": 0.23775160771832016, "metrics": {"loss": 0.9444363117218018, "acc": 0.5931034684181213, "AUC": 0.6164565682411194, "number_of_bets_tested": 145}}, "ans": 0}, "2020020693.0": {"pred": {"under": 0.04739746190464533, "over": 0.9526099183130556, "metrics": {"loss": 0.9444363117218018, "acc": 0.5931034684181213, "AUC": 0.6164565682411194, "number_of_bets_tested": 145}}, "ans": 1}, "2020020601.0": {"pred": {"under": 0.0038186208543430915, "over": 0.9961813819366698, "metrics": {"loss": 0.9444363117218018, "acc": 0.5931034684181213, "AUC": 0.6164565682411194, "number_of_bets_tested": 145}}, "ans": 0}, "2020020725.0": {"pred": {"under": 0.039194705444152336, "over": 0.9608095779376545, "metrics": {"loss": 0.9444363117218018, "acc": 0.5931034684181213, "AUC": 0.6164565682411194, "number_of_bets_tested": 145}}, "ans": 1}, "2020020740.0": {"pred": {"under": 0.2508254665039292, "over": 0.7492457151802548, "metrics": {"loss": 0.9444363117218018, "acc": 0.5931034684181213, "AUC": 0.6164565682411194, "number_of_bets_tested": 145}}, "ans": 0}, "2020020758.0": {"pred": {"under": 0.06987062373019953, "over": 0.9301446905683062, "metrics": {"loss": 0.9444363117218018, "acc": 0.5931034684181213, "AUC": 0.6164565682411194, "number_of_bets_tested": 145}}, "ans": 0}, "2020020773.0": {"pred": {"under": 0.259608992828392, "over": 0.740439350789472, "metrics": {"loss": 0.9444363117218018, "acc": 0.5931034684181213, "AUC": 0.6164565682411194, "number_of_bets_tested": 145}}, "ans": 1}, "2020020817.0": {"pred": {"under": 0.0918698357596033, "over": 0.9081714715567342, "metrics": {"loss": 0.9444363117218018, "acc": 0.5931034684181213, "AUC": 0.6164565682411194, "number_of_bets_tested": 145}}, "ans": 1}, "2020020831.0": {"pred": {"under": 0.4111045358641847, "over": 0.5882635713512042, "metrics": {"loss": 0.9444363117218018, "acc": 0.5931034684181213, "AUC": 0.6164565682411194, "number_of_bets_tested": 145}}, "ans": 1}, "2020030131.0": {"pred": {"under": 0.11950603515339532, "over": 0.8805566925179175, "metrics": {"loss": 0.9444363117218018, "acc": 0.5931034684181213, "AUC": 0.6164565682411194, "number_of_bets_tested": 145}}, "ans": 0}, "2020030132.0": {"pred": {"under": 0.010306100190852614, "over": 0.9896939760839272, "metrics": {"loss": 0.9444363117218018, "acc": 0.5931034684181213, "AUC": 0.6164565682411194, "number_of_bets_tested": 145}}, "ans": 1}, "2020030133.0": {"pred": {"under": 0.009358841753141438, "over": 0.990641222540055, "metrics": {"loss": 0.9444363117218018, "acc": 0.5931034684181213, "AUC": 0.6164565682411194, "number_of_bets_tested": 145}}, "ans": 1}, "2020030134.0": {"pred": {"under": 0.030416620949789547, "over": 0.9695854376175195, "metrics": {"loss": 0.9444363117218018, "acc": 0.5931034684181213, "AUC": 0.6164565682411194, "number_of_bets_tested": 145}}, "ans": 1}}