{"2020020583.0": {"pred": {"under": 0.44115615091153393, "over": 0.5588056740924828, "metrics": {"loss": 0.7364214062690735, "acc": 0.5, "AUC": 0.500300407409668, "number_of_bets_tested": 158}}, "ans": 1}, "2020020604.0": {"pred": {"under": 0.571610825570866, "over": 0.4283496769252502, "metrics": {"loss": 0.7364214062690735, "acc": 0.5, "AUC": 0.500300407409668, "number_of_bets_tested": 158}}, "ans": 1}, "2020020780.0": {"pred": {"under": 0.44115615091153393, "over": 0.5588056740924828, "metrics": {"loss": 0.7364214062690735, "acc": 0.5, "AUC": 0.500300407409668, "number_of_bets_tested": 158}}, "ans": 0}, "2020020850.0": {"pred": {"under": 0.4440959401493606, "over": 0.5559000454459784, "metrics": {"loss": 0.7364214062690735, "acc": 0.5, "AUC": 0.500300407409668, "number_of_bets_tested": 158}}, "ans": 0}}