{"2020020472.0": {"pred": {"under": 0.8614226953438456, "over": 0.1391094436883956, "metrics": {"loss": 4.924269676208496, "acc": 0.577235758304596, "AUC": 0.5435256958007812, "number_of_bets_tested": 123}}, "ans": 0}, "2020020487.0": {"pred": {"under": 0.7101513961912919, "over": 0.29249969707172835, "metrics": {"loss": 4.924269676208496, "acc": 0.577235758304596, "AUC": 0.5435256958007812, "number_of_bets_tested": 123}}, "ans": 1}, "2020020258.0": {"pred": {"under": 0.839206798246307, "over": 0.16193658461747357, "metrics": {"loss": 4.924269676208496, "acc": 0.577235758304596, "AUC": 0.5435256958007812, "number_of_bets_tested": 123}}, "ans": 0}, "2020020506.0": {"pred": {"under": 0.6967976245831962, "over": 0.3053159197773934, "metrics": {"loss": 4.924269676208496, "acc": 0.577235758304596, "AUC": 0.5435256958007812, "number_of_bets_tested": 123}}, "ans": 0}, "2020020520.0": {"pred": {"under": 0.7968551924581859, "over": 0.2052833104482676, "metrics": {"loss": 4.924269676208496, "acc": 0.577235758304596, "AUC": 0.5435256958007812, "number_of_bets_tested": 123}}, "ans": 0}, "2020020534.0": {"pred": {"under": 0.5158462395671248, "over": 0.490276237096474, "metrics": {"loss": 4.924269676208496, "acc": 0.577235758304596, "AUC": 0.5435256958007812, "number_of_bets_tested": 123}}, "ans": 0}, "2020020545.0": {"pred": {"under": 0.8054526330706135, "over": 0.19570374633995888, "metrics": {"loss": 4.924269676208496, "acc": 0.577235758304596, "AUC": 0.5435256958007812, "number_of_bets_tested": 123}}, "ans": 0}, "2020020563.0": {"pred": {"under": 0.7482803192538824, "over": 0.2530740559999672, "metrics": {"loss": 4.924269676208496, "acc": 0.577235758304596, "AUC": 0.5435256958007812, "number_of_bets_tested": 123}}, "ans": 0}, "2020020577.0": {"pred": {"under": 0.94945231870967, "over": 0.050536465046652955, "metrics": {"loss": 4.924269676208496, "acc": 0.577235758304596, "AUC": 0.5435256958007812, "number_of_bets_tested": 123}}, "ans": 0}, "2020020617.0": {"pred": {"under": 0.9741717042422141, "over": 0.025832775523633195, "metrics": {"loss": 4.924269676208496, "acc": 0.577235758304596, "AUC": 0.5435256958007812, "number_of_bets_tested": 123}}, "ans": 1}, "2020020631.0": {"pred": {"under": 0.8961590538765026, "over": 0.1040373024316692, "metrics": {"loss": 4.924269676208496, "acc": 0.577235758304596, "AUC": 0.5435256958007812, "number_of_bets_tested": 123}}, "ans": 0}, "2020020644.0": {"pred": {"under": 0.828770954319334, "over": 0.1716568249634924, "metrics": {"loss": 4.924269676208496, "acc": 0.577235758304596, "AUC": 0.5435256958007812, "number_of_bets_tested": 123}}, "ans": 0}, "2020020788.0": {"pred": {"under": 0.4776529125127403, "over": 0.527301801783675, "metrics": {"loss": 4.924269676208496, "acc": 0.577235758304596, "AUC": 0.5435256958007812, "number_of_bets_tested": 123}}, "ans": 0}, "2020020659.0": {"pred": {"under": 0.4938824755510698, "over": 0.5125151615864646, "metrics": {"loss": 4.924269676208496, "acc": 0.577235758304596, "AUC": 0.5435256958007812, "number_of_bets_tested": 123}}, "ans": 0}, "2020020678.0": {"pred": {"under": 0.6585233124112811, "over": 0.3407361745408883, "metrics": {"loss": 4.924269676208496, "acc": 0.577235758304596, "AUC": 0.5435256958007812, "number_of_bets_tested": 123}}, "ans": 0}, "2020020601.0": {"pred": {"under": 0.4532032980781494, "over": 0.5498751107986649, "metrics": {"loss": 4.924269676208496, "acc": 0.577235758304596, "AUC": 0.5435256958007812, "number_of_bets_tested": 123}}, "ans": 0}, "2020020740.0": {"pred": {"under": 0.4655080260890072, "over": 0.5384844093757687, "metrics": {"loss": 4.924269676208496, "acc": 0.577235758304596, "AUC": 0.5435256958007812, "number_of_bets_tested": 123}}, "ans": 0}, "2020030133.0": {"pred": {"under": 0.5082829065555751, "over": 0.49169464826448767, "metrics": {"loss": 4.924269676208496, "acc": 0.577235758304596, "AUC": 0.5435256958007812, "number_of_bets_tested": 123}}, "ans": 0}, "2020030134.0": {"pred": {"under": 0.5179740420223927, "over": 0.48170372760524366, "metrics": {"loss": 4.924269676208496, "acc": 0.577235758304596, "AUC": 0.5435256958007812, "number_of_bets_tested": 123}}, "ans": 0}}