{"2020030154.0": {"pred": {"under": 0.9444474730388343, "over": 0.055564456129634655, "metrics": {"loss": 0.7840946912765503, "acc": 0.5164835453033447, "AUC": 0.5691945552825928, "number_of_bets_tested": 91}}, "ans": 1}}