{"2020020571.0": {"pred": {"under": 0.9988948804061503, "over": 0.00110511808059853, "metrics": {"loss": 1.360222578048706, "acc": 0.5728155374526978, "AUC": 0.5619756579399109, "number_of_bets_tested": 103}}, "ans": 1}, "2020020613.0": {"pred": {"under": 0.38330003185630646, "over": 0.6170219092569632, "metrics": {"loss": 1.360222578048706, "acc": 0.5728155374526978, "AUC": 0.5619756579399109, "number_of_bets_tested": 103}}, "ans": 1}, "2020020627.0": {"pred": {"under": 0.20199182802924137, "over": 0.7989843990591782, "metrics": {"loss": 1.360222578048706, "acc": 0.5728155374526978, "AUC": 0.5619756579399109, "number_of_bets_tested": 103}}, "ans": 0}, "2020020494.0": {"pred": {"under": 0.21639741126934178, "over": 0.7847136747106397, "metrics": {"loss": 1.360222578048706, "acc": 0.5728155374526978, "AUC": 0.5619756579399109, "number_of_bets_tested": 103}}, "ans": 0}, "2020020650.0": {"pred": {"under": 0.3908086906635976, "over": 0.6092756141723638, "metrics": {"loss": 1.360222578048706, "acc": 0.5728155374526978, "AUC": 0.5619756579399109, "number_of_bets_tested": 103}}, "ans": 0}, "2020020680.0": {"pred": {"under": 0.3726019663588737, "over": 0.627668561408216, "metrics": {"loss": 1.360222578048706, "acc": 0.5728155374526978, "AUC": 0.5619756579399109, "number_of_bets_tested": 103}}, "ans": 1}, "2020020690.0": {"pred": {"under": 0.24295028211361533, "over": 0.7583582269957951, "metrics": {"loss": 1.360222578048706, "acc": 0.5728155374526978, "AUC": 0.5619756579399109, "number_of_bets_tested": 103}}, "ans": 0}, "2020020166.0": {"pred": {"under": 0.29991578737317975, "over": 0.7011613987560867, "metrics": {"loss": 1.360222578048706, "acc": 0.5728155374526978, "AUC": 0.5619756579399109, "number_of_bets_tested": 103}}, "ans": 1}, "2020020733.0": {"pred": {"under": 0.8024195457198624, "over": 0.19663304347138003, "metrics": {"loss": 1.360222578048706, "acc": 0.5728155374526978, "AUC": 0.5619756579399109, "number_of_bets_tested": 103}}, "ans": 0}, "2020020757.0": {"pred": {"under": 0.8421816364999233, "over": 0.15827815375532875, "metrics": {"loss": 1.360222578048706, "acc": 0.5728155374526978, "AUC": 0.5619756579399109, "number_of_bets_tested": 103}}, "ans": 1}, "2020020770.0": {"pred": {"under": 0.5139519507091455, "over": 0.48611358248051134, "metrics": {"loss": 1.360222578048706, "acc": 0.5728155374526978, "AUC": 0.5619756579399109, "number_of_bets_tested": 103}}, "ans": 0}, "2020020815.0": {"pred": {"under": 0.8054000919646561, "over": 0.19396680949670658, "metrics": {"loss": 1.360222578048706, "acc": 0.5728155374526978, "AUC": 0.5619756579399109, "number_of_bets_tested": 103}}, "ans": 1}, "2020030113.0": {"pred": {"under": 0.36052430000153124, "over": 0.6407254056781205, "metrics": {"loss": 1.360222578048706, "acc": 0.5728155374526978, "AUC": 0.5619756579399109, "number_of_bets_tested": 103}}, "ans": 0}}