{"2020020482.0": {"pred": {"under": 0.13430456098059357, "over": 0.8659247296916158, "metrics": {"loss": 0.7256824970245361, "acc": 0.5179855823516846, "AUC": 0.5549402832984924, "number_of_bets_tested": 139}}, "ans": 1}, "2020020493.0": {"pred": {"under": 0.39035118821317627, "over": 0.6100733269657693, "metrics": {"loss": 0.7256824970245361, "acc": 0.5179855823516846, "AUC": 0.5549402832984924, "number_of_bets_tested": 139}}, "ans": 0}, "2020020503.0": {"pred": {"under": 0.42411890141655423, "over": 0.5756590895056961, "metrics": {"loss": 0.7256824970245361, "acc": 0.5179855823516846, "AUC": 0.5549402832984924, "number_of_bets_tested": 139}}, "ans": 0}, "2020020514.0": {"pred": {"under": 0.16267173087927095, "over": 0.837652298549483, "metrics": {"loss": 0.7256824970245361, "acc": 0.5179855823516846, "AUC": 0.5549402832984924, "number_of_bets_tested": 139}}, "ans": 1}, "2020020528.0": {"pred": {"under": 0.8692884163561562, "over": 0.13080793836051804, "metrics": {"loss": 0.7256824970245361, "acc": 0.5179855823516846, "AUC": 0.5549402832984924, "number_of_bets_tested": 139}}, "ans": 0}, "2020020540.0": {"pred": {"under": 0.5233371563112508, "over": 0.4766440114602282, "metrics": {"loss": 0.7256824970245361, "acc": 0.5179855823516846, "AUC": 0.5549402832984924, "number_of_bets_tested": 139}}, "ans": 1}, "2020020555.0": {"pred": {"under": 0.2858184736383971, "over": 0.7148334878359238, "metrics": {"loss": 0.7256824970245361, "acc": 0.5179855823516846, "AUC": 0.5549402832984924, "number_of_bets_tested": 139}}, "ans": 0}, "2020020570.0": {"pred": {"under": 0.5304529913868422, "over": 0.4695281120526688, "metrics": {"loss": 0.7256824970245361, "acc": 0.5179855823516846, "AUC": 0.5549402832984924, "number_of_bets_tested": 139}}, "ans": 1}, "2020020584.0": {"pred": {"under": 0.958643064151724, "over": 0.041370397006166536, "metrics": {"loss": 0.7256824970245361, "acc": 0.5179855823516846, "AUC": 0.5549402832984924, "number_of_bets_tested": 139}}, "ans": 0}, "2020020241.0": {"pred": {"under": 0.3269755914400948, "over": 0.672580340912912, "metrics": {"loss": 0.7256824970245361, "acc": 0.5179855823516846, "AUC": 0.5549402832984924, "number_of_bets_tested": 139}}, "ans": 0}, "2020020641.0": {"pred": {"under": 0.5133823280327551, "over": 0.4865922221512005, "metrics": {"loss": 0.7256824970245361, "acc": 0.5179855823516846, "AUC": 0.5549402832984924, "number_of_bets_tested": 139}}, "ans": 0}, "2020020649.0": {"pred": {"under": 7.106586975449508e-10, "over": 0.9999999992893414, "metrics": {"loss": 0.7256824970245361, "acc": 0.5179855823516846, "AUC": 0.5549402832984924, "number_of_bets_tested": 139}}, "ans": 1}, "2020020664.0": {"pred": {"under": 0.11413813304198325, "over": 0.8859336628623706, "metrics": {"loss": 0.7256824970245361, "acc": 0.5179855823516846, "AUC": 0.5549402832984924, "number_of_bets_tested": 139}}, "ans": 0}, "2020020675.0": {"pred": {"under": 0.32992925648825433, "over": 0.6701365480203789, "metrics": {"loss": 0.7256824970245361, "acc": 0.5179855823516846, "AUC": 0.5549402832984924, "number_of_bets_tested": 139}}, "ans": 1}, "2020020687.0": {"pred": {"under": 0.6748775023592564, "over": 0.32549258749106924, "metrics": {"loss": 0.7256824970245361, "acc": 0.5179855823516846, "AUC": 0.5549402832984924, "number_of_bets_tested": 139}}, "ans": 0}, "2020020698.0": {"pred": {"under": 0.5807577384257949, "over": 0.41923496420735723, "metrics": {"loss": 0.7256824970245361, "acc": 0.5179855823516846, "AUC": 0.5549402832984924, "number_of_bets_tested": 139}}, "ans": 0}, "2020020713.0": {"pred": {"under": 0.7801806642600481, "over": 0.21982620248834425, "metrics": {"loss": 0.7256824970245361, "acc": 0.5179855823516846, "AUC": 0.5549402832984924, "number_of_bets_tested": 139}}, "ans": 1}, "2020020728.0": {"pred": {"under": 0.949987907433524, "over": 0.05003616694162153, "metrics": {"loss": 0.7256824970245361, "acc": 0.5179855823516846, "AUC": 0.5549402832984924, "number_of_bets_tested": 139}}, "ans": 0}, "2020020766.0": {"pred": {"under": 0.7542946626174905, "over": 0.24595618127254096, "metrics": {"loss": 0.7256824970245361, "acc": 0.5179855823516846, "AUC": 0.5549402832984924, "number_of_bets_tested": 139}}, "ans": 1}, "2020020781.0": {"pred": {"under": 0.9607970742911803, "over": 0.039211890008784694, "metrics": {"loss": 0.7256824970245361, "acc": 0.5179855823516846, "AUC": 0.5549402832984924, "number_of_bets_tested": 139}}, "ans": 1}, "2020020823.0": {"pred": {"under": 3.2775940273674715e-10, "over": 0.9999999996722406, "metrics": {"loss": 0.7256824970245361, "acc": 0.5179855823516846, "AUC": 0.5549402832984924, "number_of_bets_tested": 139}}, "ans": 1}, "2020020837.0": {"pred": {"under": 0.0064598488992580125, "over": 0.9935400962291454, "metrics": {"loss": 0.7256824970245361, "acc": 0.5179855823516846, "AUC": 0.5549402832984924, "number_of_bets_tested": 139}}, "ans": 1}, "2020020853.0": {"pred": {"under": 0.027607809284806925, "over": 0.9723900652891452, "metrics": {"loss": 0.7256824970245361, "acc": 0.5179855823516846, "AUC": 0.5549402832984924, "number_of_bets_tested": 139}}, "ans": 1}, "2020020162.0": {"pred": {"under": 0.07711885642826066, "over": 0.9228370028080857, "metrics": {"loss": 0.7256824970245361, "acc": 0.5179855823516846, "AUC": 0.5549402832984924, "number_of_bets_tested": 139}}, "ans": 0}}