{"2020020498.0": {"pred": {"under": 0.4404666156883478, "over": 0.5597871911468021, "metrics": {"loss": 0.9837254285812378, "acc": 0.6190476417541504, "AUC": 0.689373791217804, "number_of_bets_tested": 126}}, "ans": 1}, "2020020578.0": {"pred": {"under": 0.535562426216494, "over": 0.4652089285055284, "metrics": {"loss": 0.9837254285812378, "acc": 0.6190476417541504, "AUC": 0.689373791217804, "number_of_bets_tested": 126}}, "ans": 0}, "2020020645.0": {"pred": {"under": 0.44375825720735584, "over": 0.5567371360176738, "metrics": {"loss": 0.9837254285812378, "acc": 0.6190476417541504, "AUC": 0.689373791217804, "number_of_bets_tested": 126}}, "ans": 0}, "2020020671.0": {"pred": {"under": 0.39847920638660284, "over": 0.6008727892037514, "metrics": {"loss": 0.9837254285812378, "acc": 0.6190476417541504, "AUC": 0.689373791217804, "number_of_bets_tested": 126}}, "ans": 1}, "2020020686.0": {"pred": {"under": 0.4178536199877823, "over": 0.5816010434547023, "metrics": {"loss": 0.9837254285812378, "acc": 0.6190476417541504, "AUC": 0.689373791217804, "number_of_bets_tested": 126}}, "ans": 0}, "2020020546.0": {"pred": {"under": 0.5379653045604786, "over": 0.46081388724874045, "metrics": {"loss": 0.9837254285812378, "acc": 0.6190476417541504, "AUC": 0.689373791217804, "number_of_bets_tested": 126}}, "ans": 0}, "2020020709.0": {"pred": {"under": 0.6974594327905846, "over": 0.30241017851725366, "metrics": {"loss": 0.9837254285812378, "acc": 0.6190476417541504, "AUC": 0.689373791217804, "number_of_bets_tested": 126}}, "ans": 1}, "2020020721.0": {"pred": {"under": 0.39160065568201147, "over": 0.6073309872775833, "metrics": {"loss": 0.9837254285812378, "acc": 0.6190476417541504, "AUC": 0.689373791217804, "number_of_bets_tested": 126}}, "ans": 0}, "2020020736.0": {"pred": {"under": 0.56033581299379, "over": 0.43870565469185263, "metrics": {"loss": 0.9837254285812378, "acc": 0.6190476417541504, "AUC": 0.689373791217804, "number_of_bets_tested": 126}}, "ans": 1}}