{"2020020723.0": {"pred": {"under": 0.5454007105594016, "over": 0.4546069667627901, "metrics": {"loss": 1.2413064241409302, "acc": 0.45299145579338074, "AUC": 0.46807655692100525, "number_of_bets_tested": 117}}, "ans": 0}, "2020020620.0": {"pred": {"under": 0.8472592284719039, "over": 0.15294482650490737, "metrics": {"loss": 1.2413064241409302, "acc": 0.45299145579338074, "AUC": 0.46807655692100525, "number_of_bets_tested": 117}}, "ans": 1}, "2020020182.0": {"pred": {"under": 0.2925719469731825, "over": 0.707350649887599, "metrics": {"loss": 1.2413064241409302, "acc": 0.45299145579338074, "AUC": 0.46807655692100525, "number_of_bets_tested": 117}}, "ans": 0}, "2020020778.0": {"pred": {"under": 0.4725749819064092, "over": 0.5277495254058747, "metrics": {"loss": 1.2413064241409302, "acc": 0.45299145579338074, "AUC": 0.46807655692100525, "number_of_bets_tested": 117}}, "ans": 0}}