{"2020020466.0": {"pred": {"under": 0.21306627220199173, "over": 0.785720860385944, "metrics": {"loss": 0.7037814855575562, "acc": 0.6402877569198608, "AUC": 0.6371822953224182, "number_of_bets_tested": 139}}, "ans": 1}, "2020020493.0": {"pred": {"under": 0.21550578319738037, "over": 0.7840027512173733, "metrics": {"loss": 0.7037814855575562, "acc": 0.6402877569198608, "AUC": 0.6371822953224182, "number_of_bets_tested": 139}}, "ans": 0}, "2020020540.0": {"pred": {"under": 0.13471250740275748, "over": 0.8651542467200589, "metrics": {"loss": 0.7037814855575562, "acc": 0.6402877569198608, "AUC": 0.6371822953224182, "number_of_bets_tested": 139}}, "ans": 1}, "2020020555.0": {"pred": {"under": 0.0017986154636333476, "over": 0.9982013826177585, "metrics": {"loss": 0.7037814855575562, "acc": 0.6402877569198608, "AUC": 0.6371822953224182, "number_of_bets_tested": 139}}, "ans": 0}, "2020020570.0": {"pred": {"under": 0.10023198100118551, "over": 0.8996602731277306, "metrics": {"loss": 0.7037814855575562, "acc": 0.6402877569198608, "AUC": 0.6371822953224182, "number_of_bets_tested": 139}}, "ans": 1}, "2020020584.0": {"pred": {"under": 0.12978704476854244, "over": 0.8701073151832044, "metrics": {"loss": 0.7037814855575562, "acc": 0.6402877569198608, "AUC": 0.6371822953224182, "number_of_bets_tested": 139}}, "ans": 0}, "2020020241.0": {"pred": {"under": 0.03166174995622068, "over": 0.9683295839602852, "metrics": {"loss": 0.7037814855575562, "acc": 0.6402877569198608, "AUC": 0.6371822953224182, "number_of_bets_tested": 139}}, "ans": 1}, "2020020649.0": {"pred": {"under": 4.306475991110749e-25, "over": 1.0, "metrics": {"loss": 0.7037814855575562, "acc": 0.6402877569198608, "AUC": 0.6371822953224182, "number_of_bets_tested": 139}}, "ans": 1}, "2020020664.0": {"pred": {"under": 0.016279554576091676, "over": 0.9837189744279309, "metrics": {"loss": 0.7037814855575562, "acc": 0.6402877569198608, "AUC": 0.6371822953224182, "number_of_bets_tested": 139}}, "ans": 1}, "2020020675.0": {"pred": {"under": 0.04760657135029122, "over": 0.9523746704622339, "metrics": {"loss": 0.7037814855575562, "acc": 0.6402877569198608, "AUC": 0.6371822953224182, "number_of_bets_tested": 139}}, "ans": 1}, "2020020713.0": {"pred": {"under": 0.031188674479011705, "over": 0.9687971037443203, "metrics": {"loss": 0.7037814855575562, "acc": 0.6402877569198608, "AUC": 0.6371822953224182, "number_of_bets_tested": 139}}, "ans": 1}, "2020020728.0": {"pred": {"under": 0.07853333216975716, "over": 0.9214048955844985, "metrics": {"loss": 0.7037814855575562, "acc": 0.6402877569198608, "AUC": 0.6371822953224182, "number_of_bets_tested": 139}}, "ans": 0}, "2020020766.0": {"pred": {"under": 0.0008987844375070229, "over": 0.9991012149824101, "metrics": {"loss": 0.7037814855575562, "acc": 0.6402877569198608, "AUC": 0.6371822953224182, "number_of_bets_tested": 139}}, "ans": 1}, "2020020781.0": {"pred": {"under": 0.004456006541007059, "over": 0.9955439424693092, "metrics": {"loss": 0.7037814855575562, "acc": 0.6402877569198608, "AUC": 0.6371822953224182, "number_of_bets_tested": 139}}, "ans": 1}, "2020020823.0": {"pred": {"under": 3.1137153441881845e-26, "over": 1.0, "metrics": {"loss": 0.7037814855575562, "acc": 0.6402877569198608, "AUC": 0.6371822953224182, "number_of_bets_tested": 139}}, "ans": 1}, "2020020837.0": {"pred": {"under": 9.975382083869065e-07, "over": 0.9999990024617916, "metrics": {"loss": 0.7037814855575562, "acc": 0.6402877569198608, "AUC": 0.6371822953224182, "number_of_bets_tested": 139}}, "ans": 1}}