{"2020020541.0": {"pred": {"under": 0.450075428986717, "over": 0.5498012555246332, "metrics": {"loss": 1.117565393447876, "acc": 0.4829931855201721, "AUC": 0.48336338996887207, "number_of_bets_tested": 147}}, "ans": 0}, "2020020556.0": {"pred": {"under": 0.450075428986717, "over": 0.5498012555246332, "metrics": {"loss": 1.117565393447876, "acc": 0.4829931855201721, "AUC": 0.48336338996887207, "number_of_bets_tested": 147}}, "ans": 1}, "2020020571.0": {"pred": {"under": 0.9786055809832733, "over": 0.02139202470434799, "metrics": {"loss": 1.117565393447876, "acc": 0.4829931855201721, "AUC": 0.48336338996887207, "number_of_bets_tested": 147}}, "ans": 0}, "2020020390.0": {"pred": {"under": 0.9715224290434635, "over": 0.028473943170587525, "metrics": {"loss": 1.117565393447876, "acc": 0.4829931855201721, "AUC": 0.48336338996887207, "number_of_bets_tested": 147}}, "ans": 0}, "2020020614.0": {"pred": {"under": 0.5981098816260051, "over": 0.4023491626320987, "metrics": {"loss": 1.117565393447876, "acc": 0.4829931855201721, "AUC": 0.48336338996887207, "number_of_bets_tested": 147}}, "ans": 1}, "2020020628.0": {"pred": {"under": 0.7002892349959059, "over": 0.2995221715836371, "metrics": {"loss": 1.117565393447876, "acc": 0.4829931855201721, "AUC": 0.48336338996887207, "number_of_bets_tested": 147}}, "ans": 0}, "2020020714.0": {"pred": {"under": 0.5681319768918013, "over": 0.43223111827359034, "metrics": {"loss": 1.117565393447876, "acc": 0.4829931855201721, "AUC": 0.48336338996887207, "number_of_bets_tested": 147}}, "ans": 0}, "2020020195.0": {"pred": {"under": 0.450075428986717, "over": 0.5498012555246332, "metrics": {"loss": 1.117565393447876, "acc": 0.4829931855201721, "AUC": 0.48336338996887207, "number_of_bets_tested": 147}}, "ans": 0}, "2020020665.0": {"pred": {"under": 0.450075428986717, "over": 0.5498012555246332, "metrics": {"loss": 1.117565393447876, "acc": 0.4829931855201721, "AUC": 0.48336338996887207, "number_of_bets_tested": 147}}, "ans": 1}, "2020020685.0": {"pred": {"under": 0.450075428986717, "over": 0.5498012555246332, "metrics": {"loss": 1.117565393447876, "acc": 0.4829931855201721, "AUC": 0.48336338996887207, "number_of_bets_tested": 147}}, "ans": 0}, "2020020701.0": {"pred": {"under": 0.48585072111048433, "over": 0.5137394210219791, "metrics": {"loss": 1.117565393447876, "acc": 0.4829931855201721, "AUC": 0.48336338996887207, "number_of_bets_tested": 147}}, "ans": 0}, "2020020483.0": {"pred": {"under": 0.6214981210888604, "over": 0.3790196230126592, "metrics": {"loss": 1.117565393447876, "acc": 0.4829931855201721, "AUC": 0.48336338996887207, "number_of_bets_tested": 147}}, "ans": 0}, "2020020729.0": {"pred": {"under": 0.450075428986717, "over": 0.5498012555246332, "metrics": {"loss": 1.117565393447876, "acc": 0.4829931855201721, "AUC": 0.48336338996887207, "number_of_bets_tested": 147}}, "ans": 1}, "2020020738.0": {"pred": {"under": 0.727953188839996, "over": 0.2713545378689672, "metrics": {"loss": 1.117565393447876, "acc": 0.4829931855201721, "AUC": 0.48336338996887207, "number_of_bets_tested": 147}}, "ans": 1}, "2020020757.0": {"pred": {"under": 0.8067299451486026, "over": 0.19298446068934888, "metrics": {"loss": 1.117565393447876, "acc": 0.4829931855201721, "AUC": 0.48336338996887207, "number_of_bets_tested": 147}}, "ans": 1}, "2020020813.0": {"pred": {"under": 0.622893410494429, "over": 0.37762732935873955, "metrics": {"loss": 1.117565393447876, "acc": 0.4829931855201721, "AUC": 0.48336338996887207, "number_of_bets_tested": 147}}, "ans": 1}, "2020020825.0": {"pred": {"under": 0.9911521122274177, "over": 0.008847770521182585, "metrics": {"loss": 1.117565393447876, "acc": 0.4829931855201721, "AUC": 0.48336338996887207, "number_of_bets_tested": 147}}, "ans": 1}, "2020020838.0": {"pred": {"under": 0.7661805448826555, "over": 0.2336700948731685, "metrics": {"loss": 1.117565393447876, "acc": 0.4829931855201721, "AUC": 0.48336338996887207, "number_of_bets_tested": 147}}, "ans": 0}, "2020030122.0": {"pred": {"under": 0.8443093361435478, "over": 0.15595809360447382, "metrics": {"loss": 1.117565393447876, "acc": 0.4829931855201721, "AUC": 0.48336338996887207, "number_of_bets_tested": 147}}, "ans": 1}, "2020030123.0": {"pred": {"under": 0.8068107612829776, "over": 0.1935730938240349, "metrics": {"loss": 1.117565393447876, "acc": 0.4829931855201721, "AUC": 0.48336338996887207, "number_of_bets_tested": 147}}, "ans": 1}, "2020030124.0": {"pred": {"under": 0.7134704764829762, "over": 0.28703497385538246, "metrics": {"loss": 1.117565393447876, "acc": 0.4829931855201721, "AUC": 0.48336338996887207, "number_of_bets_tested": 147}}, "ans": 1}, "2020030125.0": {"pred": {"under": 0.6851099234523939, "over": 0.31460045666803016, "metrics": {"loss": 1.117565393447876, "acc": 0.4829931855201721, "AUC": 0.48336338996887207, "number_of_bets_tested": 147}}, "ans": 0}}