{"2020020723.0": {"pred": {"under": 0.12543856974621606, "over": 0.8744682997445264, "metrics": {"loss": 0.8367745876312256, "acc": 0.5405405163764954, "AUC": 0.5876096487045288, "number_of_bets_tested": 148}}, "ans": 1}, "2020020620.0": {"pred": {"under": 0.4469149967112862, "over": 0.553029866213553, "metrics": {"loss": 0.8367745876312256, "acc": 0.5405405163764954, "AUC": 0.5876096487045288, "number_of_bets_tested": 148}}, "ans": 1}, "2020020637.0": {"pred": {"under": 0.4467162409640416, "over": 0.5532292951378257, "metrics": {"loss": 0.8367745876312256, "acc": 0.5405405163764954, "AUC": 0.5876096487045288, "number_of_bets_tested": 148}}, "ans": 0}, "2020020654.0": {"pred": {"under": 0.45045576658291026, "over": 0.5494770735627071, "metrics": {"loss": 0.8367745876312256, "acc": 0.5405405163764954, "AUC": 0.5876096487045288, "number_of_bets_tested": 148}}, "ans": 1}, "2020020182.0": {"pred": {"under": 0.29111996124131795, "over": 0.7089677347995653, "metrics": {"loss": 0.8367745876312256, "acc": 0.5405405163764954, "AUC": 0.5876096487045288, "number_of_bets_tested": 148}}, "ans": 1}, "2020020700.0": {"pred": {"under": 0.1760713054206575, "over": 0.8240512222177797, "metrics": {"loss": 0.8367745876312256, "acc": 0.5405405163764954, "AUC": 0.5876096487045288, "number_of_bets_tested": 148}}, "ans": 0}, "2020020735.0": {"pred": {"under": 0.13140170840619864, "over": 0.8686564111954156, "metrics": {"loss": 0.8367745876312256, "acc": 0.5405405163764954, "AUC": 0.5876096487045288, "number_of_bets_tested": 148}}, "ans": 1}, "2020020191.0": {"pred": {"under": 0.0039054545564114534, "over": 0.9960945432637909, "metrics": {"loss": 0.8367745876312256, "acc": 0.5405405163764954, "AUC": 0.5876096487045288, "number_of_bets_tested": 148}}, "ans": 1}, "2020020778.0": {"pred": {"under": 0.23183056221409237, "over": 0.7684517551844883, "metrics": {"loss": 0.8367745876312256, "acc": 0.5405405163764954, "AUC": 0.5876096487045288, "number_of_bets_tested": 148}}, "ans": 0}, "2020020832.0": {"pred": {"under": 0.2784085368927466, "over": 0.7217398556328406, "metrics": {"loss": 0.8367745876312256, "acc": 0.5405405163764954, "AUC": 0.5876096487045288, "number_of_bets_tested": 148}}, "ans": 1}, "2020020851.0": {"pred": {"under": 0.4450526650305799, "over": 0.5548984961192587, "metrics": {"loss": 0.8367745876312256, "acc": 0.5405405163764954, "AUC": 0.5876096487045288, "number_of_bets_tested": 148}}, "ans": 0}, "2020020790.0": {"pred": {"under": 0.40718867479552745, "over": 0.5928727960322918, "metrics": {"loss": 0.8367745876312256, "acc": 0.5405405163764954, "AUC": 0.5876096487045288, "number_of_bets_tested": 148}}, "ans": 0}, "2020030151.0": {"pred": {"under": 0.15375456422126355, "over": 0.8464948219323637, "metrics": {"loss": 0.8367745876312256, "acc": 0.5405405163764954, "AUC": 0.5876096487045288, "number_of_bets_tested": 148}}, "ans": 0}, "2020030152.0": {"pred": {"under": 0.4523187605867528, "over": 0.5476077227854166, "metrics": {"loss": 0.8367745876312256, "acc": 0.5405405163764954, "AUC": 0.5876096487045288, "number_of_bets_tested": 148}}, "ans": 1}, "2020030153.0": {"pred": {"under": 0.03452706370924771, "over": 0.9654793689563552, "metrics": {"loss": 0.8367745876312256, "acc": 0.5405405163764954, "AUC": 0.5876096487045288, "number_of_bets_tested": 148}}, "ans": 0}, "2020030154.0": {"pred": {"under": 0.4523187605867528, "over": 0.5476077227854166, "metrics": {"loss": 0.8367745876312256, "acc": 0.5405405163764954, "AUC": 0.5876096487045288, "number_of_bets_tested": 148}}, "ans": 0}}