{"2020020467.0": {"pred": {"under": 0.6658467847766704, "over": 0.33415622327128897, "metrics": {"loss": 0.8401615619659424, "acc": 0.6190476417541504, "AUC": 0.6499606370925903, "number_of_bets_tested": 147}}, "ans": 0}, "2020020482.0": {"pred": {"under": 0.6470665082737218, "over": 0.3527616791145557, "metrics": {"loss": 0.8401615619659424, "acc": 0.6190476417541504, "AUC": 0.6499606370925903, "number_of_bets_tested": 147}}, "ans": 0}, "2020020493.0": {"pred": {"under": 0.6658467847766704, "over": 0.33415622327128897, "metrics": {"loss": 0.8401615619659424, "acc": 0.6190476417541504, "AUC": 0.6499606370925903, "number_of_bets_tested": 147}}, "ans": 0}, "2020020535.0": {"pred": {"under": 0.5461202909971057, "over": 0.4528258566679111, "metrics": {"loss": 0.8401615619659424, "acc": 0.6190476417541504, "AUC": 0.6499606370925903, "number_of_bets_tested": 147}}, "ans": 1}, "2020020723.0": {"pred": {"under": 0.6658467847766704, "over": 0.33415622327128897, "metrics": {"loss": 0.8401615619659424, "acc": 0.6190476417541504, "AUC": 0.6499606370925903, "number_of_bets_tested": 147}}, "ans": 1}, "2020020606.0": {"pred": {"under": 0.6658467847766704, "over": 0.33415622327128897, "metrics": {"loss": 0.8401615619659424, "acc": 0.6190476417541504, "AUC": 0.6499606370925903, "number_of_bets_tested": 147}}, "ans": 0}, "2020020620.0": {"pred": {"under": 0.6658467847766704, "over": 0.33415622327128897, "metrics": {"loss": 0.8401615619659424, "acc": 0.6190476417541504, "AUC": 0.6499606370925903, "number_of_bets_tested": 147}}, "ans": 0}, "2020020182.0": {"pred": {"under": 0.5332105926767299, "over": 0.4656483119697261, "metrics": {"loss": 0.8401615619659424, "acc": 0.6190476417541504, "AUC": 0.6499606370925903, "number_of_bets_tested": 147}}, "ans": 1}, "2020020778.0": {"pred": {"under": 0.5675771826562982, "over": 0.4320754849628324, "metrics": {"loss": 0.8401615619659424, "acc": 0.6190476417541504, "AUC": 0.6499606370925903, "number_of_bets_tested": 147}}, "ans": 0}, "2020020762.0": {"pred": {"under": 0.5686910168185991, "over": 0.4304603076090378, "metrics": {"loss": 0.8401615619659424, "acc": 0.6190476417541504, "AUC": 0.6499606370925903, "number_of_bets_tested": 147}}, "ans": 0}, "2020020851.0": {"pred": {"under": 0.5535051676460092, "over": 0.4454916249191052, "metrics": {"loss": 0.8401615619659424, "acc": 0.6190476417541504, "AUC": 0.6499606370925903, "number_of_bets_tested": 147}}, "ans": 0}, "2020030153.0": {"pred": {"under": 0.4352808061137243, "over": 0.5658049143557581, "metrics": {"loss": 0.8401615619659424, "acc": 0.6190476417541504, "AUC": 0.6499606370925903, "number_of_bets_tested": 147}}, "ans": 0}, "2020030154.0": {"pred": {"under": 0.6094274342324427, "over": 0.3918104405735299, "metrics": {"loss": 0.8401615619659424, "acc": 0.6190476417541504, "AUC": 0.6499606370925903, "number_of_bets_tested": 147}}, "ans": 0}}