{"2020020485.0": {"pred": {"under": 0.565532864419314, "over": 0.43422734482090397, "metrics": {"loss": 0.7285160422325134, "acc": 0.6350364685058594, "AUC": 0.6597580909729004, "number_of_bets_tested": 137}}, "ans": 1}, "2020020497.0": {"pred": {"under": 0.6685586341468532, "over": 0.33107475999005936, "metrics": {"loss": 0.7285160422325134, "acc": 0.6350364685058594, "AUC": 0.6597580909729004, "number_of_bets_tested": 137}}, "ans": 0}, "2020020518.0": {"pred": {"under": 0.652377645782756, "over": 0.34709948925829387, "metrics": {"loss": 0.7285160422325134, "acc": 0.6350364685058594, "AUC": 0.6597580909729004, "number_of_bets_tested": 137}}, "ans": 1}, "2020020531.0": {"pred": {"under": 0.767472439025884, "over": 0.23218939645062578, "metrics": {"loss": 0.7285160422325134, "acc": 0.6350364685058594, "AUC": 0.6597580909729004, "number_of_bets_tested": 137}}, "ans": 0}, "2020020576.0": {"pred": {"under": 0.734408602359123, "over": 0.26523387782841135, "metrics": {"loss": 0.7285160422325134, "acc": 0.6350364685058594, "AUC": 0.6597580909729004, "number_of_bets_tested": 137}}, "ans": 0}, "2020020598.0": {"pred": {"under": 0.6203766911226661, "over": 0.37928253625160263, "metrics": {"loss": 0.7285160422325134, "acc": 0.6350364685058594, "AUC": 0.6597580909729004, "number_of_bets_tested": 137}}, "ans": 0}, "2020020615.0": {"pred": {"under": 0.676769883335834, "over": 0.32274577734741433, "metrics": {"loss": 0.7285160422325134, "acc": 0.6350364685058594, "AUC": 0.6597580909729004, "number_of_bets_tested": 137}}, "ans": 1}, "2020020629.0": {"pred": {"under": 0.6385733802829695, "over": 0.36107515571587967, "metrics": {"loss": 0.7285160422325134, "acc": 0.6350364685058594, "AUC": 0.6597580909729004, "number_of_bets_tested": 137}}, "ans": 0}, "2020020642.0": {"pred": {"under": 0.7121278160959191, "over": 0.28757793941607673, "metrics": {"loss": 0.7285160422325134, "acc": 0.6350364685058594, "AUC": 0.6597580909729004, "number_of_bets_tested": 137}}, "ans": 0}, "2020020657.0": {"pred": {"under": 0.5732486364360593, "over": 0.42630432053652956, "metrics": {"loss": 0.7285160422325134, "acc": 0.6350364685058594, "AUC": 0.6597580909729004, "number_of_bets_tested": 137}}, "ans": 1}, "2020020774.0": {"pred": {"under": 0.7272985228925808, "over": 0.2724730998008242, "metrics": {"loss": 0.7285160422325134, "acc": 0.6350364685058594, "AUC": 0.6597580909729004, "number_of_bets_tested": 137}}, "ans": 1}, "2020020786.0": {"pred": {"under": 0.8240206791806687, "over": 0.17569108473132233, "metrics": {"loss": 0.7285160422325134, "acc": 0.6350364685058594, "AUC": 0.6597580909729004, "number_of_bets_tested": 137}}, "ans": 1}, "2020020280.0": {"pred": {"under": 0.7176218294866125, "over": 0.2820143725711301, "metrics": {"loss": 0.7285160422325134, "acc": 0.6350364685058594, "AUC": 0.6597580909729004, "number_of_bets_tested": 137}}, "ans": 0}, "2020030132.0": {"pred": {"under": 0.6034887608820579, "over": 0.39603289361829114, "metrics": {"loss": 0.7285160422325134, "acc": 0.6350364685058594, "AUC": 0.6597580909729004, "number_of_bets_tested": 137}}, "ans": 0}, "2020030134.0": {"pred": {"under": 0.8967909246492871, "over": 0.10310342426125071, "metrics": {"loss": 0.7285160422325134, "acc": 0.6350364685058594, "AUC": 0.6597580909729004, "number_of_bets_tested": 137}}, "ans": 1}}