{"2020020620.0": {"pred": {"under": 0.27407680222406655, "over": 0.7268798787512969, "metrics": {"loss": 1.6189175844192505, "acc": 0.49193549156188965, "AUC": 0.5199987292289734, "number_of_bets_tested": 124}}, "ans": 1}, "2020020182.0": {"pred": {"under": 0.23027070086277845, "over": 0.7707269418087451, "metrics": {"loss": 1.6189175844192505, "acc": 0.49193549156188965, "AUC": 0.5199987292289734, "number_of_bets_tested": 124}}, "ans": 1}, "2020020735.0": {"pred": {"under": 0.18514763399054304, "over": 0.8146503835425591, "metrics": {"loss": 1.6189175844192505, "acc": 0.49193549156188965, "AUC": 0.5199987292289734, "number_of_bets_tested": 124}}, "ans": 1}, "2020020778.0": {"pred": {"under": 0.1681641963849149, "over": 0.832213688567121, "metrics": {"loss": 1.6189175844192505, "acc": 0.49193549156188965, "AUC": 0.5199987292289734, "number_of_bets_tested": 124}}, "ans": 0}, "2020020762.0": {"pred": {"under": 0.300570716489579, "over": 0.6995499570647695, "metrics": {"loss": 1.6189175844192505, "acc": 0.49193549156188965, "AUC": 0.5199987292289734, "number_of_bets_tested": 124}}, "ans": 0}, "2020020832.0": {"pred": {"under": 0.3231771332123245, "over": 0.6780906961251829, "metrics": {"loss": 1.6189175844192505, "acc": 0.49193549156188965, "AUC": 0.5199987292289734, "number_of_bets_tested": 124}}, "ans": 0}, "2020030151.0": {"pred": {"under": 0.44429770712568095, "over": 0.554499860564232, "metrics": {"loss": 1.6189175844192505, "acc": 0.49193549156188965, "AUC": 0.5199987292289734, "number_of_bets_tested": 124}}, "ans": 1}, "2020030152.0": {"pred": {"under": 0.4256619159200496, "over": 0.5743607582884307, "metrics": {"loss": 1.6189175844192505, "acc": 0.49193549156188965, "AUC": 0.5199987292289734, "number_of_bets_tested": 124}}, "ans": 1}, "2020030153.0": {"pred": {"under": 0.3089245655591557, "over": 0.6912955274793968, "metrics": {"loss": 1.6189175844192505, "acc": 0.49193549156188965, "AUC": 0.5199987292289734, "number_of_bets_tested": 124}}, "ans": 1}, "2020030154.0": {"pred": {"under": 0.7801990808871114, "over": 0.21987787411946913, "metrics": {"loss": 1.6189175844192505, "acc": 0.49193549156188965, "AUC": 0.5199987292289734, "number_of_bets_tested": 124}}, "ans": 0}}