{"2020020466.0": {"pred": {"under": 0.5082987901673109, "over": 0.49205198682041223, "metrics": {"loss": 1.1665401458740234, "acc": 0.45192307233810425, "AUC": 0.4631102383136749, "number_of_bets_tested": 104}}, "ans": 0}, "2020020481.0": {"pred": {"under": 0.4216300452112796, "over": 0.5788016919386215, "metrics": {"loss": 1.1665401458740234, "acc": 0.45192307233810425, "AUC": 0.4631102383136749, "number_of_bets_tested": 104}}, "ans": 1}, "2020020495.0": {"pred": {"under": 0.6622300915975122, "over": 0.3376834833938035, "metrics": {"loss": 1.1665401458740234, "acc": 0.45192307233810425, "AUC": 0.4631102383136749, "number_of_bets_tested": 104}}, "ans": 0}, "2020020122.0": {"pred": {"under": 0.6622300915975122, "over": 0.3376834833938035, "metrics": {"loss": 1.1665401458740234, "acc": 0.45192307233810425, "AUC": 0.4631102383136749, "number_of_bets_tested": 104}}, "ans": 1}, "2020020523.0": {"pred": {"under": 0.6426701011171565, "over": 0.35808449190386804, "metrics": {"loss": 1.1665401458740234, "acc": 0.45192307233810425, "AUC": 0.4631102383136749, "number_of_bets_tested": 104}}, "ans": 0}, "2020020554.0": {"pred": {"under": 0.6622300915975122, "over": 0.3376834833938035, "metrics": {"loss": 1.1665401458740234, "acc": 0.45192307233810425, "AUC": 0.4631102383136749, "number_of_bets_tested": 104}}, "ans": 0}, "2020020569.0": {"pred": {"under": 0.6622300915975122, "over": 0.3376834833938035, "metrics": {"loss": 1.1665401458740234, "acc": 0.45192307233810425, "AUC": 0.4631102383136749, "number_of_bets_tested": 104}}, "ans": 0}, "2020020579.0": {"pred": {"under": 0.6622300915975122, "over": 0.3376834833938035, "metrics": {"loss": 1.1665401458740234, "acc": 0.45192307233810425, "AUC": 0.4631102383136749, "number_of_bets_tested": 104}}, "ans": 1}, "2020020606.0": {"pred": {"under": 0.6622300915975122, "over": 0.3376834833938035, "metrics": {"loss": 1.1665401458740234, "acc": 0.45192307233810425, "AUC": 0.4631102383136749, "number_of_bets_tested": 104}}, "ans": 0}, "2020020620.0": {"pred": {"under": 0.6491229856948917, "over": 0.35097210320676425, "metrics": {"loss": 1.1665401458740234, "acc": 0.45192307233810425, "AUC": 0.4631102383136749, "number_of_bets_tested": 104}}, "ans": 1}, "2020020639.0": {"pred": {"under": 0.6622300915975122, "over": 0.3376834833938035, "metrics": {"loss": 1.1665401458740234, "acc": 0.45192307233810425, "AUC": 0.4631102383136749, "number_of_bets_tested": 104}}, "ans": 1}, "2020020655.0": {"pred": {"under": 0.6801687863664844, "over": 0.3194442541259305, "metrics": {"loss": 1.1665401458740234, "acc": 0.45192307233810425, "AUC": 0.4631102383136749, "number_of_bets_tested": 104}}, "ans": 0}, "2020020663.0": {"pred": {"under": 0.43382114760957124, "over": 0.567577855128405, "metrics": {"loss": 1.1665401458740234, "acc": 0.45192307233810425, "AUC": 0.4631102383136749, "number_of_bets_tested": 104}}, "ans": 0}, "2020020674.0": {"pred": {"under": 0.929138007681231, "over": 0.0707957926291294, "metrics": {"loss": 1.1665401458740234, "acc": 0.45192307233810425, "AUC": 0.4631102383136749, "number_of_bets_tested": 104}}, "ans": 0}, "2020020689.0": {"pred": {"under": 0.49029105915763505, "over": 0.510132510017117, "metrics": {"loss": 1.1665401458740234, "acc": 0.45192307233810425, "AUC": 0.4631102383136749, "number_of_bets_tested": 104}}, "ans": 0}, "2020020705.0": {"pred": {"under": 0.45520892418430237, "over": 0.5453394693482752, "metrics": {"loss": 1.1665401458740234, "acc": 0.45192307233810425, "AUC": 0.4631102383136749, "number_of_bets_tested": 104}}, "ans": 1}, "2020020713.0": {"pred": {"under": 0.6622300915975122, "over": 0.3376834833938035, "metrics": {"loss": 1.1665401458740234, "acc": 0.45192307233810425, "AUC": 0.4631102383136749, "number_of_bets_tested": 104}}, "ans": 1}, "2020020728.0": {"pred": {"under": 0.5704456166228548, "over": 0.4304098077613681, "metrics": {"loss": 1.1665401458740234, "acc": 0.45192307233810425, "AUC": 0.4631102383136749, "number_of_bets_tested": 104}}, "ans": 1}, "2020020779.0": {"pred": {"under": 0.6622300915975122, "over": 0.3376834833938035, "metrics": {"loss": 1.1665401458740234, "acc": 0.45192307233810425, "AUC": 0.4631102383136749, "number_of_bets_tested": 104}}, "ans": 1}, "2020020821.0": {"pred": {"under": 0.40830725010156194, "over": 0.5928750771739708, "metrics": {"loss": 1.1665401458740234, "acc": 0.45192307233810425, "AUC": 0.4631102383136749, "number_of_bets_tested": 104}}, "ans": 0}, "2020020835.0": {"pred": {"under": 0.346221649372972, "over": 0.6554462285818136, "metrics": {"loss": 1.1665401458740234, "acc": 0.45192307233810425, "AUC": 0.4631102383136749, "number_of_bets_tested": 104}}, "ans": 0}, "2020020851.0": {"pred": {"under": 0.28673267322229246, "over": 0.7141215027332608, "metrics": {"loss": 1.1665401458740234, "acc": 0.45192307233810425, "AUC": 0.4631102383136749, "number_of_bets_tested": 104}}, "ans": 1}, "2020020162.0": {"pred": {"under": 0.6480911131590966, "over": 0.35201890920859846, "metrics": {"loss": 1.1665401458740234, "acc": 0.45192307233810425, "AUC": 0.4631102383136749, "number_of_bets_tested": 104}}, "ans": 0}, "2020030162.0": {"pred": {"under": 0.5010661131348884, "over": 0.5000967895687652, "metrics": {"loss": 1.1665401458740234, "acc": 0.45192307233810425, "AUC": 0.4631102383136749, "number_of_bets_tested": 104}}, "ans": 0}, "2020030163.0": {"pred": {"under": 0.3815566181253327, "over": 0.6195023574552933, "metrics": {"loss": 1.1665401458740234, "acc": 0.45192307233810425, "AUC": 0.4631102383136749, "number_of_bets_tested": 104}}, "ans": 1}, "2020030164.0": {"pred": {"under": 0.5088720921866574, "over": 0.491605267317849, "metrics": {"loss": 1.1665401458740234, "acc": 0.45192307233810425, "AUC": 0.4631102383136749, "number_of_bets_tested": 104}}, "ans": 0}, "2020030165.0": {"pred": {"under": 0.8159393063230821, "over": 0.18353259663571309, "metrics": {"loss": 1.1665401458740234, "acc": 0.45192307233810425, "AUC": 0.4631102383136749, "number_of_bets_tested": 104}}, "ans": 0}}