{"2020020472.0": {"pred": {"under": 0.9696322940366386, "over": 0.030365539683816598, "metrics": {"loss": 0.9877241849899292, "acc": 0.6393442749977112, "AUC": 0.6430731415748596, "number_of_bets_tested": 122}}, "ans": 1}, "2020020487.0": {"pred": {"under": 0.7059955550516636, "over": 0.2935193417063405, "metrics": {"loss": 0.9877241849899292, "acc": 0.6393442749977112, "AUC": 0.6430731415748596, "number_of_bets_tested": 122}}, "ans": 0}, "2020020520.0": {"pred": {"under": 0.13936918828949443, "over": 0.860292368062315, "metrics": {"loss": 0.9877241849899292, "acc": 0.6393442749977112, "AUC": 0.6430731415748596, "number_of_bets_tested": 122}}, "ans": 0}, "2020020534.0": {"pred": {"under": 0.7118495000348591, "over": 0.28802003372793217, "metrics": {"loss": 0.9877241849899292, "acc": 0.6393442749977112, "AUC": 0.6430731415748596, "number_of_bets_tested": 122}}, "ans": 0}, "2020020545.0": {"pred": {"under": 0.1118574542827568, "over": 0.8877717615440258, "metrics": {"loss": 0.9877241849899292, "acc": 0.6393442749977112, "AUC": 0.6430731415748596, "number_of_bets_tested": 122}}, "ans": 0}, "2020020563.0": {"pred": {"under": 0.5164990342881958, "over": 0.4837274726320679, "metrics": {"loss": 0.9877241849899292, "acc": 0.6393442749977112, "AUC": 0.6430731415748596, "number_of_bets_tested": 122}}, "ans": 1}, "2020020577.0": {"pred": {"under": 0.4543512515034675, "over": 0.5474889071600246, "metrics": {"loss": 0.9877241849899292, "acc": 0.6393442749977112, "AUC": 0.6430731415748596, "number_of_bets_tested": 122}}, "ans": 0}, "2020020617.0": {"pred": {"under": 0.1743333921028264, "over": 0.825400073091958, "metrics": {"loss": 0.9877241849899292, "acc": 0.6393442749977112, "AUC": 0.6430731415748596, "number_of_bets_tested": 122}}, "ans": 0}, "2020020631.0": {"pred": {"under": 0.2626202985064523, "over": 0.7327271079958249, "metrics": {"loss": 0.9877241849899292, "acc": 0.6393442749977112, "AUC": 0.6430731415748596, "number_of_bets_tested": 122}}, "ans": 1}, "2020020644.0": {"pred": {"under": 0.26753671495658093, "over": 0.7279487835547813, "metrics": {"loss": 0.9877241849899292, "acc": 0.6393442749977112, "AUC": 0.6430731415748596, "number_of_bets_tested": 122}}, "ans": 1}, "2020020788.0": {"pred": {"under": 0.47201749787591113, "over": 0.5242909718993528, "metrics": {"loss": 0.9877241849899292, "acc": 0.6393442749977112, "AUC": 0.6430731415748596, "number_of_bets_tested": 122}}, "ans": 0}, "2020020659.0": {"pred": {"under": 0.09125046931150012, "over": 0.9084943004012314, "metrics": {"loss": 0.9877241849899292, "acc": 0.6393442749977112, "AUC": 0.6430731415748596, "number_of_bets_tested": 122}}, "ans": 1}, "2020020678.0": {"pred": {"under": 0.2764710476843827, "over": 0.7190578558380218, "metrics": {"loss": 0.9877241849899292, "acc": 0.6393442749977112, "AUC": 0.6430731415748596, "number_of_bets_tested": 122}}, "ans": 0}, "2020020693.0": {"pred": {"under": 0.07087997904063567, "over": 0.9289712669492719, "metrics": {"loss": 0.9877241849899292, "acc": 0.6393442749977112, "AUC": 0.6430731415748596, "number_of_bets_tested": 122}}, "ans": 0}, "2020020601.0": {"pred": {"under": 0.24411053325906354, "over": 0.7552657346471344, "metrics": {"loss": 0.9877241849899292, "acc": 0.6393442749977112, "AUC": 0.6430731415748596, "number_of_bets_tested": 122}}, "ans": 1}, "2020020725.0": {"pred": {"under": 0.28098928720721056, "over": 0.7183023904081798, "metrics": {"loss": 0.9877241849899292, "acc": 0.6393442749977112, "AUC": 0.6430731415748596, "number_of_bets_tested": 122}}, "ans": 1}, "2020020740.0": {"pred": {"under": 0.0004248077393445911, "over": 0.9995751922041464, "metrics": {"loss": 0.9877241849899292, "acc": 0.6393442749977112, "AUC": 0.6430731415748596, "number_of_bets_tested": 122}}, "ans": 0}, "2020020758.0": {"pred": {"under": 0.018292489174295684, "over": 0.9817055776569144, "metrics": {"loss": 0.9877241849899292, "acc": 0.6393442749977112, "AUC": 0.6430731415748596, "number_of_bets_tested": 122}}, "ans": 1}, "2020020773.0": {"pred": {"under": 0.02322354602819873, "over": 0.9767699977200649, "metrics": {"loss": 0.9877241849899292, "acc": 0.6393442749977112, "AUC": 0.6430731415748596, "number_of_bets_tested": 122}}, "ans": 1}, "2020020817.0": {"pred": {"under": 0.3444169913337339, "over": 0.6537814330869137, "metrics": {"loss": 0.9877241849899292, "acc": 0.6393442749977112, "AUC": 0.6430731415748596, "number_of_bets_tested": 122}}, "ans": 0}, "2020020831.0": {"pred": {"under": 0.024740336051265934, "over": 0.9752526201901056, "metrics": {"loss": 0.9877241849899292, "acc": 0.6393442749977112, "AUC": 0.6430731415748596, "number_of_bets_tested": 122}}, "ans": 0}, "2020030131.0": {"pred": {"under": 0.006370784591698099, "over": 0.9936291538289288, "metrics": {"loss": 0.9877241849899292, "acc": 0.6393442749977112, "AUC": 0.6430731415748596, "number_of_bets_tested": 122}}, "ans": 0}, "2020030132.0": {"pred": {"under": 4.7191501882286086e-05, "over": 0.9999528084980266, "metrics": {"loss": 0.9877241849899292, "acc": 0.6393442749977112, "AUC": 0.6430731415748596, "number_of_bets_tested": 122}}, "ans": 0}, "2020030133.0": {"pred": {"under": 0.000572999325132025, "over": 0.9994270006064243, "metrics": {"loss": 0.9877241849899292, "acc": 0.6393442749977112, "AUC": 0.6430731415748596, "number_of_bets_tested": 122}}, "ans": 1}, "2020030134.0": {"pred": {"under": 0.00010845193413819343, "over": 0.9998915480644823, "metrics": {"loss": 0.9877241849899292, "acc": 0.6393442749977112, "AUC": 0.6430731415748596, "number_of_bets_tested": 122}}, "ans": 0}}