{"2020020472.0": {"pred": {"under": 0.03531099285068838, "over": 0.9646870305290834, "metrics": {"loss": 0.7080718874931335, "acc": 0.534246563911438, "AUC": 0.574427604675293, "number_of_bets_tested": 146}}, "ans": 0}, "2020020487.0": {"pred": {"under": 0.04374937765432891, "over": 0.9562286580288144, "metrics": {"loss": 0.7080718874931335, "acc": 0.534246563911438, "AUC": 0.574427604675293, "number_of_bets_tested": 146}}, "ans": 0}, "2020020258.0": {"pred": {"under": 0.006188558707192596, "over": 0.9938113076971167, "metrics": {"loss": 0.7080718874931335, "acc": 0.534246563911438, "AUC": 0.574427604675293, "number_of_bets_tested": 146}}, "ans": 0}, "2020020506.0": {"pred": {"under": 0.0035076644012768344, "over": 0.9964923035685986, "metrics": {"loss": 0.7080718874931335, "acc": 0.534246563911438, "AUC": 0.574427604675293, "number_of_bets_tested": 146}}, "ans": 0}, "2020020520.0": {"pred": {"under": 0.008224167494822049, "over": 0.9917753949217042, "metrics": {"loss": 0.7080718874931335, "acc": 0.534246563911438, "AUC": 0.574427604675293, "number_of_bets_tested": 146}}, "ans": 0}, "2020020534.0": {"pred": {"under": 0.05993064472258977, "over": 0.9399940794997147, "metrics": {"loss": 0.7080718874931335, "acc": 0.534246563911438, "AUC": 0.574427604675293, "number_of_bets_tested": 146}}, "ans": 1}, "2020020545.0": {"pred": {"under": 0.0034537680880552843, "over": 0.9965462119333217, "metrics": {"loss": 0.7080718874931335, "acc": 0.534246563911438, "AUC": 0.574427604675293, "number_of_bets_tested": 146}}, "ans": 0}, "2020020563.0": {"pred": {"under": 0.4331427725953854, "over": 0.5664197034260547, "metrics": {"loss": 0.7080718874931335, "acc": 0.534246563911438, "AUC": 0.574427604675293, "number_of_bets_tested": 146}}, "ans": 1}, "2020020577.0": {"pred": {"under": 0.00019727960216374125, "over": 0.9998027203962792, "metrics": {"loss": 0.7080718874931335, "acc": 0.534246563911438, "AUC": 0.574427604675293, "number_of_bets_tested": 146}}, "ans": 0}, "2020020617.0": {"pred": {"under": 0.0016334220856301172, "over": 0.9983665740431131, "metrics": {"loss": 0.7080718874931335, "acc": 0.534246563911438, "AUC": 0.574427604675293, "number_of_bets_tested": 146}}, "ans": 1}, "2020020631.0": {"pred": {"under": 0.0019023437150958507, "over": 0.9980976518597224, "metrics": {"loss": 0.7080718874931335, "acc": 0.534246563911438, "AUC": 0.574427604675293, "number_of_bets_tested": 146}}, "ans": 1}, "2020020644.0": {"pred": {"under": 0.015053258608006954, "over": 0.9849437237259963, "metrics": {"loss": 0.7080718874931335, "acc": 0.534246563911438, "AUC": 0.574427604675293, "number_of_bets_tested": 146}}, "ans": 0}, "2020020788.0": {"pred": {"under": 0.009932191470077283, "over": 0.9900674127647745, "metrics": {"loss": 0.7080718874931335, "acc": 0.534246563911438, "AUC": 0.574427604675293, "number_of_bets_tested": 146}}, "ans": 0}, "2020020659.0": {"pred": {"under": 0.23359771225674258, "over": 0.7646128091551068, "metrics": {"loss": 0.7080718874931335, "acc": 0.534246563911438, "AUC": 0.574427604675293, "number_of_bets_tested": 146}}, "ans": 0}, "2020020678.0": {"pred": {"under": 0.8788220975754518, "over": 0.12111805626331022, "metrics": {"loss": 0.7080718874931335, "acc": 0.534246563911438, "AUC": 0.574427604675293, "number_of_bets_tested": 146}}, "ans": 0}, "2020020693.0": {"pred": {"under": 0.9640140982809018, "over": 0.03598637969067247, "metrics": {"loss": 0.7080718874931335, "acc": 0.534246563911438, "AUC": 0.574427604675293, "number_of_bets_tested": 146}}, "ans": 0}, "2020020601.0": {"pred": {"under": 0.4773341457696366, "over": 0.518616622534005, "metrics": {"loss": 0.7080718874931335, "acc": 0.534246563911438, "AUC": 0.574427604675293, "number_of_bets_tested": 146}}, "ans": 0}, "2020020725.0": {"pred": {"under": 0.685737756850649, "over": 0.3134679360713678, "metrics": {"loss": 0.7080718874931335, "acc": 0.534246563911438, "AUC": 0.574427604675293, "number_of_bets_tested": 146}}, "ans": 1}, "2020020740.0": {"pred": {"under": 0.4363609757915777, "over": 0.5640779709724341, "metrics": {"loss": 0.7080718874931335, "acc": 0.534246563911438, "AUC": 0.574427604675293, "number_of_bets_tested": 146}}, "ans": 1}, "2020020758.0": {"pred": {"under": 0.7853967169858422, "over": 0.21376003267151328, "metrics": {"loss": 0.7080718874931335, "acc": 0.534246563911438, "AUC": 0.574427604675293, "number_of_bets_tested": 146}}, "ans": 0}, "2020020773.0": {"pred": {"under": 0.07887359840268257, "over": 0.921137916983501, "metrics": {"loss": 0.7080718874931335, "acc": 0.534246563911438, "AUC": 0.574427604675293, "number_of_bets_tested": 146}}, "ans": 0}, "2020020817.0": {"pred": {"under": 0.4729327138461984, "over": 0.5244145159148168, "metrics": {"loss": 0.7080718874931335, "acc": 0.534246563911438, "AUC": 0.574427604675293, "number_of_bets_tested": 146}}, "ans": 1}, "2020020831.0": {"pred": {"under": 0.04236531153795635, "over": 0.9576313800838022, "metrics": {"loss": 0.7080718874931335, "acc": 0.534246563911438, "AUC": 0.574427604675293, "number_of_bets_tested": 146}}, "ans": 1}, "2020030131.0": {"pred": {"under": 0.25466443124928273, "over": 0.7450197064616708, "metrics": {"loss": 0.7080718874931335, "acc": 0.534246563911438, "AUC": 0.574427604675293, "number_of_bets_tested": 146}}, "ans": 1}, "2020030132.0": {"pred": {"under": 0.2853351959984932, "over": 0.7148365970624484, "metrics": {"loss": 0.7080718874931335, "acc": 0.534246563911438, "AUC": 0.574427604675293, "number_of_bets_tested": 146}}, "ans": 0}, "2020030133.0": {"pred": {"under": 0.30214451912645324, "over": 0.6980481672553285, "metrics": {"loss": 0.7080718874931335, "acc": 0.534246563911438, "AUC": 0.574427604675293, "number_of_bets_tested": 146}}, "ans": 1}, "2020030134.0": {"pred": {"under": 0.03152477280793322, "over": 0.9684752214415868, "metrics": {"loss": 0.7080718874931335, "acc": 0.534246563911438, "AUC": 0.574427604675293, "number_of_bets_tested": 146}}, "ans": 1}}