{"2020020291.0": {"pred": {"under": 0.9178766041348537, "over": 0.08214365985019705, "metrics": {"loss": 1.076183795928955, "acc": 0.6140350699424744, "AUC": 0.6383117437362671, "number_of_bets_tested": 114}}, "ans": 0}, "2020020517.0": {"pred": {"under": 0.826082120686728, "over": 0.17367412543352415, "metrics": {"loss": 1.076183795928955, "acc": 0.6140350699424744, "AUC": 0.6383117437362671, "number_of_bets_tested": 114}}, "ans": 1}, "2020020524.0": {"pred": {"under": 0.6207107517642707, "over": 0.3788651490008221, "metrics": {"loss": 1.076183795928955, "acc": 0.6140350699424744, "AUC": 0.6383117437362671, "number_of_bets_tested": 114}}, "ans": 1}, "2020020558.0": {"pred": {"under": 0.922471084276286, "over": 0.07751374385056094, "metrics": {"loss": 1.076183795928955, "acc": 0.6140350699424744, "AUC": 0.6383117437362671, "number_of_bets_tested": 114}}, "ans": 1}, "2020020573.0": {"pred": {"under": 0.9039720466109739, "over": 0.09598215353362716, "metrics": {"loss": 1.076183795928955, "acc": 0.6140350699424744, "AUC": 0.6383117437362671, "number_of_bets_tested": 114}}, "ans": 0}, "2020020580.0": {"pred": {"under": 0.8719736245270234, "over": 0.12803417461261837, "metrics": {"loss": 1.076183795928955, "acc": 0.6140350699424744, "AUC": 0.6383117437362671, "number_of_bets_tested": 114}}, "ans": 0}, "2020020628.0": {"pred": {"under": 0.42922822791539267, "over": 0.5706078171889536, "metrics": {"loss": 1.076183795928955, "acc": 0.6140350699424744, "AUC": 0.6383117437362671, "number_of_bets_tested": 114}}, "ans": 1}, "2020020677.0": {"pred": {"under": 0.6956779533049618, "over": 0.3047747631215241, "metrics": {"loss": 1.076183795928955, "acc": 0.6140350699424744, "AUC": 0.6383117437362671, "number_of_bets_tested": 114}}, "ans": 1}, "2020020692.0": {"pred": {"under": 0.9448104697061689, "over": 0.0552055758906896, "metrics": {"loss": 1.076183795928955, "acc": 0.6140350699424744, "AUC": 0.6383117437362671, "number_of_bets_tested": 114}}, "ans": 0}, "2020020701.0": {"pred": {"under": 0.3710025694370297, "over": 0.6287140674750785, "metrics": {"loss": 1.076183795928955, "acc": 0.6140350699424744, "AUC": 0.6383117437362671, "number_of_bets_tested": 114}}, "ans": 0}, "2020020447.0": {"pred": {"under": 0.5214264174011978, "over": 0.4785647441383746, "metrics": {"loss": 1.076183795928955, "acc": 0.6140350699424744, "AUC": 0.6383117437362671, "number_of_bets_tested": 114}}, "ans": 0}, "2020020785.0": {"pred": {"under": 0.7352892776622453, "over": 0.26444734942067866, "metrics": {"loss": 1.076183795928955, "acc": 0.6140350699424744, "AUC": 0.6383117437362671, "number_of_bets_tested": 114}}, "ans": 1}}