{"2020020467.0": {"pred": {"under": 0.6729806742751188, "over": 0.326336999449183, "metrics": {"loss": 1.0815694332122803, "acc": 0.6716417670249939, "AUC": 0.6926097273826599, "number_of_bets_tested": 134}}, "ans": 1}, "2020020223.0": {"pred": {"under": 0.787150144723155, "over": 0.21280179177715944, "metrics": {"loss": 1.0815694332122803, "acc": 0.6716417670249939, "AUC": 0.6926097273826599, "number_of_bets_tested": 134}}, "ans": 1}, "2020020525.0": {"pred": {"under": 0.022892686624470894, "over": 0.9771068907784152, "metrics": {"loss": 1.0815694332122803, "acc": 0.6716417670249939, "AUC": 0.6926097273826599, "number_of_bets_tested": 134}}, "ans": 0}, "2020020535.0": {"pred": {"under": 0.02108143926813378, "over": 0.9789182138313177, "metrics": {"loss": 1.0815694332122803, "acc": 0.6716417670249939, "AUC": 0.6926097273826599, "number_of_bets_tested": 134}}, "ans": 1}, "2020020723.0": {"pred": {"under": 0.225689895767889, "over": 0.774430654221439, "metrics": {"loss": 1.0815694332122803, "acc": 0.6716417670249939, "AUC": 0.6926097273826599, "number_of_bets_tested": 134}}, "ans": 0}, "2020020620.0": {"pred": {"under": 0.6629115141556896, "over": 0.3363445665297123, "metrics": {"loss": 1.0815694332122803, "acc": 0.6716417670249939, "AUC": 0.6926097273826599, "number_of_bets_tested": 134}}, "ans": 0}, "2020020654.0": {"pred": {"under": 0.40345914835134433, "over": 0.596522203342889, "metrics": {"loss": 1.0815694332122803, "acc": 0.6716417670249939, "AUC": 0.6926097273826599, "number_of_bets_tested": 134}}, "ans": 0}, "2020020182.0": {"pred": {"under": 0.4127451867345756, "over": 0.5869983551572976, "metrics": {"loss": 1.0815694332122803, "acc": 0.6716417670249939, "AUC": 0.6926097273826599, "number_of_bets_tested": 134}}, "ans": 1}, "2020020700.0": {"pred": {"under": 0.6581805641994247, "over": 0.34104619539278275, "metrics": {"loss": 1.0815694332122803, "acc": 0.6716417670249939, "AUC": 0.6926097273826599, "number_of_bets_tested": 134}}, "ans": 0}, "2020020790.0": {"pred": {"under": 0.40345914835134433, "over": 0.596522203342889, "metrics": {"loss": 1.0815694332122803, "acc": 0.6716417670249939, "AUC": 0.6926097273826599, "number_of_bets_tested": 134}}, "ans": 0}}