{"2020020459.0": {"pred": {"under": 0.42113316841318565, "over": 0.578945411092522, "metrics": {"loss": 5.125763416290283, "acc": 0.4556961953639984, "AUC": 0.4931901693344116, "number_of_bets_tested": 79}}, "ans": 1}, "2020020477.0": {"pred": {"under": 0.42113316841318565, "over": 0.578945411092522, "metrics": {"loss": 5.125763416290283, "acc": 0.4556961953639984, "AUC": 0.4931901693344116, "number_of_bets_tested": 79}}, "ans": 1}, "2020020151.0": {"pred": {"under": 0.42113316841318565, "over": 0.578945411092522, "metrics": {"loss": 5.125763416290283, "acc": 0.4556961953639984, "AUC": 0.4931901693344116, "number_of_bets_tested": 79}}, "ans": 0}, "2020020509.0": {"pred": {"under": 0.42113316841318565, "over": 0.578945411092522, "metrics": {"loss": 5.125763416290283, "acc": 0.4556961953639984, "AUC": 0.4931901693344116, "number_of_bets_tested": 79}}, "ans": 1}, "2020020532.0": {"pred": {"under": 0.42113316841318565, "over": 0.578945411092522, "metrics": {"loss": 5.125763416290283, "acc": 0.4556961953639984, "AUC": 0.4931901693344116, "number_of_bets_tested": 79}}, "ans": 1}, "2020020561.0": {"pred": {"under": 0.4260305433713472, "over": 0.574199077344408, "metrics": {"loss": 5.125763416290283, "acc": 0.4556961953639984, "AUC": 0.4931901693344116, "number_of_bets_tested": 79}}, "ans": 1}, "2020020549.0": {"pred": {"under": 0.6723322974875476, "over": 0.32854749133391536, "metrics": {"loss": 5.125763416290283, "acc": 0.4556961953639984, "AUC": 0.4931901693344116, "number_of_bets_tested": 79}}, "ans": 0}, "2020020571.0": {"pred": {"under": 0.5490834643826328, "over": 0.45280782861472957, "metrics": {"loss": 5.125763416290283, "acc": 0.4556961953639984, "AUC": 0.4931901693344116, "number_of_bets_tested": 79}}, "ans": 0}, "2020020613.0": {"pred": {"under": 0.42113316841318565, "over": 0.578945411092522, "metrics": {"loss": 5.125763416290283, "acc": 0.4556961953639984, "AUC": 0.4931901693344116, "number_of_bets_tested": 79}}, "ans": 1}, "2020020627.0": {"pred": {"under": 0.42113316841318565, "over": 0.578945411092522, "metrics": {"loss": 5.125763416290283, "acc": 0.4556961953639984, "AUC": 0.4931901693344116, "number_of_bets_tested": 79}}, "ans": 0}, "2020020494.0": {"pred": {"under": 0.42113316841318565, "over": 0.578945411092522, "metrics": {"loss": 5.125763416290283, "acc": 0.4556961953639984, "AUC": 0.4931901693344116, "number_of_bets_tested": 79}}, "ans": 0}, "2020020650.0": {"pred": {"under": 0.472257466111544, "over": 0.5293384433683385, "metrics": {"loss": 5.125763416290283, "acc": 0.4556961953639984, "AUC": 0.4931901693344116, "number_of_bets_tested": 79}}, "ans": 0}, "2020020680.0": {"pred": {"under": 0.38137940182245433, "over": 0.6191098202817185, "metrics": {"loss": 5.125763416290283, "acc": 0.4556961953639984, "AUC": 0.4931901693344116, "number_of_bets_tested": 79}}, "ans": 0}, "2020020690.0": {"pred": {"under": 0.42113316841318565, "over": 0.578945411092522, "metrics": {"loss": 5.125763416290283, "acc": 0.4556961953639984, "AUC": 0.4931901693344116, "number_of_bets_tested": 79}}, "ans": 1}, "2020020715.0": {"pred": {"under": 0.42435530400945093, "over": 0.5758984353616469, "metrics": {"loss": 5.125763416290283, "acc": 0.4556961953639984, "AUC": 0.4931901693344116, "number_of_bets_tested": 79}}, "ans": 1}, "2020020166.0": {"pred": {"under": 0.42113316841318565, "over": 0.578945411092522, "metrics": {"loss": 5.125763416290283, "acc": 0.4556961953639984, "AUC": 0.4931901693344116, "number_of_bets_tested": 79}}, "ans": 1}, "2020020733.0": {"pred": {"under": 0.42113316841318565, "over": 0.578945411092522, "metrics": {"loss": 5.125763416290283, "acc": 0.4556961953639984, "AUC": 0.4931901693344116, "number_of_bets_tested": 79}}, "ans": 1}, "2020020757.0": {"pred": {"under": 0.42113316841318565, "over": 0.578945411092522, "metrics": {"loss": 5.125763416290283, "acc": 0.4556961953639984, "AUC": 0.4931901693344116, "number_of_bets_tested": 79}}, "ans": 1}, "2020020770.0": {"pred": {"under": 0.42113316841318565, "over": 0.578945411092522, "metrics": {"loss": 5.125763416290283, "acc": 0.4556961953639984, "AUC": 0.4931901693344116, "number_of_bets_tested": 79}}, "ans": 1}, "2020020785.0": {"pred": {"under": 0.42113316841318565, "over": 0.578945411092522, "metrics": {"loss": 5.125763416290283, "acc": 0.4556961953639984, "AUC": 0.4931901693344116, "number_of_bets_tested": 79}}, "ans": 0}, "2020020815.0": {"pred": {"under": 0.42113316841318565, "over": 0.578945411092522, "metrics": {"loss": 5.125763416290283, "acc": 0.4556961953639984, "AUC": 0.4931901693344116, "number_of_bets_tested": 79}}, "ans": 0}, "2020020826.0": {"pred": {"under": 0.42113316841318565, "over": 0.578945411092522, "metrics": {"loss": 5.125763416290283, "acc": 0.4556961953639984, "AUC": 0.4931901693344116, "number_of_bets_tested": 79}}, "ans": 1}, "2020020842.0": {"pred": {"under": 0.42113316841318565, "over": 0.578945411092522, "metrics": {"loss": 5.125763416290283, "acc": 0.4556961953639984, "AUC": 0.4931901693344116, "number_of_bets_tested": 79}}, "ans": 0}, "2020030112.0": {"pred": {"under": 0.42113316841318565, "over": 0.578945411092522, "metrics": {"loss": 5.125763416290283, "acc": 0.4556961953639984, "AUC": 0.4931901693344116, "number_of_bets_tested": 79}}, "ans": 1}, "2020030113.0": {"pred": {"under": 0.4860330932332851, "over": 0.5155446725353745, "metrics": {"loss": 5.125763416290283, "acc": 0.4556961953639984, "AUC": 0.4931901693344116, "number_of_bets_tested": 79}}, "ans": 0}, "2020030114.0": {"pred": {"under": 0.4269886262143742, "over": 0.5732043356078943, "metrics": {"loss": 5.125763416290283, "acc": 0.4556961953639984, "AUC": 0.4931901693344116, "number_of_bets_tested": 79}}, "ans": 0}, "2020030115.0": {"pred": {"under": 0.4212108644330353, "over": 0.57886823542446, "metrics": {"loss": 5.125763416290283, "acc": 0.4556961953639984, "AUC": 0.4931901693344116, "number_of_bets_tested": 79}}, "ans": 1}}