{"2020020534.0": {"pred": {"under": 0.3619320549287372, "over": 0.6376593884481089, "metrics": {"loss": 2.1404051780700684, "acc": 0.4421052634716034, "AUC": 0.44797784090042114, "number_of_bets_tested": 95}}, "ans": 1}, "2020020577.0": {"pred": {"under": 0.5110774466500514, "over": 0.4890772337366386, "metrics": {"loss": 2.1404051780700684, "acc": 0.4421052634716034, "AUC": 0.44797784090042114, "number_of_bets_tested": 95}}, "ans": 1}}