{"2020020489.0": {"pred": {"under": 0.03203152149036719, "over": 0.9679507306980502, "metrics": {"loss": 0.6362792253494263, "acc": 0.6612903475761414, "AUC": 0.7134495973587036, "number_of_bets_tested": 124}}, "ans": 0}, "2020020498.0": {"pred": {"under": 0.002405244457501884, "over": 0.9975947421042511, "metrics": {"loss": 0.6362792253494263, "acc": 0.6612903475761414, "AUC": 0.7134495973587036, "number_of_bets_tested": 124}}, "ans": 0}, "2020020607.0": {"pred": {"under": 0.04470615308869536, "over": 0.9552689466339652, "metrics": {"loss": 0.6362792253494263, "acc": 0.6612903475761414, "AUC": 0.7134495973587036, "number_of_bets_tested": 124}}, "ans": 0}, "2020030171.0": {"pred": {"under": 0.017159619891873788, "over": 0.9828398481637544, "metrics": {"loss": 0.6362792253494263, "acc": 0.6612903475761414, "AUC": 0.7134495973587036, "number_of_bets_tested": 124}}, "ans": 0}, "2020030172.0": {"pred": {"under": 0.0033768292816861146, "over": 0.9966231768651844, "metrics": {"loss": 0.6362792253494263, "acc": 0.6612903475761414, "AUC": 0.7134495973587036, "number_of_bets_tested": 124}}, "ans": 0}, "2020030173.0": {"pred": {"under": 0.11981709155904083, "over": 0.8805754883965938, "metrics": {"loss": 0.6362792253494263, "acc": 0.6612903475761414, "AUC": 0.7134495973587036, "number_of_bets_tested": 124}}, "ans": 0}}