{"2020020492.0": {"pred": {"under": 0.6344655138998391, "over": 0.3654974696572512, "metrics": {"loss": 0.6794309020042419, "acc": 0.7348484992980957, "AUC": 0.782914400100708, "number_of_bets_tested": 132}}, "ans": 1}, "2020020570.0": {"pred": {"under": 0.6271431343597494, "over": 0.3728296177561339, "metrics": {"loss": 0.6794309020042419, "acc": 0.7348484992980957, "AUC": 0.782914400100708, "number_of_bets_tested": 132}}, "ans": 0}}