{"2020020462.0": {"pred": {"under": 0.9265522038639851, "over": 0.07340817815742154, "metrics": {"loss": 1.9444512128829956, "acc": 0.5523809790611267, "AUC": 0.5504761934280396, "number_of_bets_tested": 105}}, "ans": 0}, "2020020469.0": {"pred": {"under": 0.5611976497210075, "over": 0.4390194814625049, "metrics": {"loss": 1.9444512128829956, "acc": 0.5523809790611267, "AUC": 0.5504761934280396, "number_of_bets_tested": 105}}, "ans": 0}, "2020020484.0": {"pred": {"under": 0.7820600073990523, "over": 0.21784802483570817, "metrics": {"loss": 1.9444512128829956, "acc": 0.5523809790611267, "AUC": 0.5504761934280396, "number_of_bets_tested": 105}}, "ans": 1}, "2020020755.0": {"pred": {"under": 0.7762014548329992, "over": 0.22370697284112917, "metrics": {"loss": 1.9444512128829956, "acc": 0.5523809790611267, "AUC": 0.5504761934280396, "number_of_bets_tested": 105}}, "ans": 0}, "2020020504.0": {"pred": {"under": 0.5611976497210075, "over": 0.4390194814625049, "metrics": {"loss": 1.9444512128829956, "acc": 0.5523809790611267, "AUC": 0.5504761934280396, "number_of_bets_tested": 105}}, "ans": 0}, "2020020516.0": {"pred": {"under": 0.6087338864455705, "over": 0.3913784347586291, "metrics": {"loss": 1.9444512128829956, "acc": 0.5523809790611267, "AUC": 0.5504761934280396, "number_of_bets_tested": 105}}, "ans": 1}, "2020020548.0": {"pred": {"under": 0.7124053562475651, "over": 0.2873326548970632, "metrics": {"loss": 1.9444512128829956, "acc": 0.5523809790611267, "AUC": 0.5504761934280396, "number_of_bets_tested": 105}}, "ans": 1}, "2020020557.0": {"pred": {"under": 0.5611976497210075, "over": 0.4390194814625049, "metrics": {"loss": 1.9444512128829956, "acc": 0.5523809790611267, "AUC": 0.5504761934280396, "number_of_bets_tested": 105}}, "ans": 0}, "2020020390.0": {"pred": {"under": 0.5611976497210075, "over": 0.4390194814625049, "metrics": {"loss": 1.9444512128829956, "acc": 0.5523809790611267, "AUC": 0.5504761934280396, "number_of_bets_tested": 105}}, "ans": 0}, "2020020614.0": {"pred": {"under": 0.665515423626125, "over": 0.33448936816055636, "metrics": {"loss": 1.9444512128829956, "acc": 0.5523809790611267, "AUC": 0.5504761934280396, "number_of_bets_tested": 105}}, "ans": 1}, "2020020626.0": {"pred": {"under": 0.7263787652195813, "over": 0.27334457777584326, "metrics": {"loss": 1.9444512128829956, "acc": 0.5523809790611267, "AUC": 0.5504761934280396, "number_of_bets_tested": 105}}, "ans": 1}, "2020020202.0": {"pred": {"under": 0.5611976497210075, "over": 0.4390194814625049, "metrics": {"loss": 1.9444512128829956, "acc": 0.5523809790611267, "AUC": 0.5504761934280396, "number_of_bets_tested": 105}}, "ans": 0}, "2020020680.0": {"pred": {"under": 0.5611976497210075, "over": 0.4390194814625049, "metrics": {"loss": 1.9444512128829956, "acc": 0.5523809790611267, "AUC": 0.5504761934280396, "number_of_bets_tested": 105}}, "ans": 0}, "2020020692.0": {"pred": {"under": 0.5611976497210075, "over": 0.4390194814625049, "metrics": {"loss": 1.9444512128829956, "acc": 0.5523809790611267, "AUC": 0.5504761934280396, "number_of_bets_tested": 105}}, "ans": 0}, "2020020703.0": {"pred": {"under": 0.5611976497210075, "over": 0.4390194814625049, "metrics": {"loss": 1.9444512128829956, "acc": 0.5523809790611267, "AUC": 0.5504761934280396, "number_of_bets_tested": 105}}, "ans": 1}, "2020020254.0": {"pred": {"under": 0.5611976497210075, "over": 0.4390194814625049, "metrics": {"loss": 1.9444512128829956, "acc": 0.5523809790611267, "AUC": 0.5504761934280396, "number_of_bets_tested": 105}}, "ans": 0}, "2020020739.0": {"pred": {"under": 0.7318026617421172, "over": 0.26812389837079964, "metrics": {"loss": 1.9444512128829956, "acc": 0.5523809790611267, "AUC": 0.5504761934280396, "number_of_bets_tested": 105}}, "ans": 0}, "2020020216.0": {"pred": {"under": 0.5611976497210075, "over": 0.4390194814625049, "metrics": {"loss": 1.9444512128829956, "acc": 0.5523809790611267, "AUC": 0.5504761934280396, "number_of_bets_tested": 105}}, "ans": 0}, "2020020716.0": {"pred": {"under": 0.5611976497210075, "over": 0.4390194814625049, "metrics": {"loss": 1.9444512128829956, "acc": 0.5523809790611267, "AUC": 0.5504761934280396, "number_of_bets_tested": 105}}, "ans": 0}, "2020020815.0": {"pred": {"under": 0.5611976497210075, "over": 0.4390194814625049, "metrics": {"loss": 1.9444512128829956, "acc": 0.5523809790611267, "AUC": 0.5504761934280396, "number_of_bets_tested": 105}}, "ans": 1}, "2020020826.0": {"pred": {"under": 0.6369968634041445, "over": 0.36291776798395503, "metrics": {"loss": 1.9444512128829956, "acc": 0.5523809790611267, "AUC": 0.5504761934280396, "number_of_bets_tested": 105}}, "ans": 0}, "2020020840.0": {"pred": {"under": 0.5611976497210075, "over": 0.4390194814625049, "metrics": {"loss": 1.9444512128829956, "acc": 0.5523809790611267, "AUC": 0.5504761934280396, "number_of_bets_tested": 105}}, "ans": 1}}