{"2020020509.0": {"pred": {"under": 0.5120293225096777, "over": 0.48800261342298656, "metrics": {"loss": 1.294377326965332, "acc": 0.5202702879905701, "AUC": 0.5157961845397949, "number_of_bets_tested": 148}}, "ans": 0}, "2020020548.0": {"pred": {"under": 0.5120293225096777, "over": 0.48800261342298656, "metrics": {"loss": 1.294377326965332, "acc": 0.5202702879905701, "AUC": 0.5157961845397949, "number_of_bets_tested": 148}}, "ans": 0}, "2020020557.0": {"pred": {"under": 0.5120293225096777, "over": 0.48800261342298656, "metrics": {"loss": 1.294377326965332, "acc": 0.5202702879905701, "AUC": 0.5157961845397949, "number_of_bets_tested": 148}}, "ans": 1}, "2020020572.0": {"pred": {"under": 0.5120293225096777, "over": 0.48800261342298656, "metrics": {"loss": 1.294377326965332, "acc": 0.5202702879905701, "AUC": 0.5157961845397949, "number_of_bets_tested": 148}}, "ans": 0}, "2020020611.0": {"pred": {"under": 0.5120293225096777, "over": 0.48800261342298656, "metrics": {"loss": 1.294377326965332, "acc": 0.5202702879905701, "AUC": 0.5157961845397949, "number_of_bets_tested": 148}}, "ans": 0}, "2020020229.0": {"pred": {"under": 0.5120293225096777, "over": 0.48800261342298656, "metrics": {"loss": 1.294377326965332, "acc": 0.5202702879905701, "AUC": 0.5157961845397949, "number_of_bets_tested": 148}}, "ans": 0}, "2020020195.0": {"pred": {"under": 0.5120293225096777, "over": 0.48800261342298656, "metrics": {"loss": 1.294377326965332, "acc": 0.5202702879905701, "AUC": 0.5157961845397949, "number_of_bets_tested": 148}}, "ans": 0}, "2020020677.0": {"pred": {"under": 0.5120293225096777, "over": 0.48800261342298656, "metrics": {"loss": 1.294377326965332, "acc": 0.5202702879905701, "AUC": 0.5157961845397949, "number_of_bets_tested": 148}}, "ans": 0}, "2020020690.0": {"pred": {"under": 0.5120293225096777, "over": 0.48800261342298656, "metrics": {"loss": 1.294377326965332, "acc": 0.5202702879905701, "AUC": 0.5157961845397949, "number_of_bets_tested": 148}}, "ans": 0}, "2020020715.0": {"pred": {"under": 0.5120293225096777, "over": 0.48800261342298656, "metrics": {"loss": 1.294377326965332, "acc": 0.5202702879905701, "AUC": 0.5157961845397949, "number_of_bets_tested": 148}}, "ans": 0}, "2020020754.0": {"pred": {"under": 0.5120293225096777, "over": 0.48800261342298656, "metrics": {"loss": 1.294377326965332, "acc": 0.5202702879905701, "AUC": 0.5157961845397949, "number_of_bets_tested": 148}}, "ans": 1}, "2020020768.0": {"pred": {"under": 0.5120293225096777, "over": 0.48800261342298656, "metrics": {"loss": 1.294377326965332, "acc": 0.5202702879905701, "AUC": 0.5157961845397949, "number_of_bets_tested": 148}}, "ans": 1}, "2020020782.0": {"pred": {"under": 0.5130967148551273, "over": 0.4869392189214342, "metrics": {"loss": 1.294377326965332, "acc": 0.5202702879905701, "AUC": 0.5157961845397949, "number_of_bets_tested": 148}}, "ans": 0}, "2020020812.0": {"pred": {"under": 0.48614557136598796, "over": 0.5139601820435716, "metrics": {"loss": 1.294377326965332, "acc": 0.5202702879905701, "AUC": 0.5157961845397949, "number_of_bets_tested": 148}}, "ans": 0}, "2020020842.0": {"pred": {"under": 0.5120293225096777, "over": 0.48800261342298656, "metrics": {"loss": 1.294377326965332, "acc": 0.5202702879905701, "AUC": 0.5157961845397949, "number_of_bets_tested": 148}}, "ans": 0}}