{"2020020568.0": {"pred": {"under": 0.4993604345186344, "over": 0.5000995873313422, "metrics": {"loss": 1.4320151805877686, "acc": 0.5303030014038086, "AUC": 0.5470041036605835, "number_of_bets_tested": 132}}, "ans": 1}, "2020020492.0": {"pred": {"under": 0.5054974392056908, "over": 0.49381553537300915, "metrics": {"loss": 1.4320151805877686, "acc": 0.5303030014038086, "AUC": 0.5470041036605835, "number_of_bets_tested": 132}}, "ans": 1}, "2020020502.0": {"pred": {"under": 0.48150118567504563, "over": 0.5183881901127451, "metrics": {"loss": 1.4320151805877686, "acc": 0.5303030014038086, "AUC": 0.5470041036605835, "number_of_bets_tested": 132}}, "ans": 1}, "2020020508.0": {"pred": {"under": 0.5670105710566439, "over": 0.4326885001785012, "metrics": {"loss": 1.4320151805877686, "acc": 0.5303030014038086, "AUC": 0.5470041036605835, "number_of_bets_tested": 132}}, "ans": 1}, "2020020523.0": {"pred": {"under": 0.48150118567504563, "over": 0.5183881901127451, "metrics": {"loss": 1.4320151805877686, "acc": 0.5303030014038086, "AUC": 0.5470041036605835, "number_of_bets_tested": 132}}, "ans": 0}, "2020020553.0": {"pred": {"under": 0.5508403674085374, "over": 0.4484939582717114, "metrics": {"loss": 1.4320151805877686, "acc": 0.5303030014038086, "AUC": 0.5470041036605835, "number_of_bets_tested": 132}}, "ans": 0}, "2020020209.0": {"pred": {"under": 0.48150118567504563, "over": 0.5183881901127451, "metrics": {"loss": 1.4320151805877686, "acc": 0.5303030014038086, "AUC": 0.5470041036605835, "number_of_bets_tested": 132}}, "ans": 0}, "2020020723.0": {"pred": {"under": 0.48150118567504563, "over": 0.5183881901127451, "metrics": {"loss": 1.4320151805877686, "acc": 0.5303030014038086, "AUC": 0.5470041036605835, "number_of_bets_tested": 132}}, "ans": 1}, "2020020609.0": {"pred": {"under": 0.48150118567504563, "over": 0.5183881901127451, "metrics": {"loss": 1.4320151805877686, "acc": 0.5303030014038086, "AUC": 0.5470041036605835, "number_of_bets_tested": 132}}, "ans": 1}, "2020020623.0": {"pred": {"under": 0.40435689625388493, "over": 0.5955727464492846, "metrics": {"loss": 1.4320151805877686, "acc": 0.5303030014038086, "AUC": 0.5470041036605835, "number_of_bets_tested": 132}}, "ans": 1}, "2020020656.0": {"pred": {"under": 0.2490219658256419, "over": 0.7509761095233561, "metrics": {"loss": 1.4320151805877686, "acc": 0.5303030014038086, "AUC": 0.5470041036605835, "number_of_bets_tested": 132}}, "ans": 1}, "2020020225.0": {"pred": {"under": 0.34049590137499447, "over": 0.6591667434440567, "metrics": {"loss": 1.4320151805877686, "acc": 0.5303030014038086, "AUC": 0.5470041036605835, "number_of_bets_tested": 132}}, "ans": 0}, "2020020182.0": {"pred": {"under": 0.34719043937377203, "over": 0.6523089320475349, "metrics": {"loss": 1.4320151805877686, "acc": 0.5303030014038086, "AUC": 0.5470041036605835, "number_of_bets_tested": 132}}, "ans": 0}, "2020020735.0": {"pred": {"under": 0.32975836200197334, "over": 0.670531733946237, "metrics": {"loss": 1.4320151805877686, "acc": 0.5303030014038086, "AUC": 0.5470041036605835, "number_of_bets_tested": 132}}, "ans": 1}, "2020020191.0": {"pred": {"under": 0.7384114366898139, "over": 0.26151020918249207, "metrics": {"loss": 1.4320151805877686, "acc": 0.5303030014038086, "AUC": 0.5470041036605835, "number_of_bets_tested": 132}}, "ans": 0}, "2020020779.0": {"pred": {"under": 0.08591364194507929, "over": 0.9140864441646839, "metrics": {"loss": 1.4320151805877686, "acc": 0.5303030014038086, "AUC": 0.5470041036605835, "number_of_bets_tested": 132}}, "ans": 1}, "2020020823.0": {"pred": {"under": 0.37715605683717074, "over": 0.622788468932117, "metrics": {"loss": 1.4320151805877686, "acc": 0.5303030014038086, "AUC": 0.5470041036605835, "number_of_bets_tested": 132}}, "ans": 0}, "2020020837.0": {"pred": {"under": 0.279552124970117, "over": 0.7205316302938344, "metrics": {"loss": 1.4320151805877686, "acc": 0.5303030014038086, "AUC": 0.5470041036605835, "number_of_bets_tested": 132}}, "ans": 1}, "2020020852.0": {"pred": {"under": 0.3980928611560737, "over": 0.6014626480392088, "metrics": {"loss": 1.4320151805877686, "acc": 0.5303030014038086, "AUC": 0.5470041036605835, "number_of_bets_tested": 132}}, "ans": 1}, "2020020688.0": {"pred": {"under": 0.5098629866027411, "over": 0.4948445355322715, "metrics": {"loss": 1.4320151805877686, "acc": 0.5303030014038086, "AUC": 0.5470041036605835, "number_of_bets_tested": 132}}, "ans": 0}, "2020030151.0": {"pred": {"under": 0.48150118567504563, "over": 0.5183881901127451, "metrics": {"loss": 1.4320151805877686, "acc": 0.5303030014038086, "AUC": 0.5470041036605835, "number_of_bets_tested": 132}}, "ans": 0}, "2020030152.0": {"pred": {"under": 0.48150118567504563, "over": 0.5183881901127451, "metrics": {"loss": 1.4320151805877686, "acc": 0.5303030014038086, "AUC": 0.5470041036605835, "number_of_bets_tested": 132}}, "ans": 0}}