{"2020020033.0": {"pred": {"under": 0.5763611499990504, "over": 0.4247732904956268, "metrics": {"loss": 0.8851438164710999, "acc": 0.6646341681480408, "AUC": 0.6925379633903503, "number_of_bets_tested": 164}}, "ans": 0}, "2020020048.0": {"pred": {"under": 0.003938730107944511, "over": 0.9960612738356749, "metrics": {"loss": 0.8851438164710999, "acc": 0.6646341681480408, "AUC": 0.6925379633903503, "number_of_bets_tested": 164}}, "ans": 1}}