{"2020020640.0": {"pred": {"under": 0.47468839412233066, "over": 0.5250045524078474, "metrics": {"loss": 2.483994722366333, "acc": 0.5454545617103577, "AUC": 0.5594745874404907, "number_of_bets_tested": 154}}, "ans": 0}, "2020020656.0": {"pred": {"under": 0.49938802803423454, "over": 0.5034488312780941, "metrics": {"loss": 2.483994722366333, "acc": 0.5454545617103577, "AUC": 0.5594745874404907, "number_of_bets_tested": 154}}, "ans": 0}}