{"2020020782.0": {"pred": {"under": 0.6175077377905629, "over": 0.3824775833961543, "metrics": {"loss": 0.7236966490745544, "acc": 0.5, "AUC": 0.5788548588752747, "number_of_bets_tested": 136}}, "ans": 1}, "2020020838.0": {"pred": {"under": 0.6137434354615641, "over": 0.3862344289899579, "metrics": {"loss": 0.7236966490745544, "acc": 0.5, "AUC": 0.5788548588752747, "number_of_bets_tested": 136}}, "ans": 0}}