{"2020020457.0": {"pred": {"under": 0.40329798313028703, "over": 0.5966388642412912, "metrics": {"loss": 0.8369824290275574, "acc": 0.5909090638160706, "AUC": 0.6129763722419739, "number_of_bets_tested": 132}}, "ans": 0}, "2020020496.0": {"pred": {"under": 0.5136126365114128, "over": 0.48604119310432875, "metrics": {"loss": 0.8369824290275574, "acc": 0.5909090638160706, "AUC": 0.6129763722419739, "number_of_bets_tested": 132}}, "ans": 0}, "2020020509.0": {"pred": {"under": 0.232376961193159, "over": 0.7679086861896814, "metrics": {"loss": 0.8369824290275574, "acc": 0.5909090638160706, "AUC": 0.6129763722419739, "number_of_bets_tested": 132}}, "ans": 0}, "2020020532.0": {"pred": {"under": 0.19946442157029745, "over": 0.800919042700448, "metrics": {"loss": 0.8369824290275574, "acc": 0.5909090638160706, "AUC": 0.6129763722419739, "number_of_bets_tested": 132}}, "ans": 0}, "2020020548.0": {"pred": {"under": 0.23753252075340547, "over": 0.7623684477218673, "metrics": {"loss": 0.8369824290275574, "acc": 0.5909090638160706, "AUC": 0.6129763722419739, "number_of_bets_tested": 132}}, "ans": 0}, "2020020557.0": {"pred": {"under": 0.34029578267319655, "over": 0.6596244212048185, "metrics": {"loss": 0.8369824290275574, "acc": 0.5909090638160706, "AUC": 0.6129763722419739, "number_of_bets_tested": 132}}, "ans": 0}, "2020020572.0": {"pred": {"under": 0.29717481213367486, "over": 0.7027310137739695, "metrics": {"loss": 0.8369824290275574, "acc": 0.5909090638160706, "AUC": 0.6129763722419739, "number_of_bets_tested": 132}}, "ans": 1}, "2020020195.0": {"pred": {"under": 0.3333090163702263, "over": 0.6666108252779096, "metrics": {"loss": 0.8369824290275574, "acc": 0.5909090638160706, "AUC": 0.6129763722419739, "number_of_bets_tested": 132}}, "ans": 1}, "2020020665.0": {"pred": {"under": 0.07355816302605715, "over": 0.9264913093821345, "metrics": {"loss": 0.8369824290275574, "acc": 0.5909090638160706, "AUC": 0.6129763722419739, "number_of_bets_tested": 132}}, "ans": 1}, "2020020685.0": {"pred": {"under": 0.11103308359666993, "over": 0.88909605605035, "metrics": {"loss": 0.8369824290275574, "acc": 0.5909090638160706, "AUC": 0.6129763722419739, "number_of_bets_tested": 132}}, "ans": 1}, "2020020701.0": {"pred": {"under": 0.011377727755540306, "over": 0.9886227039708557, "metrics": {"loss": 0.8369824290275574, "acc": 0.5909090638160706, "AUC": 0.6129763722419739, "number_of_bets_tested": 132}}, "ans": 0}, "2020020483.0": {"pred": {"under": 0.004666811786318365, "over": 0.9953332223878547, "metrics": {"loss": 0.8369824290275574, "acc": 0.5909090638160706, "AUC": 0.6129763722419739, "number_of_bets_tested": 132}}, "ans": 1}, "2020020729.0": {"pred": {"under": 0.030545892104919592, "over": 0.9694605256744607, "metrics": {"loss": 0.8369824290275574, "acc": 0.5909090638160706, "AUC": 0.6129763722419739, "number_of_bets_tested": 132}}, "ans": 1}, "2020020738.0": {"pred": {"under": 0.009075481594015075, "over": 0.990924738207189, "metrics": {"loss": 0.8369824290275574, "acc": 0.5909090638160706, "AUC": 0.6129763722419739, "number_of_bets_tested": 132}}, "ans": 1}, "2020020757.0": {"pred": {"under": 0.07928070956657639, "over": 0.920775642378832, "metrics": {"loss": 0.8369824290275574, "acc": 0.5909090638160706, "AUC": 0.6129763722419739, "number_of_bets_tested": 132}}, "ans": 0}, "2020020782.0": {"pred": {"under": 0.0015067972871022379, "over": 0.9984932031775027, "metrics": {"loss": 0.8369824290275574, "acc": 0.5909090638160706, "AUC": 0.6129763722419739, "number_of_bets_tested": 132}}, "ans": 1}, "2020020813.0": {"pred": {"under": 0.02009377332252494, "over": 0.9799073169001543, "metrics": {"loss": 0.8369824290275574, "acc": 0.5909090638160706, "AUC": 0.6129763722419739, "number_of_bets_tested": 132}}, "ans": 1}, "2020020825.0": {"pred": {"under": 0.024736510285399117, "over": 0.9752672126213896, "metrics": {"loss": 0.8369824290275574, "acc": 0.5909090638160706, "AUC": 0.6129763722419739, "number_of_bets_tested": 132}}, "ans": 0}, "2020020838.0": {"pred": {"under": 0.0146693616941102, "over": 0.9853315398811819, "metrics": {"loss": 0.8369824290275574, "acc": 0.5909090638160706, "AUC": 0.6129763722419739, "number_of_bets_tested": 132}}, "ans": 0}, "2020030122.0": {"pred": {"under": 0.9429384140789864, "over": 0.05710145950176806, "metrics": {"loss": 0.8369824290275574, "acc": 0.5909090638160706, "AUC": 0.6129763722419739, "number_of_bets_tested": 132}}, "ans": 1}, "2020030123.0": {"pred": {"under": 0.8148805981045577, "over": 0.18557382291744987, "metrics": {"loss": 0.8369824290275574, "acc": 0.5909090638160706, "AUC": 0.6129763722419739, "number_of_bets_tested": 132}}, "ans": 0}, "2020030124.0": {"pred": {"under": 0.9845425713378998, "over": 0.015459509819384131, "metrics": {"loss": 0.8369824290275574, "acc": 0.5909090638160706, "AUC": 0.6129763722419739, "number_of_bets_tested": 132}}, "ans": 0}, "2020030125.0": {"pred": {"under": 0.9861118830459117, "over": 0.013889049727535237, "metrics": {"loss": 0.8369824290275574, "acc": 0.5909090638160706, "AUC": 0.6129763722419739, "number_of_bets_tested": 132}}, "ans": 0}}