{"2020020601.0": {"pred": {"under": 0.04358745438684213, "over": 0.9564096480602724, "metrics": {"loss": 3.12471342086792, "acc": 0.6375839114189148, "AUC": 0.6357596516609192, "number_of_bets_tested": 149}}, "ans": 1}, "2020020725.0": {"pred": {"under": 0.13575624015300317, "over": 0.8642112184325935, "metrics": {"loss": 3.12471342086792, "acc": 0.6375839114189148, "AUC": 0.6357596516609192, "number_of_bets_tested": 149}}, "ans": 1}, "2020020740.0": {"pred": {"under": 0.0004122390658831617, "over": 0.9995877609340482, "metrics": {"loss": 3.12471342086792, "acc": 0.6375839114189148, "AUC": 0.6357596516609192, "number_of_bets_tested": 149}}, "ans": 1}, "2020020773.0": {"pred": {"under": 0.04005113163534228, "over": 0.9599476393998293, "metrics": {"loss": 3.12471342086792, "acc": 0.6375839114189148, "AUC": 0.6357596516609192, "number_of_bets_tested": 149}}, "ans": 0}, "2020020817.0": {"pred": {"under": 0.02075785472438122, "over": 0.9792425386544342, "metrics": {"loss": 3.12471342086792, "acc": 0.6375839114189148, "AUC": 0.6357596516609192, "number_of_bets_tested": 149}}, "ans": 1}, "2020020831.0": {"pred": {"under": 0.004513241225351333, "over": 0.9954867596568088, "metrics": {"loss": 3.12471342086792, "acc": 0.6375839114189148, "AUC": 0.6357596516609192, "number_of_bets_tested": 149}}, "ans": 0}, "2020030131.0": {"pred": {"under": 0.25475939091562166, "over": 0.7447051143016514, "metrics": {"loss": 3.12471342086792, "acc": 0.6375839114189148, "AUC": 0.6357596516609192, "number_of_bets_tested": 149}}, "ans": 0}, "2020030132.0": {"pred": {"under": 0.012305113335244228, "over": 0.9876944143986611, "metrics": {"loss": 3.12471342086792, "acc": 0.6375839114189148, "AUC": 0.6357596516609192, "number_of_bets_tested": 149}}, "ans": 1}, "2020030133.0": {"pred": {"under": 0.12052592094043965, "over": 0.8792878969010531, "metrics": {"loss": 3.12471342086792, "acc": 0.6375839114189148, "AUC": 0.6357596516609192, "number_of_bets_tested": 149}}, "ans": 0}, "2020030134.0": {"pred": {"under": 0.2800521710343206, "over": 0.7193511145103413, "metrics": {"loss": 3.12471342086792, "acc": 0.6375839114189148, "AUC": 0.6357596516609192, "number_of_bets_tested": 149}}, "ans": 1}}