{"2020020478.0": {"pred": {"under": 0.16248452433785948, "over": 0.8377763337907074, "metrics": {"loss": 0.9936375617980957, "acc": 0.5120000243186951, "AUC": 0.5151999592781067, "number_of_bets_tested": 125}}, "ans": 0}, "2020020291.0": {"pred": {"under": 0.5693461031157119, "over": 0.4306983559029956, "metrics": {"loss": 0.9936375617980957, "acc": 0.5120000243186951, "AUC": 0.5151999592781067, "number_of_bets_tested": 125}}, "ans": 0}, "2020020496.0": {"pred": {"under": 0.5693461031157119, "over": 0.4306983559029956, "metrics": {"loss": 0.9936375617980957, "acc": 0.5120000243186951, "AUC": 0.5151999592781067, "number_of_bets_tested": 125}}, "ans": 1}, "2020020516.0": {"pred": {"under": 0.8249379839024124, "over": 0.1757248405960972, "metrics": {"loss": 0.9936375617980957, "acc": 0.5120000243186951, "AUC": 0.5151999592781067, "number_of_bets_tested": 125}}, "ans": 0}, "2020020558.0": {"pred": {"under": 0.656853235053797, "over": 0.34394922276789425, "metrics": {"loss": 0.9936375617980957, "acc": 0.5120000243186951, "AUC": 0.5151999592781067, "number_of_bets_tested": 125}}, "ans": 1}, "2020020572.0": {"pred": {"under": 0.5693461031157119, "over": 0.4306983559029956, "metrics": {"loss": 0.9936375617980957, "acc": 0.5120000243186951, "AUC": 0.5151999592781067, "number_of_bets_tested": 125}}, "ans": 0}, "2020020613.0": {"pred": {"under": 0.14382849093427671, "over": 0.8564346773974686, "metrics": {"loss": 0.9936375617980957, "acc": 0.5120000243186951, "AUC": 0.5151999592781067, "number_of_bets_tested": 125}}, "ans": 0}, "2020020627.0": {"pred": {"under": 0.942852499771161, "over": 0.05711293273367091, "metrics": {"loss": 0.9936375617980957, "acc": 0.5120000243186951, "AUC": 0.5151999592781067, "number_of_bets_tested": 125}}, "ans": 1}, "2020020636.0": {"pred": {"under": 0.8258156450111419, "over": 0.1740634044439248, "metrics": {"loss": 0.9936375617980957, "acc": 0.5120000243186951, "AUC": 0.5151999592781067, "number_of_bets_tested": 125}}, "ans": 0}, "2020020651.0": {"pred": {"under": 0.07395917745535147, "over": 0.9261283612316892, "metrics": {"loss": 0.9936375617980957, "acc": 0.5120000243186951, "AUC": 0.5151999592781067, "number_of_bets_tested": 125}}, "ans": 0}, "2020020666.0": {"pred": {"under": 0.2707226598031399, "over": 0.7306692979830492, "metrics": {"loss": 0.9936375617980957, "acc": 0.5120000243186951, "AUC": 0.5151999592781067, "number_of_bets_tested": 125}}, "ans": 0}, "2020020676.0": {"pred": {"under": 0.2474745171917059, "over": 0.7535518484782594, "metrics": {"loss": 0.9936375617980957, "acc": 0.5120000243186951, "AUC": 0.5151999592781067, "number_of_bets_tested": 125}}, "ans": 1}, "2020020691.0": {"pred": {"under": 0.2299287566749839, "over": 0.7705302750337696, "metrics": {"loss": 0.9936375617980957, "acc": 0.5120000243186951, "AUC": 0.5151999592781067, "number_of_bets_tested": 125}}, "ans": 0}, "2020020702.0": {"pred": {"under": 0.25338178058018473, "over": 0.7478704191122838, "metrics": {"loss": 0.9936375617980957, "acc": 0.5120000243186951, "AUC": 0.5151999592781067, "number_of_bets_tested": 125}}, "ans": 0}, "2020020717.0": {"pred": {"under": 0.5738919467205879, "over": 0.42628573181852775, "metrics": {"loss": 0.9936375617980957, "acc": 0.5120000243186951, "AUC": 0.5151999592781067, "number_of_bets_tested": 125}}, "ans": 0}, "2020020254.0": {"pred": {"under": 0.9857157684457437, "over": 0.014282769363167183, "metrics": {"loss": 0.9936375617980957, "acc": 0.5120000243186951, "AUC": 0.5151999592781067, "number_of_bets_tested": 125}}, "ans": 0}, "2020020739.0": {"pred": {"under": 0.7226918957314505, "over": 0.27883344627615364, "metrics": {"loss": 0.9936375617980957, "acc": 0.5120000243186951, "AUC": 0.5151999592781067, "number_of_bets_tested": 125}}, "ans": 0}, "2020020754.0": {"pred": {"under": 0.5984521660949548, "over": 0.4035977972263968, "metrics": {"loss": 0.9936375617980957, "acc": 0.5120000243186951, "AUC": 0.5151999592781067, "number_of_bets_tested": 125}}, "ans": 0}, "2020020768.0": {"pred": {"under": 0.5670208445964123, "over": 0.4329547511673848, "metrics": {"loss": 0.9936375617980957, "acc": 0.5120000243186951, "AUC": 0.5151999592781067, "number_of_bets_tested": 125}}, "ans": 1}}