{"2020030125.0": {"pred": {"under": 0.4913674362548024, "over": 0.5089132576253923, "metrics": {"loss": 0.8335168361663818, "acc": 0.5680000185966492, "AUC": 0.5807039737701416, "number_of_bets_tested": 125}}, "ans": 1}}