{"2020020493.0": {"pred": {"under": 0.4754259511982295, "over": 0.5227797785481708, "metrics": {"loss": 1.0362447500228882, "acc": 0.5859872698783875, "AUC": 0.5984826683998108, "number_of_bets_tested": 157}}, "ans": 1}, "2020020122.0": {"pred": {"under": 0.11349073392915804, "over": 0.886391060808555, "metrics": {"loss": 1.0362447500228882, "acc": 0.5859872698783875, "AUC": 0.5984826683998108, "number_of_bets_tested": 157}}, "ans": 0}, "2020020223.0": {"pred": {"under": 0.03727314776795881, "over": 0.9627142014197946, "metrics": {"loss": 1.0362447500228882, "acc": 0.5859872698783875, "AUC": 0.5984826683998108, "number_of_bets_tested": 157}}, "ans": 0}, "2020020525.0": {"pred": {"under": 0.45823868156285863, "over": 0.5391706195829866, "metrics": {"loss": 1.0362447500228882, "acc": 0.5859872698783875, "AUC": 0.5984826683998108, "number_of_bets_tested": 157}}, "ans": 0}, "2020020535.0": {"pred": {"under": 0.4784127613908119, "over": 0.5189204958511809, "metrics": {"loss": 1.0362447500228882, "acc": 0.5859872698783875, "AUC": 0.5984826683998108, "number_of_bets_tested": 157}}, "ans": 1}, "2020020723.0": {"pred": {"under": 0.28044678813393037, "over": 0.7191982810841232, "metrics": {"loss": 1.0362447500228882, "acc": 0.5859872698783875, "AUC": 0.5984826683998108, "number_of_bets_tested": 157}}, "ans": 1}, "2020020606.0": {"pred": {"under": 0.39587272252100786, "over": 0.601220548853163, "metrics": {"loss": 1.0362447500228882, "acc": 0.5859872698783875, "AUC": 0.5984826683998108, "number_of_bets_tested": 157}}, "ans": 1}, "2020020620.0": {"pred": {"under": 0.13525999752236695, "over": 0.8645856493587362, "metrics": {"loss": 1.0362447500228882, "acc": 0.5859872698783875, "AUC": 0.5984826683998108, "number_of_bets_tested": 157}}, "ans": 1}, "2020020637.0": {"pred": {"under": 0.24144601846961264, "over": 0.7584897539035323, "metrics": {"loss": 1.0362447500228882, "acc": 0.5859872698783875, "AUC": 0.5984826683998108, "number_of_bets_tested": 157}}, "ans": 1}, "2020020654.0": {"pred": {"under": 0.03617924285459574, "over": 0.9638202911213427, "metrics": {"loss": 1.0362447500228882, "acc": 0.5859872698783875, "AUC": 0.5984826683998108, "number_of_bets_tested": 157}}, "ans": 0}, "2020020182.0": {"pred": {"under": 0.274976601621048, "over": 0.7236978743949026, "metrics": {"loss": 1.0362447500228882, "acc": 0.5859872698783875, "AUC": 0.5984826683998108, "number_of_bets_tested": 157}}, "ans": 0}, "2020020700.0": {"pred": {"under": 0.007422246202778317, "over": 0.9925777091255031, "metrics": {"loss": 1.0362447500228882, "acc": 0.5859872698783875, "AUC": 0.5984826683998108, "number_of_bets_tested": 157}}, "ans": 1}, "2020020735.0": {"pred": {"under": 0.09391346767232635, "over": 0.9058452069875891, "metrics": {"loss": 1.0362447500228882, "acc": 0.5859872698783875, "AUC": 0.5984826683998108, "number_of_bets_tested": 157}}, "ans": 1}, "2020020191.0": {"pred": {"under": 0.02107410820123734, "over": 0.9789250156538389, "metrics": {"loss": 1.0362447500228882, "acc": 0.5859872698783875, "AUC": 0.5984826683998108, "number_of_bets_tested": 157}}, "ans": 0}, "2020020778.0": {"pred": {"under": 0.08703700654663776, "over": 0.9127861934729719, "metrics": {"loss": 1.0362447500228882, "acc": 0.5859872698783875, "AUC": 0.5984826683998108, "number_of_bets_tested": 157}}, "ans": 1}, "2020020762.0": {"pred": {"under": 0.0034581393731174435, "over": 0.9965418467746876, "metrics": {"loss": 1.0362447500228882, "acc": 0.5859872698783875, "AUC": 0.5984826683998108, "number_of_bets_tested": 157}}, "ans": 1}, "2020020818.0": {"pred": {"under": 0.10794704110099809, "over": 0.8919772320244965, "metrics": {"loss": 1.0362447500228882, "acc": 0.5859872698783875, "AUC": 0.5984826683998108, "number_of_bets_tested": 157}}, "ans": 1}, "2020020832.0": {"pred": {"under": 0.04202604540733715, "over": 0.9579670295609641, "metrics": {"loss": 1.0362447500228882, "acc": 0.5859872698783875, "AUC": 0.5984826683998108, "number_of_bets_tested": 157}}, "ans": 0}, "2020020851.0": {"pred": {"under": 0.1072575048297575, "over": 0.892694946131329, "metrics": {"loss": 1.0362447500228882, "acc": 0.5859872698783875, "AUC": 0.5984826683998108, "number_of_bets_tested": 157}}, "ans": 0}, "2020020790.0": {"pred": {"under": 0.10473904081858114, "over": 0.8951949387788338, "metrics": {"loss": 1.0362447500228882, "acc": 0.5859872698783875, "AUC": 0.5984826683998108, "number_of_bets_tested": 157}}, "ans": 1}, "2020030151.0": {"pred": {"under": 0.00041917341137027254, "over": 0.9995808265805292, "metrics": {"loss": 1.0362447500228882, "acc": 0.5859872698783875, "AUC": 0.5984826683998108, "number_of_bets_tested": 157}}, "ans": 1}, "2020030152.0": {"pred": {"under": 0.32592637268053254, "over": 0.6723605667414635, "metrics": {"loss": 1.0362447500228882, "acc": 0.5859872698783875, "AUC": 0.5984826683998108, "number_of_bets_tested": 157}}, "ans": 1}, "2020030153.0": {"pred": {"under": 0.4817230402104481, "over": 0.5171574097127051, "metrics": {"loss": 1.0362447500228882, "acc": 0.5859872698783875, "AUC": 0.5984826683998108, "number_of_bets_tested": 157}}, "ans": 0}, "2020030154.0": {"pred": {"under": 0.011552845749888664, "over": 0.9884467082723938, "metrics": {"loss": 1.0362447500228882, "acc": 0.5859872698783875, "AUC": 0.5984826683998108, "number_of_bets_tested": 157}}, "ans": 1}}