{"2020020703.0": {"pred": {"under": 0.018599073079775937, "over": 0.9814015924381643, "metrics": {"loss": 0.8615899682044983, "acc": 0.6146789193153381, "AUC": 0.7365542054176331, "number_of_bets_tested": 109}}, "ans": 1}, "2020020840.0": {"pred": {"under": 0.0369290383052852, "over": 0.9630753787257926, "metrics": {"loss": 0.8615899682044983, "acc": 0.6146789193153381, "AUC": 0.7365542054176331, "number_of_bets_tested": 109}}, "ans": 1}}