{"2020020286.0": {"pred": {"under": 0.5803705595093527, "over": 0.41997845712731663, "metrics": {"loss": 1.204628586769104, "acc": 0.4907975494861603, "AUC": 0.46736791729927063, "number_of_bets_tested": 163}}, "ans": 0}, "2020020471.0": {"pred": {"under": 0.5887243808284747, "over": 0.4111761556853905, "metrics": {"loss": 1.204628586769104, "acc": 0.4907975494861603, "AUC": 0.46736791729927063, "number_of_bets_tested": 163}}, "ans": 1}, "2020020486.0": {"pred": {"under": 0.5887243808284747, "over": 0.4111761556853905, "metrics": {"loss": 1.204628586769104, "acc": 0.4907975494861603, "AUC": 0.46736791729927063, "number_of_bets_tested": 163}}, "ans": 0}, "2020020828.0": {"pred": {"under": 0.5960962041245393, "over": 0.40593852048703444, "metrics": {"loss": 1.204628586769104, "acc": 0.4907975494861603, "AUC": 0.46736791729927063, "number_of_bets_tested": 163}}, "ans": 0}, "2020020507.0": {"pred": {"under": 0.7098147094350109, "over": 0.2928058340502517, "metrics": {"loss": 1.204628586769104, "acc": 0.4907975494861603, "AUC": 0.46736791729927063, "number_of_bets_tested": 163}}, "ans": 1}, "2020020522.0": {"pred": {"under": 0.6168726958503978, "over": 0.3860759194318938, "metrics": {"loss": 1.204628586769104, "acc": 0.4907975494861603, "AUC": 0.46736791729927063, "number_of_bets_tested": 163}}, "ans": 1}, "2020020531.0": {"pred": {"under": 0.5804882424930986, "over": 0.42113595995464426, "metrics": {"loss": 1.204628586769104, "acc": 0.4907975494861603, "AUC": 0.46736791729927063, "number_of_bets_tested": 163}}, "ans": 0}, "2020020559.0": {"pred": {"under": 0.5887243808284747, "over": 0.4111761556853905, "metrics": {"loss": 1.204628586769104, "acc": 0.4907975494861603, "AUC": 0.46736791729927063, "number_of_bets_tested": 163}}, "ans": 1}, "2020020574.0": {"pred": {"under": 0.5887243808284747, "over": 0.4111761556853905, "metrics": {"loss": 1.204628586769104, "acc": 0.4907975494861603, "AUC": 0.46736791729927063, "number_of_bets_tested": 163}}, "ans": 0}, "2020020616.0": {"pred": {"under": 0.6217465296864311, "over": 0.3796060136182777, "metrics": {"loss": 1.204628586769104, "acc": 0.4907975494861603, "AUC": 0.46736791729927063, "number_of_bets_tested": 163}}, "ans": 1}, "2020020630.0": {"pred": {"under": 0.6578429577368314, "over": 0.3432551861092708, "metrics": {"loss": 1.204628586769104, "acc": 0.4907975494861603, "AUC": 0.46736791729927063, "number_of_bets_tested": 163}}, "ans": 1}, "2020020644.0": {"pred": {"under": 0.5079195856374035, "over": 0.49149298248565665, "metrics": {"loss": 1.204628586769104, "acc": 0.4907975494861603, "AUC": 0.46736791729927063, "number_of_bets_tested": 163}}, "ans": 1}, "2020020659.0": {"pred": {"under": 0.5887243808284747, "over": 0.4111761556853905, "metrics": {"loss": 1.204628586769104, "acc": 0.4907975494861603, "AUC": 0.46736791729927063, "number_of_bets_tested": 163}}, "ans": 0}, "2020020679.0": {"pred": {"under": 0.5887243808284747, "over": 0.4111761556853905, "metrics": {"loss": 1.204628586769104, "acc": 0.4907975494861603, "AUC": 0.46736791729927063, "number_of_bets_tested": 163}}, "ans": 1}, "2020020694.0": {"pred": {"under": 0.5887243808284747, "over": 0.4111761556853905, "metrics": {"loss": 1.204628586769104, "acc": 0.4907975494861603, "AUC": 0.46736791729927063, "number_of_bets_tested": 163}}, "ans": 0}, "2020020706.0": {"pred": {"under": 0.586843853697043, "over": 0.4131567332038267, "metrics": {"loss": 1.204628586769104, "acc": 0.4907975494861603, "AUC": 0.46736791729927063, "number_of_bets_tested": 163}}, "ans": 0}, "2020020718.0": {"pred": {"under": 0.5727923710294962, "over": 0.42881984842697085, "metrics": {"loss": 1.204628586769104, "acc": 0.4907975494861603, "AUC": 0.46736791729927063, "number_of_bets_tested": 163}}, "ans": 0}, "2020020731.0": {"pred": {"under": 0.6138963398802619, "over": 0.3887294671583018, "metrics": {"loss": 1.204628586769104, "acc": 0.4907975494861603, "AUC": 0.46736791729927063, "number_of_bets_tested": 163}}, "ans": 1}, "2020020756.0": {"pred": {"under": 0.6918020353450202, "over": 0.31036478177858734, "metrics": {"loss": 1.204628586769104, "acc": 0.4907975494861603, "AUC": 0.46736791729927063, "number_of_bets_tested": 163}}, "ans": 0}, "2020020772.0": {"pred": {"under": 0.3592408355106739, "over": 0.6399166806042211, "metrics": {"loss": 1.204628586769104, "acc": 0.4907975494861603, "AUC": 0.46736791729927063, "number_of_bets_tested": 163}}, "ans": 0}, "2020020347.0": {"pred": {"under": 0.450312705775856, "over": 0.5486335055428783, "metrics": {"loss": 1.204628586769104, "acc": 0.4907975494861603, "AUC": 0.46736791729927063, "number_of_bets_tested": 163}}, "ans": 1}, "2020020811.0": {"pred": {"under": 0.6103638707975696, "over": 0.39222393319035287, "metrics": {"loss": 1.204628586769104, "acc": 0.4907975494861603, "AUC": 0.46736791729927063, "number_of_bets_tested": 163}}, "ans": 0}, "2020020033.0": {"pred": {"under": 0.6542178900779715, "over": 0.3487394053567909, "metrics": {"loss": 1.204628586769104, "acc": 0.4907975494861603, "AUC": 0.46736791729927063, "number_of_bets_tested": 163}}, "ans": 0}, "2020020048.0": {"pred": {"under": 0.5155462139684035, "over": 0.4841456168394237, "metrics": {"loss": 1.204628586769104, "acc": 0.4907975494861603, "AUC": 0.46736791729927063, "number_of_bets_tested": 163}}, "ans": 0}, "2020030142.0": {"pred": {"under": 0.2505260136613618, "over": 0.7484818518567433, "metrics": {"loss": 1.204628586769104, "acc": 0.4907975494861603, "AUC": 0.46736791729927063, "number_of_bets_tested": 163}}, "ans": 1}, "2020030143.0": {"pred": {"under": 0.5887243808284747, "over": 0.4111761556853905, "metrics": {"loss": 1.204628586769104, "acc": 0.4907975494861603, "AUC": 0.46736791729927063, "number_of_bets_tested": 163}}, "ans": 1}, "2020030145.0": {"pred": {"under": 0.6015558190470663, "over": 0.4009300268291588, "metrics": {"loss": 1.204628586769104, "acc": 0.4907975494861603, "AUC": 0.46736791729927063, "number_of_bets_tested": 163}}, "ans": 1}}