{"2020020540.0": {"pred": {"under": 0.4219962950222538, "over": 0.578115905138561, "metrics": {"loss": 0.8211146593093872, "acc": 0.5620915293693542, "AUC": 0.6097227931022644, "number_of_bets_tested": 153}}, "ans": 1}, "2020020209.0": {"pred": {"under": 0.9292087711978544, "over": 0.07079358397871151, "metrics": {"loss": 0.8211146593093872, "acc": 0.5620915293693542, "AUC": 0.6097227931022644, "number_of_bets_tested": 153}}, "ans": 0}, "2020020583.0": {"pred": {"under": 0.9994141255719777, "over": 0.0005858743680413176, "metrics": {"loss": 0.8211146593093872, "acc": 0.5620915293693542, "AUC": 0.6097227931022644, "number_of_bets_tested": 153}}, "ans": 1}, "2020020604.0": {"pred": {"under": 0.9271653094364773, "over": 0.07281864160284081, "metrics": {"loss": 0.8211146593093872, "acc": 0.5620915293693542, "AUC": 0.6097227931022644, "number_of_bets_tested": 153}}, "ans": 0}, "2020020610.0": {"pred": {"under": 0.3481514446331241, "over": 0.6517860258632842, "metrics": {"loss": 0.8211146593093872, "acc": 0.5620915293693542, "AUC": 0.6097227931022644, "number_of_bets_tested": 153}}, "ans": 0}, "2020020624.0": {"pred": {"under": 0.7372070695331256, "over": 0.2629092042704571, "metrics": {"loss": 0.8211146593093872, "acc": 0.5620915293693542, "AUC": 0.6097227931022644, "number_of_bets_tested": 153}}, "ans": 0}, "2020020639.0": {"pred": {"under": 0.05699156611841902, "over": 0.9429955366374722, "metrics": {"loss": 0.8211146593093872, "acc": 0.5620915293693542, "AUC": 0.6097227931022644, "number_of_bets_tested": 153}}, "ans": 0}, "2020020655.0": {"pred": {"under": 0.32176874072369954, "over": 0.6781468186720314, "metrics": {"loss": 0.8211146593093872, "acc": 0.5620915293693542, "AUC": 0.6097227931022644, "number_of_bets_tested": 153}}, "ans": 0}, "2020020225.0": {"pred": {"under": 0.1378744136547106, "over": 0.8620705375998103, "metrics": {"loss": 0.8211146593093872, "acc": 0.5620915293693542, "AUC": 0.6097227931022644, "number_of_bets_tested": 153}}, "ans": 1}, "2020020700.0": {"pred": {"under": 0.4284217063210895, "over": 0.5719168664770184, "metrics": {"loss": 0.8211146593093872, "acc": 0.5620915293693542, "AUC": 0.6097227931022644, "number_of_bets_tested": 153}}, "ans": 1}, "2020020712.0": {"pred": {"under": 0.4161221941003726, "over": 0.583935008389793, "metrics": {"loss": 0.8211146593093872, "acc": 0.5620915293693542, "AUC": 0.6097227931022644, "number_of_bets_tested": 153}}, "ans": 0}, "2020020727.0": {"pred": {"under": 0.46695091904285024, "over": 0.5334502649005816, "metrics": {"loss": 0.8211146593093872, "acc": 0.5620915293693542, "AUC": 0.6097227931022644, "number_of_bets_tested": 153}}, "ans": 0}, "2020020781.0": {"pred": {"under": 0.015801743878161908, "over": 0.9841973219109003, "metrics": {"loss": 0.8211146593093872, "acc": 0.5620915293693542, "AUC": 0.6097227931022644, "number_of_bets_tested": 153}}, "ans": 0}, "2020020853.0": {"pred": {"under": 0.17731779445918996, "over": 0.8232660301127653, "metrics": {"loss": 0.8211146593093872, "acc": 0.5620915293693542, "AUC": 0.6097227931022644, "number_of_bets_tested": 153}}, "ans": 0}}