{"2020020480.0": {"pred": {"under": 0.7172457203735336, "over": 0.2820555704328446, "metrics": {"loss": 1.8144136667251587, "acc": 0.6285714507102966, "AUC": 0.6884693503379822, "number_of_bets_tested": 70}}, "ans": 0}, "2020020490.0": {"pred": {"under": 0.7212122946594071, "over": 0.2780952145128806, "metrics": {"loss": 1.8144136667251587, "acc": 0.6285714507102966, "AUC": 0.6884693503379822, "number_of_bets_tested": 70}}, "ans": 1}, "2020020521.0": {"pred": {"under": 0.659633925636533, "over": 0.3394903650507683, "metrics": {"loss": 1.8144136667251587, "acc": 0.6285714507102966, "AUC": 0.6884693503379822, "number_of_bets_tested": 70}}, "ans": 0}, "2020020536.0": {"pred": {"under": 0.6769111606535295, "over": 0.3222338461904472, "metrics": {"loss": 1.8144136667251587, "acc": 0.6285714507102966, "AUC": 0.6884693503379822, "number_of_bets_tested": 70}}, "ans": 1}, "2020020551.0": {"pred": {"under": 0.7060812806011986, "over": 0.2932052598965393, "metrics": {"loss": 1.8144136667251587, "acc": 0.6285714507102966, "AUC": 0.6884693503379822, "number_of_bets_tested": 70}}, "ans": 0}, "2020020566.0": {"pred": {"under": 0.6729395273320192, "over": 0.326199886019008, "metrics": {"loss": 1.8144136667251587, "acc": 0.6285714507102966, "AUC": 0.6884693503379822, "number_of_bets_tested": 70}}, "ans": 1}, "2020020581.0": {"pred": {"under": 0.6711204455216744, "over": 0.32801657560449715, "metrics": {"loss": 1.8144136667251587, "acc": 0.6285714507102966, "AUC": 0.6884693503379822, "number_of_bets_tested": 70}}, "ans": 0}, "2020020603.0": {"pred": {"under": 0.7103428238853381, "over": 0.28894886521537816, "metrics": {"loss": 1.8144136667251587, "acc": 0.6285714507102966, "AUC": 0.6884693503379822, "number_of_bets_tested": 70}}, "ans": 0}, "2020020608.0": {"pred": {"under": 0.5945470841286936, "over": 0.40458463599130523, "metrics": {"loss": 1.8144136667251587, "acc": 0.6285714507102966, "AUC": 0.6884693503379822, "number_of_bets_tested": 70}}, "ans": 0}, "2020020622.0": {"pred": {"under": 0.7026198051375665, "over": 0.29657285450473303, "metrics": {"loss": 1.8144136667251587, "acc": 0.6285714507102966, "AUC": 0.6884693503379822, "number_of_bets_tested": 70}}, "ans": 0}, "2020020646.0": {"pred": {"under": 0.7055282226008597, "over": 0.29375769829577, "metrics": {"loss": 1.8144136667251587, "acc": 0.6285714507102966, "AUC": 0.6884693503379822, "number_of_bets_tested": 70}}, "ans": 1}, "2020020660.0": {"pred": {"under": 0.7132755619907716, "over": 0.28602001918093595, "metrics": {"loss": 1.8144136667251587, "acc": 0.6285714507102966, "AUC": 0.6884693503379822, "number_of_bets_tested": 70}}, "ans": 1}, "2020020669.0": {"pred": {"under": 0.7221804588987141, "over": 0.2771286428416833, "metrics": {"loss": 1.8144136667251587, "acc": 0.6285714507102966, "AUC": 0.6884693503379822, "number_of_bets_tested": 70}}, "ans": 0}, "2020020682.0": {"pred": {"under": 0.7114739377594684, "over": 0.28781921980646047, "metrics": {"loss": 1.8144136667251587, "acc": 0.6285714507102966, "AUC": 0.6884693503379822, "number_of_bets_tested": 70}}, "ans": 1}, "2020020697.0": {"pred": {"under": 0.6091927686945962, "over": 0.3905983083602026, "metrics": {"loss": 1.8144136667251587, "acc": 0.6285714507102966, "AUC": 0.6884693503379822, "number_of_bets_tested": 70}}, "ans": 0}, "2020030171.0": {"pred": {"under": 0.7230417365034627, "over": 0.2762020267130945, "metrics": {"loss": 1.8144136667251587, "acc": 0.6285714507102966, "AUC": 0.6884693503379822, "number_of_bets_tested": 70}}, "ans": 1}, "2020030172.0": {"pred": {"under": 0.581043942616634, "over": 0.41898175632057044, "metrics": {"loss": 1.8144136667251587, "acc": 0.6285714507102966, "AUC": 0.6884693503379822, "number_of_bets_tested": 70}}, "ans": 0}, "2020030173.0": {"pred": {"under": 0.6845544438394653, "over": 0.3147914628947444, "metrics": {"loss": 1.8144136667251587, "acc": 0.6285714507102966, "AUC": 0.6884693503379822, "number_of_bets_tested": 70}}, "ans": 0}}