{"2020020461.0": {"pred": {"under": 0.7950475051065483, "over": 0.20432053151914467, "metrics": {"loss": 0.7272419929504395, "acc": 0.5538461804389954, "AUC": 0.5499112606048584, "number_of_bets_tested": 130}}, "ans": 0}, "2020020501.0": {"pred": {"under": 0.7493129364927023, "over": 0.25074971632741133, "metrics": {"loss": 0.7272419929504395, "acc": 0.5538461804389954, "AUC": 0.5499112606048584, "number_of_bets_tested": 130}}, "ans": 0}, "2020020513.0": {"pred": {"under": 0.5096880562039915, "over": 0.49041097195264827, "metrics": {"loss": 0.7272419929504395, "acc": 0.5538461804389954, "AUC": 0.5499112606048584, "number_of_bets_tested": 130}}, "ans": 0}, "2020020525.0": {"pred": {"under": 0.4967767967225516, "over": 0.5033791637077948, "metrics": {"loss": 0.7272419929504395, "acc": 0.5538461804389954, "AUC": 0.5499112606048584, "number_of_bets_tested": 130}}, "ans": 1}, "2020020553.0": {"pred": {"under": 0.5096880562039915, "over": 0.49041097195264827, "metrics": {"loss": 0.7272419929504395, "acc": 0.5538461804389954, "AUC": 0.5499112606048584, "number_of_bets_tested": 130}}, "ans": 0}, "2020020583.0": {"pred": {"under": 0.8944661374407754, "over": 0.10527241145805424, "metrics": {"loss": 0.7272419929504395, "acc": 0.5538461804389954, "AUC": 0.5499112606048584, "number_of_bets_tested": 130}}, "ans": 1}, "2020020604.0": {"pred": {"under": 0.6685038874578539, "over": 0.3311404373916401, "metrics": {"loss": 0.7272419929504395, "acc": 0.5538461804389954, "AUC": 0.5499112606048584, "number_of_bets_tested": 130}}, "ans": 0}, "2020020241.0": {"pred": {"under": 0.5610250259427241, "over": 0.43929095923775224, "metrics": {"loss": 0.7272419929504395, "acc": 0.5538461804389954, "AUC": 0.5499112606048584, "number_of_bets_tested": 130}}, "ans": 1}, "2020020664.0": {"pred": {"under": 0.7196654835464944, "over": 0.27951024395311247, "metrics": {"loss": 0.7272419929504395, "acc": 0.5538461804389954, "AUC": 0.5499112606048584, "number_of_bets_tested": 130}}, "ans": 0}, "2020020675.0": {"pred": {"under": 0.823391957564827, "over": 0.1764166602421419, "metrics": {"loss": 0.7272419929504395, "acc": 0.5538461804389954, "AUC": 0.5499112606048584, "number_of_bets_tested": 130}}, "ans": 1}, "2020020705.0": {"pred": {"under": 0.7939438808924343, "over": 0.20648040878264529, "metrics": {"loss": 0.7272419929504395, "acc": 0.5538461804389954, "AUC": 0.5499112606048584, "number_of_bets_tested": 130}}, "ans": 0}}