{"2020020458.0": {"pred": {"under": 0.4484603863110196, "over": 0.552192968971406, "metrics": {"loss": 1.4009404182434082, "acc": 0.524193525314331, "AUC": 0.5252666473388672, "number_of_bets_tested": 124}}, "ans": 0}, "2020020469.0": {"pred": {"under": 0.43865622835335094, "over": 0.5567970837389556, "metrics": {"loss": 1.4009404182434082, "acc": 0.524193525314331, "AUC": 0.5252666473388672, "number_of_bets_tested": 124}}, "ans": 1}, "2020020484.0": {"pred": {"under": 0.5610343317240515, "over": 0.438912122305633, "metrics": {"loss": 1.4009404182434082, "acc": 0.524193525314331, "AUC": 0.5252666473388672, "number_of_bets_tested": 124}}, "ans": 0}, "2020020755.0": {"pred": {"under": 0.3786164755793319, "over": 0.6217882897321397, "metrics": {"loss": 1.4009404182434082, "acc": 0.524193525314331, "AUC": 0.5252666473388672, "number_of_bets_tested": 124}}, "ans": 0}, "2020020515.0": {"pred": {"under": 0.5413750668622453, "over": 0.45895535719322306, "metrics": {"loss": 1.4009404182434082, "acc": 0.524193525314331, "AUC": 0.5252666473388672, "number_of_bets_tested": 124}}, "ans": 1}, "2020020561.0": {"pred": {"under": 0.560045621083492, "over": 0.4399162216865285, "metrics": {"loss": 1.4009404182434082, "acc": 0.524193525314331, "AUC": 0.5252666473388672, "number_of_bets_tested": 124}}, "ans": 0}, "2020020549.0": {"pred": {"under": 0.546451705461902, "over": 0.45375768556352386, "metrics": {"loss": 1.4009404182434082, "acc": 0.524193525314331, "AUC": 0.5252666473388672, "number_of_bets_tested": 124}}, "ans": 0}, "2020020573.0": {"pred": {"under": 0.5461331741391816, "over": 0.4540837854903041, "metrics": {"loss": 1.4009404182434082, "acc": 0.524193525314331, "AUC": 0.5252666473388672, "number_of_bets_tested": 124}}, "ans": 1}, "2020020612.0": {"pred": {"under": 0.5506861019646452, "over": 0.4494230791006432, "metrics": {"loss": 1.4009404182434082, "acc": 0.524193525314331, "AUC": 0.5252666473388672, "number_of_bets_tested": 124}}, "ans": 1}, "2020020626.0": {"pred": {"under": 0.5506861019646452, "over": 0.4494230791006432, "metrics": {"loss": 1.4009404182434082, "acc": 0.524193525314331, "AUC": 0.5252666473388672, "number_of_bets_tested": 124}}, "ans": 0}, "2020020636.0": {"pred": {"under": 0.5783770995705207, "over": 0.42146056343127075, "metrics": {"loss": 1.4009404182434082, "acc": 0.524193525314331, "AUC": 0.5252666473388672, "number_of_bets_tested": 124}}, "ans": 0}, "2020020651.0": {"pred": {"under": 0.5506861019646452, "over": 0.4494230791006432, "metrics": {"loss": 1.4009404182434082, "acc": 0.524193525314331, "AUC": 0.5252666473388672, "number_of_bets_tested": 124}}, "ans": 0}, "2020020665.0": {"pred": {"under": 0.5506861019646452, "over": 0.4494230791006432, "metrics": {"loss": 1.4009404182434082, "acc": 0.524193525314331, "AUC": 0.5252666473388672, "number_of_bets_tested": 124}}, "ans": 0}, "2020020685.0": {"pred": {"under": 0.5532278876321711, "over": 0.44684099570674357, "metrics": {"loss": 1.4009404182434082, "acc": 0.524193525314331, "AUC": 0.5252666473388672, "number_of_bets_tested": 124}}, "ans": 1}, "2020020703.0": {"pred": {"under": 0.5749594990621117, "over": 0.4247726719185163, "metrics": {"loss": 1.4009404182434082, "acc": 0.524193525314331, "AUC": 0.5252666473388672, "number_of_bets_tested": 124}}, "ans": 1}, "2020020717.0": {"pred": {"under": 0.39197989742728817, "over": 0.6077542015196743, "metrics": {"loss": 1.4009404182434082, "acc": 0.524193525314331, "AUC": 0.5252666473388672, "number_of_bets_tested": 124}}, "ans": 0}, "2020020730.0": {"pred": {"under": 0.5506861019646452, "over": 0.4494230791006432, "metrics": {"loss": 1.4009404182434082, "acc": 0.524193525314331, "AUC": 0.5252666473388672, "number_of_bets_tested": 124}}, "ans": 1}, "2020020447.0": {"pred": {"under": 0.4323227853641249, "over": 0.5652531701883547, "metrics": {"loss": 1.4009404182434082, "acc": 0.524193525314331, "AUC": 0.5252666473388672, "number_of_bets_tested": 124}}, "ans": 0}, "2020020784.0": {"pred": {"under": 0.43642085415863685, "over": 0.5593445068117138, "metrics": {"loss": 1.4009404182434082, "acc": 0.524193525314331, "AUC": 0.5252666473388672, "number_of_bets_tested": 124}}, "ans": 0}, "2020020812.0": {"pred": {"under": 0.5678378418111887, "over": 0.4320038094728371, "metrics": {"loss": 1.4009404182434082, "acc": 0.524193525314331, "AUC": 0.5252666473388672, "number_of_bets_tested": 124}}, "ans": 1}, "2020020824.0": {"pred": {"under": 0.2330012319323573, "over": 0.764032000960006, "metrics": {"loss": 1.4009404182434082, "acc": 0.524193525314331, "AUC": 0.5252666473388672, "number_of_bets_tested": 124}}, "ans": 0}, "2020020839.0": {"pred": {"under": 0.4239260693245386, "over": 0.5726827221654607, "metrics": {"loss": 1.4009404182434082, "acc": 0.524193525314331, "AUC": 0.5252666473388672, "number_of_bets_tested": 124}}, "ans": 1}, "2020030112.0": {"pred": {"under": 0.5506861019646452, "over": 0.4494230791006432, "metrics": {"loss": 1.4009404182434082, "acc": 0.524193525314331, "AUC": 0.5252666473388672, "number_of_bets_tested": 124}}, "ans": 0}, "2020030113.0": {"pred": {"under": 0.5553679904460788, "over": 0.4446671212439486, "metrics": {"loss": 1.4009404182434082, "acc": 0.524193525314331, "AUC": 0.5252666473388672, "number_of_bets_tested": 124}}, "ans": 1}, "2020030114.0": {"pred": {"under": 0.5506861019646452, "over": 0.4494230791006432, "metrics": {"loss": 1.4009404182434082, "acc": 0.524193525314331, "AUC": 0.5252666473388672, "number_of_bets_tested": 124}}, "ans": 0}, "2020030115.0": {"pred": {"under": 0.5506861019646452, "over": 0.4494230791006432, "metrics": {"loss": 1.4009404182434082, "acc": 0.524193525314331, "AUC": 0.5252666473388672, "number_of_bets_tested": 124}}, "ans": 0}}