{"2020020715.0": {"pred": {"under": 0.2763595785398529, "over": 0.7239437754853341, "metrics": {"loss": 0.7502886652946472, "acc": 0.6733333468437195, "AUC": 0.7005111575126648, "number_of_bets_tested": 150}}, "ans": 1}, "2020020483.0": {"pred": {"under": 0.37710966449215144, "over": 0.6228472510728383, "metrics": {"loss": 0.7502886652946472, "acc": 0.6733333468437195, "AUC": 0.7005111575126648, "number_of_bets_tested": 150}}, "ans": 1}, "2020020729.0": {"pred": {"under": 0.4409315561220343, "over": 0.5589490703397804, "metrics": {"loss": 0.7502886652946472, "acc": 0.6733333468437195, "AUC": 0.7005111575126648, "number_of_bets_tested": 150}}, "ans": 1}, "2020020738.0": {"pred": {"under": 0.38626843769077385, "over": 0.6136827343475469, "metrics": {"loss": 0.7502886652946472, "acc": 0.6733333468437195, "AUC": 0.7005111575126648, "number_of_bets_tested": 150}}, "ans": 1}, "2020020824.0": {"pred": {"under": 0.3910638553833032, "over": 0.6088842605817003, "metrics": {"loss": 0.7502886652946472, "acc": 0.6733333468437195, "AUC": 0.7005111575126648, "number_of_bets_tested": 150}}, "ans": 1}, "2020020842.0": {"pred": {"under": 0.5052843868728136, "over": 0.49388838825423015, "metrics": {"loss": 0.7502886652946472, "acc": 0.6733333468437195, "AUC": 0.7005111575126648, "number_of_bets_tested": 150}}, "ans": 0}}