{"2020020522.0": {"pred": {"under": 0.49093750911161504, "over": 0.5072992258232465, "metrics": {"loss": 1.119109869003296, "acc": 0.4399999976158142, "AUC": 0.41849997639656067, "number_of_bets_tested": 100}}, "ans": 0}, "2020020598.0": {"pred": {"under": 0.3304495385259569, "over": 0.6702358508484002, "metrics": {"loss": 1.119109869003296, "acc": 0.4399999976158142, "AUC": 0.41849997639656067, "number_of_bets_tested": 100}}, "ans": 0}, "2020020632.0": {"pred": {"under": 0.3355517324052813, "over": 0.6641900846247974, "metrics": {"loss": 1.119109869003296, "acc": 0.4399999976158142, "AUC": 0.41849997639656067, "number_of_bets_tested": 100}}, "ans": 0}, "2020020788.0": {"pred": {"under": 0.40789033154435633, "over": 0.5914950467373037, "metrics": {"loss": 1.119109869003296, "acc": 0.4399999976158142, "AUC": 0.41849997639656067, "number_of_bets_tested": 100}}, "ans": 1}, "2020020670.0": {"pred": {"under": 0.48799823941961756, "over": 0.5105612659344105, "metrics": {"loss": 1.119109869003296, "acc": 0.4399999976158142, "AUC": 0.41849997639656067, "number_of_bets_tested": 100}}, "ans": 1}, "2020020683.0": {"pred": {"under": 0.45114653053400805, "over": 0.5471349060990911, "metrics": {"loss": 1.119109869003296, "acc": 0.4399999976158142, "AUC": 0.41849997639656067, "number_of_bets_tested": 100}}, "ans": 0}, "2020020699.0": {"pred": {"under": 0.3487967073465025, "over": 0.6523813119799334, "metrics": {"loss": 1.119109869003296, "acc": 0.4399999976158142, "AUC": 0.41849997639656067, "number_of_bets_tested": 100}}, "ans": 1}, "2020020711.0": {"pred": {"under": 0.16400505601726378, "over": 0.8365024434084293, "metrics": {"loss": 1.119109869003296, "acc": 0.4399999976158142, "AUC": 0.41849997639656067, "number_of_bets_tested": 100}}, "ans": 1}, "2020020722.0": {"pred": {"under": 0.22556540826467059, "over": 0.7752102454518076, "metrics": {"loss": 1.119109869003296, "acc": 0.4399999976158142, "AUC": 0.41849997639656067, "number_of_bets_tested": 100}}, "ans": 0}, "2020020020.0": {"pred": {"under": 0.32479870104344366, "over": 0.6759428945124547, "metrics": {"loss": 1.119109869003296, "acc": 0.4399999976158142, "AUC": 0.41849997639656067, "number_of_bets_tested": 100}}, "ans": 0}, "2020020033.0": {"pred": {"under": 0.2522731029208476, "over": 0.7482932237456513, "metrics": {"loss": 1.119109869003296, "acc": 0.4399999976158142, "AUC": 0.41849997639656067, "number_of_bets_tested": 100}}, "ans": 0}, "2020020048.0": {"pred": {"under": 0.24141720991134852, "over": 0.7591207899163827, "metrics": {"loss": 1.119109869003296, "acc": 0.4399999976158142, "AUC": 0.41849997639656067, "number_of_bets_tested": 100}}, "ans": 1}, "2020020843.0": {"pred": {"under": 0.268197385520224, "over": 0.7324059958565486, "metrics": {"loss": 1.119109869003296, "acc": 0.4399999976158142, "AUC": 0.41849997639656067, "number_of_bets_tested": 100}}, "ans": 0}}