{"2020020488.0": {"pred": {"under": 0.8939555772484671, "over": 0.10601515896902595, "metrics": {"loss": 0.7589844465255737, "acc": 0.6161616444587708, "AUC": 0.636261522769928, "number_of_bets_tested": 99}}, "ans": 1}, "2020020258.0": {"pred": {"under": 0.7284469935498272, "over": 0.2715385217500811, "metrics": {"loss": 0.7589844465255737, "acc": 0.6161616444587708, "AUC": 0.636261522769928, "number_of_bets_tested": 99}}, "ans": 1}, "2020020507.0": {"pred": {"under": 0.5977923749655707, "over": 0.40259252026627673, "metrics": {"loss": 0.7589844465255737, "acc": 0.6161616444587708, "AUC": 0.636261522769928, "number_of_bets_tested": 99}}, "ans": 0}, "2020020522.0": {"pred": {"under": 0.5977923749655707, "over": 0.40259252026627673, "metrics": {"loss": 0.7589844465255737, "acc": 0.6161616444587708, "AUC": 0.636261522769928, "number_of_bets_tested": 99}}, "ans": 0}, "2020020538.0": {"pred": {"under": 0.5782215976652205, "over": 0.4223253346008775, "metrics": {"loss": 0.7589844465255737, "acc": 0.6161616444587708, "AUC": 0.636261522769928, "number_of_bets_tested": 99}}, "ans": 1}, "2020020547.0": {"pred": {"under": 0.5977923749655707, "over": 0.40259252026627673, "metrics": {"loss": 0.7589844465255737, "acc": 0.6161616444587708, "AUC": 0.636261522769928, "number_of_bets_tested": 99}}, "ans": 0}, "2020020563.0": {"pred": {"under": 0.7587405592413804, "over": 0.24122550964895248, "metrics": {"loss": 0.7589844465255737, "acc": 0.6161616444587708, "AUC": 0.636261522769928, "number_of_bets_tested": 99}}, "ans": 0}, "2020020577.0": {"pred": {"under": 0.3569265660645862, "over": 0.6440686432103392, "metrics": {"loss": 0.7589844465255737, "acc": 0.6161616444587708, "AUC": 0.636261522769928, "number_of_bets_tested": 99}}, "ans": 0}, "2020020598.0": {"pred": {"under": 0.7230784023699703, "over": 0.2778392237458667, "metrics": {"loss": 0.7589844465255737, "acc": 0.6161616444587708, "AUC": 0.636261522769928, "number_of_bets_tested": 99}}, "ans": 0}, "2020020618.0": {"pred": {"under": 0.6725967507778571, "over": 0.3285991307934796, "metrics": {"loss": 0.7589844465255737, "acc": 0.6161616444587708, "AUC": 0.636261522769928, "number_of_bets_tested": 99}}, "ans": 0}, "2020020632.0": {"pred": {"under": 0.8694678838780011, "over": 0.13079027748678876, "metrics": {"loss": 0.7589844465255737, "acc": 0.6161616444587708, "AUC": 0.636261522769928, "number_of_bets_tested": 99}}, "ans": 0}, "2020020788.0": {"pred": {"under": 0.9556431667215117, "over": 0.0443681901213142, "metrics": {"loss": 0.7589844465255737, "acc": 0.6161616444587708, "AUC": 0.636261522769928, "number_of_bets_tested": 99}}, "ans": 0}, "2020020670.0": {"pred": {"under": 0.6732540108849301, "over": 0.3279387572819557, "metrics": {"loss": 0.7589844465255737, "acc": 0.6161616444587708, "AUC": 0.636261522769928, "number_of_bets_tested": 99}}, "ans": 0}, "2020020683.0": {"pred": {"under": 0.5977923749655707, "over": 0.40259252026627673, "metrics": {"loss": 0.7589844465255737, "acc": 0.6161616444587708, "AUC": 0.636261522769928, "number_of_bets_tested": 99}}, "ans": 0}, "2020020699.0": {"pred": {"under": 0.3918140406933362, "over": 0.609116766082333, "metrics": {"loss": 0.7589844465255737, "acc": 0.6161616444587708, "AUC": 0.636261522769928, "number_of_bets_tested": 99}}, "ans": 1}, "2020020711.0": {"pred": {"under": 0.5362668694522909, "over": 0.4639902656320701, "metrics": {"loss": 0.7589844465255737, "acc": 0.6161616444587708, "AUC": 0.636261522769928, "number_of_bets_tested": 99}}, "ans": 1}, "2020020722.0": {"pred": {"under": 0.26297285864653214, "over": 0.7378852713513775, "metrics": {"loss": 0.7589844465255737, "acc": 0.6161616444587708, "AUC": 0.636261522769928, "number_of_bets_tested": 99}}, "ans": 0}, "2020020734.0": {"pred": {"under": 0.6783574906170794, "over": 0.322092159540072, "metrics": {"loss": 0.7589844465255737, "acc": 0.6161616444587708, "AUC": 0.636261522769928, "number_of_bets_tested": 99}}, "ans": 0}, "2020020774.0": {"pred": {"under": 0.549644275623807, "over": 0.4521835261658261, "metrics": {"loss": 0.7589844465255737, "acc": 0.6161616444587708, "AUC": 0.636261522769928, "number_of_bets_tested": 99}}, "ans": 0}, "2020020347.0": {"pred": {"under": 0.5903677426504967, "over": 0.4100757739489471, "metrics": {"loss": 0.7589844465255737, "acc": 0.6161616444587708, "AUC": 0.636261522769928, "number_of_bets_tested": 99}}, "ans": 0}, "2020020020.0": {"pred": {"under": 0.8475146743998452, "over": 0.15242299097981213, "metrics": {"loss": 0.7589844465255737, "acc": 0.6161616444587708, "AUC": 0.636261522769928, "number_of_bets_tested": 99}}, "ans": 0}, "2020020033.0": {"pred": {"under": 0.5977923749655707, "over": 0.40259252026627673, "metrics": {"loss": 0.7589844465255737, "acc": 0.6161616444587708, "AUC": 0.636261522769928, "number_of_bets_tested": 99}}, "ans": 0}, "2020020048.0": {"pred": {"under": 0.6738716831493708, "over": 0.32624985347313085, "metrics": {"loss": 0.7589844465255737, "acc": 0.6161616444587708, "AUC": 0.636261522769928, "number_of_bets_tested": 99}}, "ans": 0}, "2020020843.0": {"pred": {"under": 0.6035627241881745, "over": 0.39701198362795675, "metrics": {"loss": 0.7589844465255737, "acc": 0.6161616444587708, "AUC": 0.636261522769928, "number_of_bets_tested": 99}}, "ans": 0}}