{"2020020563.0": {"pred": {"under": 0.6424620023940879, "over": 0.35821876974558603, "metrics": {"loss": 1.1236435174942017, "acc": 0.5555555820465088, "AUC": 0.5425668954849243, "number_of_bets_tested": 108}}, "ans": 1}, "2020020577.0": {"pred": {"under": 0.36132287258645757, "over": 0.6392844645192904, "metrics": {"loss": 1.1236435174942017, "acc": 0.5555555820465088, "AUC": 0.5425668954849243, "number_of_bets_tested": 108}}, "ans": 1}, "2020020644.0": {"pred": {"under": 0.13059528515176966, "over": 0.8696585773365818, "metrics": {"loss": 1.1236435174942017, "acc": 0.5555555820465088, "AUC": 0.5425668954849243, "number_of_bets_tested": 108}}, "ans": 0}, "2020020788.0": {"pred": {"under": 0.011579573025635535, "over": 0.9884206169873592, "metrics": {"loss": 1.1236435174942017, "acc": 0.5555555820465088, "AUC": 0.5425668954849243, "number_of_bets_tested": 108}}, "ans": 1}, "2020020678.0": {"pred": {"under": 0.2787262682767467, "over": 0.7217084931835368, "metrics": {"loss": 1.1236435174942017, "acc": 0.5555555820465088, "AUC": 0.5425668954849243, "number_of_bets_tested": 108}}, "ans": 0}, "2020020693.0": {"pred": {"under": 0.0835183227360318, "over": 0.916494896595928, "metrics": {"loss": 1.1236435174942017, "acc": 0.5555555820465088, "AUC": 0.5425668954849243, "number_of_bets_tested": 108}}, "ans": 0}, "2020020601.0": {"pred": {"under": 0.10398777950339493, "over": 0.8959198148837699, "metrics": {"loss": 1.1236435174942017, "acc": 0.5555555820465088, "AUC": 0.5425668954849243, "number_of_bets_tested": 108}}, "ans": 1}, "2020020725.0": {"pred": {"under": 0.05928842401647204, "over": 0.9406802379296286, "metrics": {"loss": 1.1236435174942017, "acc": 0.5555555820465088, "AUC": 0.5425668954849243, "number_of_bets_tested": 108}}, "ans": 0}, "2020020740.0": {"pred": {"under": 0.007062402335523726, "over": 0.9929375221304736, "metrics": {"loss": 1.1236435174942017, "acc": 0.5555555820465088, "AUC": 0.5425668954849243, "number_of_bets_tested": 108}}, "ans": 1}, "2020020773.0": {"pred": {"under": 0.0016656160165425622, "over": 0.9983343820332209, "metrics": {"loss": 1.1236435174942017, "acc": 0.5555555820465088, "AUC": 0.5425668954849243, "number_of_bets_tested": 108}}, "ans": 0}, "2020020817.0": {"pred": {"under": 0.0003070005548326736, "over": 0.9996929994451595, "metrics": {"loss": 1.1236435174942017, "acc": 0.5555555820465088, "AUC": 0.5425668954849243, "number_of_bets_tested": 108}}, "ans": 1}, "2020020831.0": {"pred": {"under": 0.0365557526238216, "over": 0.9634397971564542, "metrics": {"loss": 1.1236435174942017, "acc": 0.5555555820465088, "AUC": 0.5425668954849243, "number_of_bets_tested": 108}}, "ans": 1}}