{"2020020457.0": {"pred": {"under": 0.4475387995579695, "over": 0.5522742588033571, "metrics": {"loss": 0.78190678358078, "acc": 0.5365853905677795, "AUC": 0.5580012202262878, "number_of_bets_tested": 123}}, "ans": 1}, "2020020201.0": {"pred": {"under": 0.4475387995579695, "over": 0.5522742588033571, "metrics": {"loss": 0.78190678358078, "acc": 0.5365853905677795, "AUC": 0.5580012202262878, "number_of_bets_tested": 123}}, "ans": 0}, "2020020477.0": {"pred": {"under": 0.1515745556040068, "over": 0.8489245968584371, "metrics": {"loss": 0.78190678358078, "acc": 0.5365853905677795, "AUC": 0.5580012202262878, "number_of_bets_tested": 123}}, "ans": 1}, "2020020151.0": {"pred": {"under": 0.41113202062847964, "over": 0.5884383667942878, "metrics": {"loss": 0.78190678358078, "acc": 0.5365853905677795, "AUC": 0.5580012202262878, "number_of_bets_tested": 123}}, "ans": 1}, "2020020504.0": {"pred": {"under": 0.4667101442602419, "over": 0.5331391379441052, "metrics": {"loss": 0.78190678358078, "acc": 0.5365853905677795, "AUC": 0.5580012202262878, "number_of_bets_tested": 123}}, "ans": 1}, "2020020517.0": {"pred": {"under": 0.4475387995579695, "over": 0.5522742588033571, "metrics": {"loss": 0.78190678358078, "acc": 0.5365853905677795, "AUC": 0.5580012202262878, "number_of_bets_tested": 123}}, "ans": 0}, "2020020524.0": {"pred": {"under": 0.44913906262659964, "over": 0.5506854462894624, "metrics": {"loss": 0.78190678358078, "acc": 0.5365853905677795, "AUC": 0.5580012202262878, "number_of_bets_tested": 123}}, "ans": 0}, "2020020541.0": {"pred": {"under": 0.45750481597674275, "over": 0.5423347537089855, "metrics": {"loss": 0.78190678358078, "acc": 0.5365853905677795, "AUC": 0.5580012202262878, "number_of_bets_tested": 123}}, "ans": 1}, "2020020556.0": {"pred": {"under": 0.5749056572242263, "over": 0.4249893938183685, "metrics": {"loss": 0.78190678358078, "acc": 0.5365853905677795, "AUC": 0.5580012202262878, "number_of_bets_tested": 123}}, "ans": 1}, "2020020580.0": {"pred": {"under": 0.5260470478046188, "over": 0.47387290300253393, "metrics": {"loss": 0.78190678358078, "acc": 0.5365853905677795, "AUC": 0.5580012202262878, "number_of_bets_tested": 123}}, "ans": 0}, "2020020636.0": {"pred": {"under": 0.4497402973597916, "over": 0.5500885279224552, "metrics": {"loss": 0.78190678358078, "acc": 0.5365853905677795, "AUC": 0.5580012202262878, "number_of_bets_tested": 123}}, "ans": 0}, "2020020651.0": {"pred": {"under": 0.4475387995579695, "over": 0.5522742588033571, "metrics": {"loss": 0.78190678358078, "acc": 0.5365853905677795, "AUC": 0.5580012202262878, "number_of_bets_tested": 123}}, "ans": 0}, "2020020665.0": {"pred": {"under": 0.4475387995579695, "over": 0.5522742588033571, "metrics": {"loss": 0.78190678358078, "acc": 0.5365853905677795, "AUC": 0.5580012202262878, "number_of_bets_tested": 123}}, "ans": 1}, "2020020685.0": {"pred": {"under": 0.44837162917128587, "over": 0.5514473834580095, "metrics": {"loss": 0.78190678358078, "acc": 0.5365853905677795, "AUC": 0.5580012202262878, "number_of_bets_tested": 123}}, "ans": 0}, "2020020703.0": {"pred": {"under": 0.4475387995579695, "over": 0.5522742588033571, "metrics": {"loss": 0.78190678358078, "acc": 0.5365853905677795, "AUC": 0.5580012202262878, "number_of_bets_tested": 123}}, "ans": 0}, "2020020717.0": {"pred": {"under": 0.4475387995579695, "over": 0.5522742588033571, "metrics": {"loss": 0.78190678358078, "acc": 0.5365853905677795, "AUC": 0.5580012202262878, "number_of_bets_tested": 123}}, "ans": 0}, "2020020730.0": {"pred": {"under": 0.4475387995579695, "over": 0.5522742588033571, "metrics": {"loss": 0.78190678358078, "acc": 0.5365853905677795, "AUC": 0.5580012202262878, "number_of_bets_tested": 123}}, "ans": 1}, "2020020447.0": {"pred": {"under": 0.13863230632898804, "over": 0.8618708289834199, "metrics": {"loss": 0.78190678358078, "acc": 0.5365853905677795, "AUC": 0.5580012202262878, "number_of_bets_tested": 123}}, "ans": 0}, "2020020784.0": {"pred": {"under": 0.44287472060698674, "over": 0.5569052765729525, "metrics": {"loss": 0.78190678358078, "acc": 0.5365853905677795, "AUC": 0.5580012202262878, "number_of_bets_tested": 123}}, "ans": 0}, "2020020839.0": {"pred": {"under": 0.46308974386569185, "over": 0.5367556654455918, "metrics": {"loss": 0.78190678358078, "acc": 0.5365853905677795, "AUC": 0.5580012202262878, "number_of_bets_tested": 123}}, "ans": 1}, "2020030112.0": {"pred": {"under": 0.4484498217996091, "over": 0.5513697508825235, "metrics": {"loss": 0.78190678358078, "acc": 0.5365853905677795, "AUC": 0.5580012202262878, "number_of_bets_tested": 123}}, "ans": 0}, "2020030113.0": {"pred": {"under": 0.5072716197016233, "over": 0.493719477355447, "metrics": {"loss": 0.78190678358078, "acc": 0.5365853905677795, "AUC": 0.5580012202262878, "number_of_bets_tested": 123}}, "ans": 1}, "2020030114.0": {"pred": {"under": 0.48278263593549225, "over": 0.5169580563264611, "metrics": {"loss": 0.78190678358078, "acc": 0.5365853905677795, "AUC": 0.5580012202262878, "number_of_bets_tested": 123}}, "ans": 0}, "2020030115.0": {"pred": {"under": 0.9190747913012002, "over": 0.08087398849058702, "metrics": {"loss": 0.78190678358078, "acc": 0.5365853905677795, "AUC": 0.5580012202262878, "number_of_bets_tested": 123}}, "ans": 0}}