{"2020020693.0": {"pred": {"under": 0.3913135993842934, "over": 0.6070521106772994, "metrics": {"loss": 1.5027844905853271, "acc": 0.4330708682537079, "AUC": 0.4221898913383484, "number_of_bets_tested": 127}}, "ans": 0}, "2020020601.0": {"pred": {"under": 0.02277971297210108, "over": 0.9772197378069605, "metrics": {"loss": 1.5027844905853271, "acc": 0.4330708682537079, "AUC": 0.4221898913383484, "number_of_bets_tested": 127}}, "ans": 1}, "2020020725.0": {"pred": {"under": 0.46261967944948307, "over": 0.5373130159985545, "metrics": {"loss": 1.5027844905853271, "acc": 0.4330708682537079, "AUC": 0.4221898913383484, "number_of_bets_tested": 127}}, "ans": 1}, "2020020740.0": {"pred": {"under": 0.01070738074231271, "over": 0.9892926695920676, "metrics": {"loss": 1.5027844905853271, "acc": 0.4330708682537079, "AUC": 0.4221898913383484, "number_of_bets_tested": 127}}, "ans": 0}, "2020020773.0": {"pred": {"under": 0.061105363767201694, "over": 0.9389305147149246, "metrics": {"loss": 1.5027844905853271, "acc": 0.4330708682537079, "AUC": 0.4221898913383484, "number_of_bets_tested": 127}}, "ans": 1}, "2020020831.0": {"pred": {"under": 0.46261967944948307, "over": 0.5373130159985545, "metrics": {"loss": 1.5027844905853271, "acc": 0.4330708682537079, "AUC": 0.4221898913383484, "number_of_bets_tested": 127}}, "ans": 0}, "2020030133.0": {"pred": {"under": 0.017801241837111913, "over": 0.9821976469585023, "metrics": {"loss": 1.5027844905853271, "acc": 0.4330708682537079, "AUC": 0.4221898913383484, "number_of_bets_tested": 127}}, "ans": 1}, "2020030134.0": {"pred": {"under": 0.005130786254615926, "over": 0.9948691411946957, "metrics": {"loss": 1.5027844905853271, "acc": 0.4330708682537079, "AUC": 0.4221898913383484, "number_of_bets_tested": 127}}, "ans": 1}}