{"2020020223.0": {"pred": {"under": 0.620775107959858, "over": 0.37922713322263013, "metrics": {"loss": 0.7727336287498474, "acc": 0.5691056847572327, "AUC": 0.5626941919326782, "number_of_bets_tested": 123}}, "ans": 0}, "2020020525.0": {"pred": {"under": 0.6251528923210272, "over": 0.37480274935591024, "metrics": {"loss": 0.7727336287498474, "acc": 0.5691056847572327, "AUC": 0.5626941919326782, "number_of_bets_tested": 123}}, "ans": 1}, "2020020535.0": {"pred": {"under": 0.6251528923210272, "over": 0.37480274935591024, "metrics": {"loss": 0.7727336287498474, "acc": 0.5691056847572327, "AUC": 0.5626941919326782, "number_of_bets_tested": 123}}, "ans": 0}, "2020020723.0": {"pred": {"under": 0.6251528923210272, "over": 0.37480274935591024, "metrics": {"loss": 0.7727336287498474, "acc": 0.5691056847572327, "AUC": 0.5626941919326782, "number_of_bets_tested": 123}}, "ans": 0}, "2020020606.0": {"pred": {"under": 0.648888992853166, "over": 0.3510674011102391, "metrics": {"loss": 0.7727336287498474, "acc": 0.5691056847572327, "AUC": 0.5626941919326782, "number_of_bets_tested": 123}}, "ans": 0}, "2020020637.0": {"pred": {"under": 0.6251528923210272, "over": 0.37480274935591024, "metrics": {"loss": 0.7727336287498474, "acc": 0.5691056847572327, "AUC": 0.5626941919326782, "number_of_bets_tested": 123}}, "ans": 1}, "2020020654.0": {"pred": {"under": 0.6251528923210272, "over": 0.37480274935591024, "metrics": {"loss": 0.7727336287498474, "acc": 0.5691056847572327, "AUC": 0.5626941919326782, "number_of_bets_tested": 123}}, "ans": 1}, "2020020700.0": {"pred": {"under": 0.6478667572760898, "over": 0.35244423644512135, "metrics": {"loss": 0.7727336287498474, "acc": 0.5691056847572327, "AUC": 0.5626941919326782, "number_of_bets_tested": 123}}, "ans": 0}}