{"2020020523.0": {"pred": {"under": 0.5260110625561703, "over": 0.47373969531624344, "metrics": {"loss": 0.906387448310852, "acc": 0.6285714507102966, "AUC": 0.6839908957481384, "number_of_bets_tested": 105}}, "ans": 0}, "2020020569.0": {"pred": {"under": 0.5625709225507941, "over": 0.43719784026109, "metrics": {"loss": 0.906387448310852, "acc": 0.6285714507102966, "AUC": 0.6839908957481384, "number_of_bets_tested": 105}}, "ans": 1}, "2020020579.0": {"pred": {"under": 0.5094281545228727, "over": 0.4897230095423732, "metrics": {"loss": 0.906387448310852, "acc": 0.6285714507102966, "AUC": 0.6839908957481384, "number_of_bets_tested": 105}}, "ans": 1}, "2020020606.0": {"pred": {"under": 0.22459389267034996, "over": 0.7754760369805558, "metrics": {"loss": 0.906387448310852, "acc": 0.6285714507102966, "AUC": 0.6839908957481384, "number_of_bets_tested": 105}}, "ans": 0}, "2020020620.0": {"pred": {"under": 0.5062924002687091, "over": 0.4935679453343621, "metrics": {"loss": 0.906387448310852, "acc": 0.6285714507102966, "AUC": 0.6839908957481384, "number_of_bets_tested": 105}}, "ans": 1}, "2020020639.0": {"pred": {"under": 0.9185237666795477, "over": 0.08142053952663086, "metrics": {"loss": 0.906387448310852, "acc": 0.6285714507102966, "AUC": 0.6839908957481384, "number_of_bets_tested": 105}}, "ans": 1}, "2020020655.0": {"pred": {"under": 0.8426466198278382, "over": 0.15722778338175278, "metrics": {"loss": 0.906387448310852, "acc": 0.6285714507102966, "AUC": 0.6839908957481384, "number_of_bets_tested": 105}}, "ans": 0}, "2020020663.0": {"pred": {"under": 0.39208846832907396, "over": 0.6085399223102557, "metrics": {"loss": 0.906387448310852, "acc": 0.6285714507102966, "AUC": 0.6839908957481384, "number_of_bets_tested": 105}}, "ans": 0}, "2020020674.0": {"pred": {"under": 0.3158791351081773, "over": 0.6841750270412034, "metrics": {"loss": 0.906387448310852, "acc": 0.6285714507102966, "AUC": 0.6839908957481384, "number_of_bets_tested": 105}}, "ans": 0}, "2020020689.0": {"pred": {"under": 0.07541993563422678, "over": 0.9245775945020533, "metrics": {"loss": 0.906387448310852, "acc": 0.6285714507102966, "AUC": 0.6839908957481384, "number_of_bets_tested": 105}}, "ans": 1}, "2020020705.0": {"pred": {"under": 0.14715017417477158, "over": 0.85284029004085, "metrics": {"loss": 0.906387448310852, "acc": 0.6285714507102966, "AUC": 0.6839908957481384, "number_of_bets_tested": 105}}, "ans": 1}, "2020020713.0": {"pred": {"under": 0.4016865049737621, "over": 0.5983120645095467, "metrics": {"loss": 0.906387448310852, "acc": 0.6285714507102966, "AUC": 0.6839908957481384, "number_of_bets_tested": 105}}, "ans": 1}, "2020020728.0": {"pred": {"under": 0.3984937995567555, "over": 0.6015119411817459, "metrics": {"loss": 0.906387448310852, "acc": 0.6285714507102966, "AUC": 0.6839908957481384, "number_of_bets_tested": 105}}, "ans": 1}, "2020020779.0": {"pred": {"under": 0.5208527102518479, "over": 0.4784644776360027, "metrics": {"loss": 0.906387448310852, "acc": 0.6285714507102966, "AUC": 0.6839908957481384, "number_of_bets_tested": 105}}, "ans": 1}, "2020020835.0": {"pred": {"under": 0.09425022372839202, "over": 0.9057304045349001, "metrics": {"loss": 0.906387448310852, "acc": 0.6285714507102966, "AUC": 0.6839908957481384, "number_of_bets_tested": 105}}, "ans": 0}, "2020020851.0": {"pred": {"under": 0.17355002982679368, "over": 0.8264561809054334, "metrics": {"loss": 0.906387448310852, "acc": 0.6285714507102966, "AUC": 0.6839908957481384, "number_of_bets_tested": 105}}, "ans": 1}, "2020020162.0": {"pred": {"under": 0.26279823962930166, "over": 0.7370852050434394, "metrics": {"loss": 0.906387448310852, "acc": 0.6285714507102966, "AUC": 0.6839908957481384, "number_of_bets_tested": 105}}, "ans": 0}, "2020030162.0": {"pred": {"under": 0.09173982397482565, "over": 0.9082377934934143, "metrics": {"loss": 0.906387448310852, "acc": 0.6285714507102966, "AUC": 0.6839908957481384, "number_of_bets_tested": 105}}, "ans": 0}, "2020030163.0": {"pred": {"under": 0.15247011328776364, "over": 0.8474888036219915, "metrics": {"loss": 0.906387448310852, "acc": 0.6285714507102966, "AUC": 0.6839908957481384, "number_of_bets_tested": 105}}, "ans": 1}, "2020030164.0": {"pred": {"under": 0.2583728442317535, "over": 0.7414713835231362, "metrics": {"loss": 0.906387448310852, "acc": 0.6285714507102966, "AUC": 0.6839908957481384, "number_of_bets_tested": 105}}, "ans": 0}, "2020030165.0": {"pred": {"under": 0.39886003187561037, "over": 0.6011448884424241, "metrics": {"loss": 0.906387448310852, "acc": 0.6285714507102966, "AUC": 0.6839908957481384, "number_of_bets_tested": 105}}, "ans": 1}}