{"2020020495.0": {"pred": {"under": 0.5948981767671793, "over": 0.405025112771124, "metrics": {"loss": 1.100665807723999, "acc": 0.5303030014038086, "AUC": 0.5168445706367493, "number_of_bets_tested": 132}}, "ans": 1}, "2020020523.0": {"pred": {"under": 0.46086629324376327, "over": 0.5397668483201061, "metrics": {"loss": 1.100665807723999, "acc": 0.5303030014038086, "AUC": 0.5168445706367493, "number_of_bets_tested": 132}}, "ans": 0}, "2020020554.0": {"pred": {"under": 0.5940766320362856, "over": 0.4058538950155898, "metrics": {"loss": 1.100665807723999, "acc": 0.5303030014038086, "AUC": 0.5168445706367493, "number_of_bets_tested": 132}}, "ans": 0}, "2020020569.0": {"pred": {"under": 0.5948981767671793, "over": 0.405025112771124, "metrics": {"loss": 1.100665807723999, "acc": 0.5303030014038086, "AUC": 0.5168445706367493, "number_of_bets_tested": 132}}, "ans": 0}, "2020020579.0": {"pred": {"under": 0.41476873321413704, "over": 0.585801841838058, "metrics": {"loss": 1.100665807723999, "acc": 0.5303030014038086, "AUC": 0.5168445706367493, "number_of_bets_tested": 132}}, "ans": 0}, "2020020606.0": {"pred": {"under": 0.5792976146386638, "over": 0.42076681795178356, "metrics": {"loss": 1.100665807723999, "acc": 0.5303030014038086, "AUC": 0.5168445706367493, "number_of_bets_tested": 132}}, "ans": 1}, "2020020620.0": {"pred": {"under": 0.5123926264547438, "over": 0.48829224191865006, "metrics": {"loss": 1.100665807723999, "acc": 0.5303030014038086, "AUC": 0.5168445706367493, "number_of_bets_tested": 132}}, "ans": 0}, "2020020639.0": {"pred": {"under": 0.4851245741869268, "over": 0.5155499093780236, "metrics": {"loss": 1.100665807723999, "acc": 0.5303030014038086, "AUC": 0.5168445706367493, "number_of_bets_tested": 132}}, "ans": 1}, "2020020655.0": {"pred": {"under": 0.5948981767671793, "over": 0.405025112771124, "metrics": {"loss": 1.100665807723999, "acc": 0.5303030014038086, "AUC": 0.5168445706367493, "number_of_bets_tested": 132}}, "ans": 0}, "2020020705.0": {"pred": {"under": 0.5061732684277255, "over": 0.4945076076869779, "metrics": {"loss": 1.100665807723999, "acc": 0.5303030014038086, "AUC": 0.5168445706367493, "number_of_bets_tested": 132}}, "ans": 0}, "2020020851.0": {"pred": {"under": 0.5948981767671793, "over": 0.405025112771124, "metrics": {"loss": 1.100665807723999, "acc": 0.5303030014038086, "AUC": 0.5168445706367493, "number_of_bets_tested": 132}}, "ans": 0}, "2020020162.0": {"pred": {"under": 0.5058708216322194, "over": 0.4948098435966151, "metrics": {"loss": 1.100665807723999, "acc": 0.5303030014038086, "AUC": 0.5168445706367493, "number_of_bets_tested": 132}}, "ans": 1}, "2020030162.0": {"pred": {"under": 0.41476873321413704, "over": 0.585801841838058, "metrics": {"loss": 1.100665807723999, "acc": 0.5303030014038086, "AUC": 0.5168445706367493, "number_of_bets_tested": 132}}, "ans": 0}, "2020030163.0": {"pred": {"under": 0.45640872124215626, "over": 0.5430674369696445, "metrics": {"loss": 1.100665807723999, "acc": 0.5303030014038086, "AUC": 0.5168445706367493, "number_of_bets_tested": 132}}, "ans": 1}, "2020030164.0": {"pred": {"under": 0.4676814147809405, "over": 0.5329608812206482, "metrics": {"loss": 1.100665807723999, "acc": 0.5303030014038086, "AUC": 0.5168445706367493, "number_of_bets_tested": 132}}, "ans": 0}, "2020030165.0": {"pred": {"under": 0.4729365508375513, "over": 0.527713926809405, "metrics": {"loss": 1.100665807723999, "acc": 0.5303030014038086, "AUC": 0.5168445706367493, "number_of_bets_tested": 132}}, "ans": 0}}