{"2020020464.0": {"pred": {"under": 0.17800850103268365, "over": 0.8226107238040508, "metrics": {"loss": 0.8231639266014099, "acc": 0.6083333492279053, "AUC": 0.6212499737739563, "number_of_bets_tested": 120}}, "ans": 1}, "2020020479.0": {"pred": {"under": 0.5518437093910619, "over": 0.4480781919876976, "metrics": {"loss": 0.8231639266014099, "acc": 0.6083333492279053, "AUC": 0.6212499737739563, "number_of_bets_tested": 120}}, "ans": 0}, "2020020622.0": {"pred": {"under": 0.5518437093910619, "over": 0.4480781919876976, "metrics": {"loss": 0.8231639266014099, "acc": 0.6083333492279053, "AUC": 0.6212499737739563, "number_of_bets_tested": 120}}, "ans": 1}, "2020020633.0": {"pred": {"under": 0.5518437093910619, "over": 0.4480781919876976, "metrics": {"loss": 0.8231639266014099, "acc": 0.6083333492279053, "AUC": 0.6212499737739563, "number_of_bets_tested": 120}}, "ans": 1}, "2020020645.0": {"pred": {"under": 0.5518437093910619, "over": 0.4480781919876976, "metrics": {"loss": 0.8231639266014099, "acc": 0.6083333492279053, "AUC": 0.6212499737739563, "number_of_bets_tested": 120}}, "ans": 0}, "2020020660.0": {"pred": {"under": 0.7247398637697979, "over": 0.27502501732802437, "metrics": {"loss": 0.8231639266014099, "acc": 0.6083333492279053, "AUC": 0.6212499737739563, "number_of_bets_tested": 120}}, "ans": 0}, "2020020671.0": {"pred": {"under": 0.3192201567128394, "over": 0.6796704908164569, "metrics": {"loss": 0.8231639266014099, "acc": 0.6083333492279053, "AUC": 0.6212499737739563, "number_of_bets_tested": 120}}, "ans": 0}, "2020020686.0": {"pred": {"under": 0.00747912756265904, "over": 0.9925208657447392, "metrics": {"loss": 0.8231639266014099, "acc": 0.6083333492279053, "AUC": 0.6212499737739563, "number_of_bets_tested": 120}}, "ans": 1}, "2020020546.0": {"pred": {"under": 0.01492772348872649, "over": 0.9850714959405692, "metrics": {"loss": 0.8231639266014099, "acc": 0.6083333492279053, "AUC": 0.6212499737739563, "number_of_bets_tested": 120}}, "ans": 0}, "2020020709.0": {"pred": {"under": 0.10717366529116812, "over": 0.8927191340821689, "metrics": {"loss": 0.8231639266014099, "acc": 0.6083333492279053, "AUC": 0.6212499737739563, "number_of_bets_tested": 120}}, "ans": 1}, "2020020721.0": {"pred": {"under": 0.009683767763023455, "over": 0.9903162659328204, "metrics": {"loss": 0.8231639266014099, "acc": 0.6083333492279053, "AUC": 0.6212499737739563, "number_of_bets_tested": 120}}, "ans": 1}, "2020020736.0": {"pred": {"under": 0.004258602739735389, "over": 0.995741415910985, "metrics": {"loss": 0.8231639266014099, "acc": 0.6083333492279053, "AUC": 0.6212499737739563, "number_of_bets_tested": 120}}, "ans": 1}, "2020020761.0": {"pred": {"under": 0.04744010875114351, "over": 0.9525728280720446, "metrics": {"loss": 0.8231639266014099, "acc": 0.6083333492279053, "AUC": 0.6212499737739563, "number_of_bets_tested": 120}}, "ans": 0}, "2020020775.0": {"pred": {"under": 0.5518437093910619, "over": 0.4480781919876976, "metrics": {"loss": 0.8231639266014099, "acc": 0.6083333492279053, "AUC": 0.6212499737739563, "number_of_bets_tested": 120}}, "ans": 0}, "2020020819.0": {"pred": {"under": 0.5518437093910619, "over": 0.4480781919876976, "metrics": {"loss": 0.8231639266014099, "acc": 0.6083333492279053, "AUC": 0.6212499737739563, "number_of_bets_tested": 120}}, "ans": 0}, "2020020564.0": {"pred": {"under": 0.5518437093910619, "over": 0.4480781919876976, "metrics": {"loss": 0.8231639266014099, "acc": 0.6083333492279053, "AUC": 0.6212499737739563, "number_of_bets_tested": 120}}, "ans": 1}, "2020020847.0": {"pred": {"under": 0.5518437093910619, "over": 0.4480781919876976, "metrics": {"loss": 0.8231639266014099, "acc": 0.6083333492279053, "AUC": 0.6212499737739563, "number_of_bets_tested": 120}}, "ans": 0}, "2020030171.0": {"pred": {"under": 0.34443580546493674, "over": 0.6557488332625255, "metrics": {"loss": 0.8231639266014099, "acc": 0.6083333492279053, "AUC": 0.6212499737739563, "number_of_bets_tested": 120}}, "ans": 0}, "2020030172.0": {"pred": {"under": 0.5802361815816517, "over": 0.41963578716453537, "metrics": {"loss": 0.8231639266014099, "acc": 0.6083333492279053, "AUC": 0.6212499737739563, "number_of_bets_tested": 120}}, "ans": 0}, "2020030173.0": {"pred": {"under": 0.35237350265546613, "over": 0.647924189036633, "metrics": {"loss": 0.8231639266014099, "acc": 0.6083333492279053, "AUC": 0.6212499737739563, "number_of_bets_tested": 120}}, "ans": 0}}