{"2020020482.0": {"pred": {"under": 0.671173021326709, "over": 0.32899973686128153, "metrics": {"loss": 1.8780200481414795, "acc": 0.4458598792552948, "AUC": 0.3597509264945984, "number_of_bets_tested": 157}}, "ans": 0}, "2020020493.0": {"pred": {"under": 0.4723158921829905, "over": 0.529004720015505, "metrics": {"loss": 1.8780200481414795, "acc": 0.4458598792552948, "AUC": 0.3597509264945984, "number_of_bets_tested": 157}}, "ans": 0}, "2020020723.0": {"pred": {"under": 0.6546654681285454, "over": 0.3455300511306918, "metrics": {"loss": 1.8780200481414795, "acc": 0.4458598792552948, "AUC": 0.3597509264945984, "number_of_bets_tested": 157}}, "ans": 0}, "2020020620.0": {"pred": {"under": 0.687171380231889, "over": 0.313064749688783, "metrics": {"loss": 1.8780200481414795, "acc": 0.4458598792552948, "AUC": 0.3597509264945984, "number_of_bets_tested": 157}}, "ans": 0}, "2020020654.0": {"pred": {"under": 0.9891500660955934, "over": 0.010850353229754674, "metrics": {"loss": 1.8780200481414795, "acc": 0.4458598792552948, "AUC": 0.3597509264945984, "number_of_bets_tested": 157}}, "ans": 0}, "2020020182.0": {"pred": {"under": 0.7627208424930119, "over": 0.23785403247112855, "metrics": {"loss": 1.8780200481414795, "acc": 0.4458598792552948, "AUC": 0.3597509264945984, "number_of_bets_tested": 157}}, "ans": 0}, "2020020700.0": {"pred": {"under": 0.8363467363180909, "over": 0.16404653803276728, "metrics": {"loss": 1.8780200481414795, "acc": 0.4458598792552948, "AUC": 0.3597509264945984, "number_of_bets_tested": 157}}, "ans": 0}, "2020020191.0": {"pred": {"under": 0.6425029447996167, "over": 0.35736646031895875, "metrics": {"loss": 1.8780200481414795, "acc": 0.4458598792552948, "AUC": 0.3597509264945984, "number_of_bets_tested": 157}}, "ans": 0}, "2020020778.0": {"pred": {"under": 0.8669756592407174, "over": 0.13335687046366404, "metrics": {"loss": 1.8780200481414795, "acc": 0.4458598792552948, "AUC": 0.3597509264945984, "number_of_bets_tested": 157}}, "ans": 0}, "2020020762.0": {"pred": {"under": 0.6206445332173178, "over": 0.37935715185122143, "metrics": {"loss": 1.8780200481414795, "acc": 0.4458598792552948, "AUC": 0.3597509264945984, "number_of_bets_tested": 157}}, "ans": 1}, "2020020832.0": {"pred": {"under": 0.6276710540012387, "over": 0.37209872437466956, "metrics": {"loss": 1.8780200481414795, "acc": 0.4458598792552948, "AUC": 0.3597509264945984, "number_of_bets_tested": 157}}, "ans": 0}, "2020020851.0": {"pred": {"under": 0.9710306096107505, "over": 0.028976924682764783, "metrics": {"loss": 1.8780200481414795, "acc": 0.4458598792552948, "AUC": 0.3597509264945984, "number_of_bets_tested": 157}}, "ans": 0}, "2020020790.0": {"pred": {"under": 0.6243491685484589, "over": 0.3756612020025968, "metrics": {"loss": 1.8780200481414795, "acc": 0.4458598792552948, "AUC": 0.3597509264945984, "number_of_bets_tested": 157}}, "ans": 1}, "2020030152.0": {"pred": {"under": 0.971219830849424, "over": 0.028787208081286705, "metrics": {"loss": 1.8780200481414795, "acc": 0.4458598792552948, "AUC": 0.3597509264945984, "number_of_bets_tested": 157}}, "ans": 1}, "2020030153.0": {"pred": {"under": 0.8257161262017652, "over": 0.17467493015266092, "metrics": {"loss": 1.8780200481414795, "acc": 0.4458598792552948, "AUC": 0.3597509264945984, "number_of_bets_tested": 157}}, "ans": 0}, "2020030154.0": {"pred": {"under": 0.8664266755312344, "over": 0.13378228575165327, "metrics": {"loss": 1.8780200481414795, "acc": 0.4458598792552948, "AUC": 0.3597509264945984, "number_of_bets_tested": 157}}, "ans": 0}}