{"2020020480.0": {"pred": {"under": 0.38888885531300105, "over": 0.6111821158412235, "metrics": {"loss": 0.6876657605171204, "acc": 0.5632911324501038, "AUC": 0.5694599747657776, "number_of_bets_tested": 158}}, "ans": 0}, "2020020490.0": {"pred": {"under": 0.4643852053213393, "over": 0.535553686000977, "metrics": {"loss": 0.6876657605171204, "acc": 0.5632911324501038, "AUC": 0.5694599747657776, "number_of_bets_tested": 158}}, "ans": 0}, "2020020521.0": {"pred": {"under": 0.22570811584041475, "over": 0.7743033280739627, "metrics": {"loss": 0.6876657605171204, "acc": 0.5632911324501038, "AUC": 0.5694599747657776, "number_of_bets_tested": 158}}, "ans": 1}, "2020020536.0": {"pred": {"under": 0.46977836102649284, "over": 0.5301530218282232, "metrics": {"loss": 0.6876657605171204, "acc": 0.5632911324501038, "AUC": 0.5694599747657776, "number_of_bets_tested": 158}}, "ans": 1}, "2020020551.0": {"pred": {"under": 0.31513882402567733, "over": 0.6846012245631378, "metrics": {"loss": 0.6876657605171204, "acc": 0.5632911324501038, "AUC": 0.5694599747657776, "number_of_bets_tested": 158}}, "ans": 1}, "2020020566.0": {"pred": {"under": 0.4326721404069244, "over": 0.5669878088268394, "metrics": {"loss": 0.6876657605171204, "acc": 0.5632911324501038, "AUC": 0.5694599747657776, "number_of_bets_tested": 158}}, "ans": 0}, "2020020581.0": {"pred": {"under": 0.501442387826395, "over": 0.498550421759524, "metrics": {"loss": 0.6876657605171204, "acc": 0.5632911324501038, "AUC": 0.5694599747657776, "number_of_bets_tested": 158}}, "ans": 1}, "2020020603.0": {"pred": {"under": 0.4514289063276642, "over": 0.5485843599121489, "metrics": {"loss": 0.6876657605171204, "acc": 0.5632911324501038, "AUC": 0.5694599747657776, "number_of_bets_tested": 158}}, "ans": 1}, "2020020608.0": {"pred": {"under": 0.48020979164674765, "over": 0.5197741581314537, "metrics": {"loss": 0.6876657605171204, "acc": 0.5632911324501038, "AUC": 0.5694599747657776, "number_of_bets_tested": 158}}, "ans": 1}, "2020020622.0": {"pred": {"under": 0.555413750672608, "over": 0.444523510416937, "metrics": {"loss": 0.6876657605171204, "acc": 0.5632911324501038, "AUC": 0.5694599747657776, "number_of_bets_tested": 158}}, "ans": 1}, "2020020646.0": {"pred": {"under": 0.4246353637053643, "over": 0.575340365853159, "metrics": {"loss": 0.6876657605171204, "acc": 0.5632911324501038, "AUC": 0.5694599747657776, "number_of_bets_tested": 158}}, "ans": 0}, "2020020660.0": {"pred": {"under": 0.42466919423250327, "over": 0.5752189440152914, "metrics": {"loss": 0.6876657605171204, "acc": 0.5632911324501038, "AUC": 0.5694599747657776, "number_of_bets_tested": 158}}, "ans": 0}, "2020020669.0": {"pred": {"under": 0.4192968819714673, "over": 0.5804920177438923, "metrics": {"loss": 0.6876657605171204, "acc": 0.5632911324501038, "AUC": 0.5694599747657776, "number_of_bets_tested": 158}}, "ans": 1}, "2020020682.0": {"pred": {"under": 0.4017617773337588, "over": 0.598307760402436, "metrics": {"loss": 0.6876657605171204, "acc": 0.5632911324501038, "AUC": 0.5694599747657776, "number_of_bets_tested": 158}}, "ans": 1}, "2020020697.0": {"pred": {"under": 0.45797060786966215, "over": 0.5419902875489527, "metrics": {"loss": 0.6876657605171204, "acc": 0.5632911324501038, "AUC": 0.5694599747657776, "number_of_bets_tested": 158}}, "ans": 1}, "2020020710.0": {"pred": {"under": 0.3896289886813032, "over": 0.6104355143707292, "metrics": {"loss": 0.6876657605171204, "acc": 0.5632911324501038, "AUC": 0.5694599747657776, "number_of_bets_tested": 158}}, "ans": 1}, "2020020726.0": {"pred": {"under": 0.40848621955689646, "over": 0.5912168108537162, "metrics": {"loss": 0.6876657605171204, "acc": 0.5632911324501038, "AUC": 0.5694599747657776, "number_of_bets_tested": 158}}, "ans": 1}, "2020020775.0": {"pred": {"under": 0.4961890460480946, "over": 0.5037499837083896, "metrics": {"loss": 0.6876657605171204, "acc": 0.5632911324501038, "AUC": 0.5694599747657776, "number_of_bets_tested": 158}}, "ans": 1}, "2020020792.0": {"pred": {"under": 0.28437055305261605, "over": 0.715716992604802, "metrics": {"loss": 0.6876657605171204, "acc": 0.5632911324501038, "AUC": 0.5694599747657776, "number_of_bets_tested": 158}}, "ans": 0}, "2020020819.0": {"pred": {"under": 0.3011597077005996, "over": 0.69896736259478, "metrics": {"loss": 0.6876657605171204, "acc": 0.5632911324501038, "AUC": 0.5694599747657776, "number_of_bets_tested": 158}}, "ans": 1}, "2020020847.0": {"pred": {"under": 0.5952277381344722, "over": 0.40484043696410354, "metrics": {"loss": 0.6876657605171204, "acc": 0.5632911324501038, "AUC": 0.5694599747657776, "number_of_bets_tested": 158}}, "ans": 1}, "2020020833.0": {"pred": {"under": 0.4223207642101913, "over": 0.5777388639621265, "metrics": {"loss": 0.6876657605171204, "acc": 0.5632911324501038, "AUC": 0.5694599747657776, "number_of_bets_tested": 158}}, "ans": 0}, "2020030171.0": {"pred": {"under": 0.42481958397177344, "over": 0.57491511057878, "metrics": {"loss": 0.6876657605171204, "acc": 0.5632911324501038, "AUC": 0.5694599747657776, "number_of_bets_tested": 158}}, "ans": 0}}