{"2020020598.0": {"pred": {"under": 0.6109451462925433, "over": 0.38957815094093173, "metrics": {"loss": 0.7495951056480408, "acc": 0.5362318754196167, "AUC": 0.580734133720398, "number_of_bets_tested": 138}}, "ans": 0}, "2020020678.0": {"pred": {"under": 0.6266653223731385, "over": 0.37410291011506897, "metrics": {"loss": 0.7495951056480408, "acc": 0.5362318754196167, "AUC": 0.580734133720398, "number_of_bets_tested": 138}}, "ans": 1}, "2020020693.0": {"pred": {"under": 0.2566182966852004, "over": 0.7435129429734811, "metrics": {"loss": 0.7495951056480408, "acc": 0.5362318754196167, "AUC": 0.580734133720398, "number_of_bets_tested": 138}}, "ans": 1}, "2020020706.0": {"pred": {"under": 0.5292638128901105, "over": 0.46966636543102297, "metrics": {"loss": 0.7495951056480408, "acc": 0.5362318754196167, "AUC": 0.580734133720398, "number_of_bets_tested": 138}}, "ans": 1}, "2020020718.0": {"pred": {"under": 0.5151211510722328, "over": 0.4846762055509759, "metrics": {"loss": 0.7495951056480408, "acc": 0.5362318754196167, "AUC": 0.580734133720398, "number_of_bets_tested": 138}}, "ans": 1}, "2020020816.0": {"pred": {"under": 0.12138134656429474, "over": 0.8788937117476509, "metrics": {"loss": 0.7495951056480408, "acc": 0.5362318754196167, "AUC": 0.580734133720398, "number_of_bets_tested": 138}}, "ans": 1}, "2020020827.0": {"pred": {"under": 0.4043947913611495, "over": 0.5934745521331688, "metrics": {"loss": 0.7495951056480408, "acc": 0.5362318754196167, "AUC": 0.580734133720398, "number_of_bets_tested": 138}}, "ans": 1}, "2020020280.0": {"pred": {"under": 0.03575211515425018, "over": 0.9642492841133465, "metrics": {"loss": 0.7495951056480408, "acc": 0.5362318754196167, "AUC": 0.580734133720398, "number_of_bets_tested": 138}}, "ans": 1}}