{"2020020611.0": {"pred": {"under": 0.547131263916219, "over": 0.4529226490682111, "metrics": {"loss": 0.7920213937759399, "acc": 0.5148515105247498, "AUC": 0.529408872127533, "number_of_bets_tested": 101}}, "ans": 1}, "2020020625.0": {"pred": {"under": 0.5606385182859044, "over": 0.43936805772710313, "metrics": {"loss": 0.7920213937759399, "acc": 0.5148515105247498, "AUC": 0.529408872127533, "number_of_bets_tested": 101}}, "ans": 0}}