{"2020020478.0": {"pred": {"under": 0.15278009350921815, "over": 0.8469563150320931, "metrics": {"loss": 0.9162352085113525, "acc": 0.5964912176132202, "AUC": 0.6152277588844299, "number_of_bets_tested": 114}}, "ans": 0}, "2020020291.0": {"pred": {"under": 0.6419297942510676, "over": 0.35853600388297896, "metrics": {"loss": 0.9162352085113525, "acc": 0.5964912176132202, "AUC": 0.6152277588844299, "number_of_bets_tested": 114}}, "ans": 0}, "2020020524.0": {"pred": {"under": 0.26278940840133896, "over": 0.7384286650829337, "metrics": {"loss": 0.9162352085113525, "acc": 0.5964912176132202, "AUC": 0.6152277588844299, "number_of_bets_tested": 114}}, "ans": 1}, "2020020558.0": {"pred": {"under": 0.22767752476826464, "over": 0.7732284326200338, "metrics": {"loss": 0.9162352085113525, "acc": 0.5964912176132202, "AUC": 0.6152277588844299, "number_of_bets_tested": 114}}, "ans": 1}, "2020020573.0": {"pred": {"under": 0.580895336007224, "over": 0.41794016143875035, "metrics": {"loss": 0.9162352085113525, "acc": 0.5964912176132202, "AUC": 0.6152277588844299, "number_of_bets_tested": 114}}, "ans": 0}, "2020020580.0": {"pred": {"under": 0.6509513280542208, "over": 0.3472113325620154, "metrics": {"loss": 0.9162352085113525, "acc": 0.5964912176132202, "AUC": 0.6152277588844299, "number_of_bets_tested": 114}}, "ans": 1}, "2020020612.0": {"pred": {"under": 0.07769303605090629, "over": 0.9224822800856448, "metrics": {"loss": 0.9162352085113525, "acc": 0.5964912176132202, "AUC": 0.6152277588844299, "number_of_bets_tested": 114}}, "ans": 1}, "2020020628.0": {"pred": {"under": 0.13203032907743217, "over": 0.8686267227199984, "metrics": {"loss": 0.9162352085113525, "acc": 0.5964912176132202, "AUC": 0.6152277588844299, "number_of_bets_tested": 114}}, "ans": 1}, "2020020229.0": {"pred": {"under": 0.28208298071109894, "over": 0.7197862137962155, "metrics": {"loss": 0.9162352085113525, "acc": 0.5964912176132202, "AUC": 0.6152277588844299, "number_of_bets_tested": 114}}, "ans": 1}, "2020020714.0": {"pred": {"under": 0.2020878003668696, "over": 0.7977452073994578, "metrics": {"loss": 0.9162352085113525, "acc": 0.5964912176132202, "AUC": 0.6152277588844299, "number_of_bets_tested": 114}}, "ans": 1}, "2020020202.0": {"pred": {"under": 0.06113972356383187, "over": 0.9388169752901858, "metrics": {"loss": 0.9162352085113525, "acc": 0.5964912176132202, "AUC": 0.6152277588844299, "number_of_bets_tested": 114}}, "ans": 0}, "2020020677.0": {"pred": {"under": 0.017287821307754192, "over": 0.9827119011650635, "metrics": {"loss": 0.9162352085113525, "acc": 0.5964912176132202, "AUC": 0.6152277588844299, "number_of_bets_tested": 114}}, "ans": 1}, "2020020701.0": {"pred": {"under": 0.009522380976391995, "over": 0.9904772642964761, "metrics": {"loss": 0.9162352085113525, "acc": 0.5964912176132202, "AUC": 0.6152277588844299, "number_of_bets_tested": 114}}, "ans": 0}, "2020020730.0": {"pred": {"under": 0.19164411433043368, "over": 0.8080447789557766, "metrics": {"loss": 0.9162352085113525, "acc": 0.5964912176132202, "AUC": 0.6152277588844299, "number_of_bets_tested": 114}}, "ans": 0}, "2020030125.0": {"pred": {"under": 0.0023868796367710414, "over": 0.9976131142085554, "metrics": {"loss": 0.9162352085113525, "acc": 0.5964912176132202, "AUC": 0.6152277588844299, "number_of_bets_tested": 114}}, "ans": 1}}