{"2020020568.0": {"pred": {"under": 0.42259185308090874, "over": 0.5782593800514012, "metrics": {"loss": 0.8871157169342041, "acc": 0.6230769157409668, "AUC": 0.6550000309944153, "number_of_bets_tested": 130}}, "ans": 0}, "2020020461.0": {"pred": {"under": 0.4889206617199234, "over": 0.5122841318451756, "metrics": {"loss": 0.8871157169342041, "acc": 0.6230769157409668, "AUC": 0.6550000309944153, "number_of_bets_tested": 130}}, "ans": 0}, "2020020501.0": {"pred": {"under": 0.4222480119618827, "over": 0.5785158273899852, "metrics": {"loss": 0.8871157169342041, "acc": 0.6230769157409668, "AUC": 0.6550000309944153, "number_of_bets_tested": 130}}, "ans": 0}, "2020020513.0": {"pred": {"under": 0.4478721706987526, "over": 0.5523856253846925, "metrics": {"loss": 0.8871157169342041, "acc": 0.6230769157409668, "AUC": 0.6550000309944153, "number_of_bets_tested": 130}}, "ans": 0}, "2020020525.0": {"pred": {"under": 0.428391632124581, "over": 0.5728827891016852, "metrics": {"loss": 0.8871157169342041, "acc": 0.6230769157409668, "AUC": 0.6550000309944153, "number_of_bets_tested": 130}}, "ans": 1}, "2020020535.0": {"pred": {"under": 0.4256737261032911, "over": 0.5754012765699945, "metrics": {"loss": 0.8871157169342041, "acc": 0.6230769157409668, "AUC": 0.6550000309944153, "number_of_bets_tested": 130}}, "ans": 1}, "2020020553.0": {"pred": {"under": 0.42736660773267837, "over": 0.5732982516797328, "metrics": {"loss": 0.8871157169342041, "acc": 0.6230769157409668, "AUC": 0.6550000309944153, "number_of_bets_tested": 130}}, "ans": 0}, "2020020583.0": {"pred": {"under": 0.34808824164525554, "over": 0.6518815357123089, "metrics": {"loss": 0.8871157169342041, "acc": 0.6230769157409668, "AUC": 0.6550000309944153, "number_of_bets_tested": 130}}, "ans": 1}, "2020020604.0": {"pred": {"under": 0.4371624226024074, "over": 0.5633079932790758, "metrics": {"loss": 0.8871157169342041, "acc": 0.6230769157409668, "AUC": 0.6550000309944153, "number_of_bets_tested": 130}}, "ans": 0}, "2020020241.0": {"pred": {"under": 0.441325497531661, "over": 0.5589983979567424, "metrics": {"loss": 0.8871157169342041, "acc": 0.6230769157409668, "AUC": 0.6550000309944153, "number_of_bets_tested": 130}}, "ans": 1}, "2020020640.0": {"pred": {"under": 0.2124992184997599, "over": 0.7871294270782079, "metrics": {"loss": 0.8871157169342041, "acc": 0.6230769157409668, "AUC": 0.6550000309944153, "number_of_bets_tested": 130}}, "ans": 1}, "2020020656.0": {"pred": {"under": 0.4360867349834331, "over": 0.5644053272675491, "metrics": {"loss": 0.8871157169342041, "acc": 0.6230769157409668, "AUC": 0.6550000309944153, "number_of_bets_tested": 130}}, "ans": 0}, "2020020664.0": {"pred": {"under": 0.42813654048590316, "over": 0.573119080410849, "metrics": {"loss": 0.8871157169342041, "acc": 0.6230769157409668, "AUC": 0.6550000309944153, "number_of_bets_tested": 130}}, "ans": 0}, "2020020675.0": {"pred": {"under": 0.2493859070757935, "over": 0.7505929288699584, "metrics": {"loss": 0.8871157169342041, "acc": 0.6230769157409668, "AUC": 0.6550000309944153, "number_of_bets_tested": 130}}, "ans": 1}, "2020020689.0": {"pred": {"under": 0.35827481972201203, "over": 0.6420198134811194, "metrics": {"loss": 0.8871157169342041, "acc": 0.6230769157409668, "AUC": 0.6550000309944153, "number_of_bets_tested": 130}}, "ans": 1}, "2020020705.0": {"pred": {"under": 0.228678056424693, "over": 0.771078450244236, "metrics": {"loss": 0.8871157169342041, "acc": 0.6230769157409668, "AUC": 0.6550000309944153, "number_of_bets_tested": 130}}, "ans": 1}, "2020020724.0": {"pred": {"under": 0.44633155223660065, "over": 0.5539517209956443, "metrics": {"loss": 0.8871157169342041, "acc": 0.6230769157409668, "AUC": 0.6550000309944153, "number_of_bets_tested": 130}}, "ans": 0}}