{"2020020651.0": {"pred": {"under": 0.08336426123951478, "over": 0.9166178749336982, "metrics": {"loss": 2.415482759475708, "acc": 0.6220472455024719, "AUC": 0.6750573515892029, "number_of_bets_tested": 127}}, "ans": 0}, "2020020717.0": {"pred": {"under": 0.21673165653166127, "over": 0.7837108446962436, "metrics": {"loss": 2.415482759475708, "acc": 0.6220472455024719, "AUC": 0.6750573515892029, "number_of_bets_tested": 127}}, "ans": 0}, "2020020254.0": {"pred": {"under": 0.14262417916548387, "over": 0.8570318719575593, "metrics": {"loss": 2.415482759475708, "acc": 0.6220472455024719, "AUC": 0.6750573515892029, "number_of_bets_tested": 127}}, "ans": 1}, "2020020739.0": {"pred": {"under": 0.4918274877305371, "over": 0.5081175176516598, "metrics": {"loss": 2.415482759475708, "acc": 0.6220472455024719, "AUC": 0.6750573515892029, "number_of_bets_tested": 127}}, "ans": 1}, "2020020754.0": {"pred": {"under": 0.5340198350048696, "over": 0.4663697647439922, "metrics": {"loss": 2.415482759475708, "acc": 0.6220472455024719, "AUC": 0.6750573515892029, "number_of_bets_tested": 127}}, "ans": 1}, "2020020768.0": {"pred": {"under": 0.10454812497687796, "over": 0.8953462605297975, "metrics": {"loss": 2.415482759475708, "acc": 0.6220472455024719, "AUC": 0.6750573515892029, "number_of_bets_tested": 127}}, "ans": 1}}