{"2020020464.0": {"pred": {"under": 0.6842798930874373, "over": 0.3166840881436191, "metrics": {"loss": 1.104446291923523, "acc": 0.49593496322631836, "AUC": 0.5124925971031189, "number_of_bets_tested": 123}}, "ans": 0}, "2020020479.0": {"pred": {"under": 0.3806516827840065, "over": 0.6180897399022203, "metrics": {"loss": 1.104446291923523, "acc": 0.49593496322631836, "AUC": 0.5124925971031189, "number_of_bets_tested": 123}}, "ans": 0}, "2020020489.0": {"pred": {"under": 0.6636303527982184, "over": 0.33751255420886933, "metrics": {"loss": 1.104446291923523, "acc": 0.49593496322631836, "AUC": 0.5124925971031189, "number_of_bets_tested": 123}}, "ans": 0}, "2020020498.0": {"pred": {"under": 0.4198310898502368, "over": 0.5792303586510981, "metrics": {"loss": 1.104446291923523, "acc": 0.49593496322631836, "AUC": 0.5124925971031189, "number_of_bets_tested": 123}}, "ans": 0}, "2020020578.0": {"pred": {"under": 0.2680610413832942, "over": 0.7301183612561853, "metrics": {"loss": 1.104446291923523, "acc": 0.49593496322631836, "AUC": 0.5124925971031189, "number_of_bets_tested": 123}}, "ans": 0}, "2020020607.0": {"pred": {"under": 0.46754218284803145, "over": 0.5325784645334425, "metrics": {"loss": 1.104446291923523, "acc": 0.49593496322631836, "AUC": 0.5124925971031189, "number_of_bets_tested": 123}}, "ans": 0}, "2020030171.0": {"pred": {"under": 0.16851657061829586, "over": 0.8302851259289705, "metrics": {"loss": 1.104446291923523, "acc": 0.49593496322631836, "AUC": 0.5124925971031189, "number_of_bets_tested": 123}}, "ans": 0}, "2020030172.0": {"pred": {"under": 0.27181257908869266, "over": 0.7263651348495463, "metrics": {"loss": 1.104446291923523, "acc": 0.49593496322631836, "AUC": 0.5124925971031189, "number_of_bets_tested": 123}}, "ans": 0}, "2020030173.0": {"pred": {"under": 0.46754218284803145, "over": 0.5325784645334425, "metrics": {"loss": 1.104446291923523, "acc": 0.49593496322631836, "AUC": 0.5124925971031189, "number_of_bets_tested": 123}}, "ans": 0}}