{"2020020617.0": {"pred": {"under": 0.16816900555355271, "over": 0.8318511462207404, "metrics": {"loss": 0.8187485933303833, "acc": 0.7431192398071289, "AUC": 0.7555761337280273, "number_of_bets_tested": 109}}, "ans": 1}}