{"2020020492.0": {"pred": {"under": 0.019179263777856143, "over": 0.9808204715365931, "metrics": {"loss": 1.6692229509353638, "acc": 0.5075757503509521, "AUC": 0.5039026737213135, "number_of_bets_tested": 132}}, "ans": 1}, "2020020501.0": {"pred": {"under": 0.10210264649961316, "over": 0.8978810236685368, "metrics": {"loss": 1.6692229509353638, "acc": 0.5075757503509521, "AUC": 0.5039026737213135, "number_of_bets_tested": 132}}, "ans": 0}, "2020020513.0": {"pred": {"under": 0.21290934277294993, "over": 0.7870055567160573, "metrics": {"loss": 1.6692229509353638, "acc": 0.5075757503509521, "AUC": 0.5039026737213135, "number_of_bets_tested": 132}}, "ans": 0}, "2020020223.0": {"pred": {"under": 0.12250156261016834, "over": 0.8774672015753826, "metrics": {"loss": 1.6692229509353638, "acc": 0.5075757503509521, "AUC": 0.5039026737213135, "number_of_bets_tested": 132}}, "ans": 0}, "2020020555.0": {"pred": {"under": 0.027651780180537672, "over": 0.9723474400307904, "metrics": {"loss": 1.6692229509353638, "acc": 0.5075757503509521, "AUC": 0.5039026737213135, "number_of_bets_tested": 132}}, "ans": 0}, "2020020570.0": {"pred": {"under": 0.002382015082096043, "over": 0.9976179840680853, "metrics": {"loss": 1.6692229509353638, "acc": 0.5075757503509521, "AUC": 0.5039026737213135, "number_of_bets_tested": 132}}, "ans": 1}, "2020020579.0": {"pred": {"under": 0.08779185583531081, "over": 0.9121941448723967, "metrics": {"loss": 1.6692229509353638, "acc": 0.5075757503509521, "AUC": 0.5039026737213135, "number_of_bets_tested": 132}}, "ans": 0}, "2020020623.0": {"pred": {"under": 0.19497098807132293, "over": 0.8050123641049468, "metrics": {"loss": 1.6692229509353638, "acc": 0.5075757503509521, "AUC": 0.5039026737213135, "number_of_bets_tested": 132}}, "ans": 0}, "2020020687.0": {"pred": {"under": 0.5568477097810335, "over": 0.44294325591372574, "metrics": {"loss": 1.6692229509353638, "acc": 0.5075757503509521, "AUC": 0.5039026737213135, "number_of_bets_tested": 132}}, "ans": 1}, "2020020712.0": {"pred": {"under": 0.2497279268277338, "over": 0.750246431377624, "metrics": {"loss": 1.6692229509353638, "acc": 0.5075757503509521, "AUC": 0.5039026737213135, "number_of_bets_tested": 132}}, "ans": 0}, "2020020240.0": {"pred": {"under": 0.13374242180559495, "over": 0.8662261072847346, "metrics": {"loss": 1.6692229509353638, "acc": 0.5075757503509521, "AUC": 0.5039026737213135, "number_of_bets_tested": 132}}, "ans": 0}, "2020020778.0": {"pred": {"under": 0.287704260164454, "over": 0.7122522421453896, "metrics": {"loss": 1.6692229509353638, "acc": 0.5075757503509521, "AUC": 0.5039026737213135, "number_of_bets_tested": 132}}, "ans": 0}, "2020020762.0": {"pred": {"under": 0.09064103452612232, "over": 0.9093526539429729, "metrics": {"loss": 1.6692229509353638, "acc": 0.5075757503509521, "AUC": 0.5039026737213135, "number_of_bets_tested": 132}}, "ans": 1}, "2020020821.0": {"pred": {"under": 0.2541920425199602, "over": 0.7457328284241721, "metrics": {"loss": 1.6692229509353638, "acc": 0.5075757503509521, "AUC": 0.5039026737213135, "number_of_bets_tested": 132}}, "ans": 0}, "2020020835.0": {"pred": {"under": 0.511373181298749, "over": 0.48863926102143806, "metrics": {"loss": 1.6692229509353638, "acc": 0.5075757503509521, "AUC": 0.5039026737213135, "number_of_bets_tested": 132}}, "ans": 0}, "2020020850.0": {"pred": {"under": 0.49380412727326295, "over": 0.506215106475179, "metrics": {"loss": 1.6692229509353638, "acc": 0.5075757503509521, "AUC": 0.5039026737213135, "number_of_bets_tested": 132}}, "ans": 0}, "2020020790.0": {"pred": {"under": 0.5045766036242973, "over": 0.495425811740086, "metrics": {"loss": 1.6692229509353638, "acc": 0.5075757503509521, "AUC": 0.5039026737213135, "number_of_bets_tested": 132}}, "ans": 1}, "2020030162.0": {"pred": {"under": 0.06089440276747783, "over": 0.9391056316117556, "metrics": {"loss": 1.6692229509353638, "acc": 0.5075757503509521, "AUC": 0.5039026737213135, "number_of_bets_tested": 132}}, "ans": 0}, "2020030163.0": {"pred": {"under": 0.09032776006590214, "over": 0.9096637212637398, "metrics": {"loss": 1.6692229509353638, "acc": 0.5075757503509521, "AUC": 0.5039026737213135, "number_of_bets_tested": 132}}, "ans": 0}, "2020030164.0": {"pred": {"under": 0.04493031720804545, "over": 0.9550697633632302, "metrics": {"loss": 1.6692229509353638, "acc": 0.5075757503509521, "AUC": 0.5039026737213135, "number_of_bets_tested": 132}}, "ans": 1}, "2020030165.0": {"pred": {"under": 0.19801362880077805, "over": 0.8019602814742528, "metrics": {"loss": 1.6692229509353638, "acc": 0.5075757503509521, "AUC": 0.5039026737213135, "number_of_bets_tested": 132}}, "ans": 1}}