{"2020020678.0": {"pred": {"under": 0.055982847792442676, "over": 0.9439896987550193, "metrics": {"loss": 0.8631855845451355, "acc": 0.5983606576919556, "AUC": 0.6007457375526428, "number_of_bets_tested": 122}}, "ans": 0}, "2020020693.0": {"pred": {"under": 0.2998726659726197, "over": 0.69906651125786, "metrics": {"loss": 0.8631855845451355, "acc": 0.5983606576919556, "AUC": 0.6007457375526428, "number_of_bets_tested": 122}}, "ans": 1}, "2020020601.0": {"pred": {"under": 0.3010998636886476, "over": 0.6985854807600678, "metrics": {"loss": 0.8631855845451355, "acc": 0.5983606576919556, "AUC": 0.6007457375526428, "number_of_bets_tested": 122}}, "ans": 1}, "2020020725.0": {"pred": {"under": 0.2782756869799672, "over": 0.7214287859057644, "metrics": {"loss": 0.8631855845451355, "acc": 0.5983606576919556, "AUC": 0.6007457375526428, "number_of_bets_tested": 122}}, "ans": 0}, "2020020740.0": {"pred": {"under": 0.08018274196641746, "over": 0.9197494580099428, "metrics": {"loss": 0.8631855845451355, "acc": 0.5983606576919556, "AUC": 0.6007457375526428, "number_of_bets_tested": 122}}, "ans": 1}, "2020020773.0": {"pred": {"under": 0.14087232763798513, "over": 0.8589291909611354, "metrics": {"loss": 0.8631855845451355, "acc": 0.5983606576919556, "AUC": 0.6007457375526428, "number_of_bets_tested": 122}}, "ans": 1}, "2020020831.0": {"pred": {"under": 0.16598597260657103, "over": 0.8338129101575708, "metrics": {"loss": 0.8631855845451355, "acc": 0.5983606576919556, "AUC": 0.6007457375526428, "number_of_bets_tested": 122}}, "ans": 0}, "2020030132.0": {"pred": {"under": 0.3398138495296401, "over": 0.6570924258989755, "metrics": {"loss": 0.8631855845451355, "acc": 0.5983606576919556, "AUC": 0.6007457375526428, "number_of_bets_tested": 122}}, "ans": 0}}