{"2020020663.0": {"pred": {"under": 0.0013345772315482454, "over": 0.9986654232324151, "metrics": {"loss": 1.0631369352340698, "acc": 0.5037037134170532, "AUC": 0.5223318934440613, "number_of_bets_tested": 135}}, "ans": 0}, "2020020674.0": {"pred": {"under": 0.8206627142656014, "over": 0.17939715411671406, "metrics": {"loss": 1.0631369352340698, "acc": 0.5037037134170532, "AUC": 0.5223318934440613, "number_of_bets_tested": 135}}, "ans": 0}, "2020020689.0": {"pred": {"under": 0.035863671926667076, "over": 0.9641413303501332, "metrics": {"loss": 1.0631369352340698, "acc": 0.5037037134170532, "AUC": 0.5223318934440613, "number_of_bets_tested": 135}}, "ans": 1}, "2020020705.0": {"pred": {"under": 0.1552649350290659, "over": 0.8445444215157906, "metrics": {"loss": 1.0631369352340698, "acc": 0.5037037134170532, "AUC": 0.5223318934440613, "number_of_bets_tested": 135}}, "ans": 0}, "2020020835.0": {"pred": {"under": 0.49573075855946164, "over": 0.5046917952270082, "metrics": {"loss": 1.0631369352340698, "acc": 0.5037037134170532, "AUC": 0.5223318934440613, "number_of_bets_tested": 135}}, "ans": 1}, "2020020851.0": {"pred": {"under": 0.6850031558527857, "over": 0.3153228628300048, "metrics": {"loss": 1.0631369352340698, "acc": 0.5037037134170532, "AUC": 0.5223318934440613, "number_of_bets_tested": 135}}, "ans": 1}, "2020030162.0": {"pred": {"under": 0.00013135416692115304, "over": 0.9998686458339094, "metrics": {"loss": 1.0631369352340698, "acc": 0.5037037134170532, "AUC": 0.5223318934440613, "number_of_bets_tested": 135}}, "ans": 1}, "2020030163.0": {"pred": {"under": 0.34918153880901376, "over": 0.6510359465274778, "metrics": {"loss": 1.0631369352340698, "acc": 0.5037037134170532, "AUC": 0.5223318934440613, "number_of_bets_tested": 135}}, "ans": 1}, "2020030164.0": {"pred": {"under": 0.8012252399262636, "over": 0.1988500442864898, "metrics": {"loss": 1.0631369352340698, "acc": 0.5037037134170532, "AUC": 0.5223318934440613, "number_of_bets_tested": 135}}, "ans": 0}, "2020030165.0": {"pred": {"under": 0.03904686533061914, "over": 0.9609608042305681, "metrics": {"loss": 1.0631369352340698, "acc": 0.5037037134170532, "AUC": 0.5223318934440613, "number_of_bets_tested": 135}}, "ans": 0}}