{"2020020541.0": {"pred": {"under": 0.35675641848466505, "over": 0.6439288404214912, "metrics": {"loss": 0.9807690382003784, "acc": 0.46666666865348816, "AUC": 0.4661179780960083, "number_of_bets_tested": 135}}, "ans": 1}}