{"2020020467.0": {"pred": {"under": 0.42456488707921963, "over": 0.5756682349424073, "metrics": {"loss": 4.635881423950195, "acc": 0.6293103694915771, "AUC": 0.6443964838981628, "number_of_bets_tested": 116}}, "ans": 0}, "2020020482.0": {"pred": {"under": 0.531764096929501, "over": 0.46826904360849153, "metrics": {"loss": 4.635881423950195, "acc": 0.6293103694915771, "AUC": 0.6443964838981628, "number_of_bets_tested": 116}}, "ans": 1}, "2020020493.0": {"pred": {"under": 0.7535250678537776, "over": 0.24601494098866708, "metrics": {"loss": 4.635881423950195, "acc": 0.6293103694915771, "AUC": 0.6443964838981628, "number_of_bets_tested": 116}}, "ans": 0}, "2020020122.0": {"pred": {"under": 0.43599073282883033, "over": 0.5640676334642517, "metrics": {"loss": 4.635881423950195, "acc": 0.6293103694915771, "AUC": 0.6443964838981628, "number_of_bets_tested": 116}}, "ans": 1}, "2020020223.0": {"pred": {"under": 0.8303376389541652, "over": 0.1694434920310252, "metrics": {"loss": 4.635881423950195, "acc": 0.6293103694915771, "AUC": 0.6443964838981628, "number_of_bets_tested": 116}}, "ans": 1}, "2020020525.0": {"pred": {"under": 0.9448560586711046, "over": 0.0551417694741482, "metrics": {"loss": 4.635881423950195, "acc": 0.6293103694915771, "AUC": 0.6443964838981628, "number_of_bets_tested": 116}}, "ans": 1}, "2020020535.0": {"pred": {"under": 0.97245294956574, "over": 0.02754463533307804, "metrics": {"loss": 4.635881423950195, "acc": 0.6293103694915771, "AUC": 0.6443964838981628, "number_of_bets_tested": 116}}, "ans": 1}, "2020020723.0": {"pred": {"under": 0.6956590980794154, "over": 0.304173774758374, "metrics": {"loss": 4.635881423950195, "acc": 0.6293103694915771, "AUC": 0.6443964838981628, "number_of_bets_tested": 116}}, "ans": 1}, "2020020606.0": {"pred": {"under": 0.43599073282883033, "over": 0.5640676334642517, "metrics": {"loss": 4.635881423950195, "acc": 0.6293103694915771, "AUC": 0.6443964838981628, "number_of_bets_tested": 116}}, "ans": 1}, "2020020620.0": {"pred": {"under": 0.43599073282883033, "over": 0.5640676334642517, "metrics": {"loss": 4.635881423950195, "acc": 0.6293103694915771, "AUC": 0.6443964838981628, "number_of_bets_tested": 116}}, "ans": 1}, "2020020637.0": {"pred": {"under": 0.43599073282883033, "over": 0.5640676334642517, "metrics": {"loss": 4.635881423950195, "acc": 0.6293103694915771, "AUC": 0.6443964838981628, "number_of_bets_tested": 116}}, "ans": 0}, "2020020654.0": {"pred": {"under": 0.43599073282883033, "over": 0.5640676334642517, "metrics": {"loss": 4.635881423950195, "acc": 0.6293103694915771, "AUC": 0.6443964838981628, "number_of_bets_tested": 116}}, "ans": 0}, "2020020182.0": {"pred": {"under": 0.43599073282883033, "over": 0.5640676334642517, "metrics": {"loss": 4.635881423950195, "acc": 0.6293103694915771, "AUC": 0.6443964838981628, "number_of_bets_tested": 116}}, "ans": 0}, "2020020700.0": {"pred": {"under": 0.43599073282883033, "over": 0.5640676334642517, "metrics": {"loss": 4.635881423950195, "acc": 0.6293103694915771, "AUC": 0.6443964838981628, "number_of_bets_tested": 116}}, "ans": 0}, "2020020735.0": {"pred": {"under": 0.5242191899411973, "over": 0.4750072263995693, "metrics": {"loss": 4.635881423950195, "acc": 0.6293103694915771, "AUC": 0.6443964838981628, "number_of_bets_tested": 116}}, "ans": 0}, "2020020191.0": {"pred": {"under": 0.4424390799986375, "over": 0.557486555855403, "metrics": {"loss": 4.635881423950195, "acc": 0.6293103694915771, "AUC": 0.6443964838981628, "number_of_bets_tested": 116}}, "ans": 0}, "2020020778.0": {"pred": {"under": 0.43599073282883033, "over": 0.5640676334642517, "metrics": {"loss": 4.635881423950195, "acc": 0.6293103694915771, "AUC": 0.6443964838981628, "number_of_bets_tested": 116}}, "ans": 0}, "2020030154.0": {"pred": {"under": 0.43599073282883033, "over": 0.5640676334642517, "metrics": {"loss": 4.635881423950195, "acc": 0.6293103694915771, "AUC": 0.6443964838981628, "number_of_bets_tested": 116}}, "ans": 1}}