{"2020020491.0": {"pred": {"under": 0.5194264946249624, "over": 0.4819928457072398, "metrics": {"loss": 0.9734653234481812, "acc": 0.4628099203109741, "AUC": 0.5045078992843628, "number_of_bets_tested": 121}}, "ans": 1}, "2020020536.0": {"pred": {"under": 0.5025666725514207, "over": 0.49901118588574594, "metrics": {"loss": 0.9734653234481812, "acc": 0.4628099203109741, "AUC": 0.5045078992843628, "number_of_bets_tested": 121}}, "ans": 0}, "2020020551.0": {"pred": {"under": 0.5025666725514207, "over": 0.49901118588574594, "metrics": {"loss": 0.9734653234481812, "acc": 0.4628099203109741, "AUC": 0.5045078992843628, "number_of_bets_tested": 121}}, "ans": 0}, "2020020498.0": {"pred": {"under": 0.5025666725514207, "over": 0.49901118588574594, "metrics": {"loss": 0.9734653234481812, "acc": 0.4628099203109741, "AUC": 0.5045078992843628, "number_of_bets_tested": 121}}, "ans": 0}, "2020020582.0": {"pred": {"under": 0.5025666725514207, "over": 0.49901118588574594, "metrics": {"loss": 0.9734653234481812, "acc": 0.4628099203109741, "AUC": 0.5045078992843628, "number_of_bets_tested": 121}}, "ans": 0}, "2020020607.0": {"pred": {"under": 0.5025666725514207, "over": 0.49901118588574594, "metrics": {"loss": 0.9734653234481812, "acc": 0.4628099203109741, "AUC": 0.5045078992843628, "number_of_bets_tested": 121}}, "ans": 1}, "2020020621.0": {"pred": {"under": 0.5025666725514207, "over": 0.49901118588574594, "metrics": {"loss": 0.9734653234481812, "acc": 0.4628099203109741, "AUC": 0.5045078992843628, "number_of_bets_tested": 121}}, "ans": 1}, "2020020638.0": {"pred": {"under": 0.5025666725514207, "over": 0.49901118588574594, "metrics": {"loss": 0.9734653234481812, "acc": 0.4628099203109741, "AUC": 0.5045078992843628, "number_of_bets_tested": 121}}, "ans": 1}, "2020020849.0": {"pred": {"under": 0.6306494361465779, "over": 0.36954060346930556, "metrics": {"loss": 0.9734653234481812, "acc": 0.4628099203109741, "AUC": 0.5045078992843628, "number_of_bets_tested": 121}}, "ans": 1}, "2020020696.0": {"pred": {"under": 0.5431965393448418, "over": 0.45793942223779865, "metrics": {"loss": 0.9734653234481812, "acc": 0.4628099203109741, "AUC": 0.5045078992843628, "number_of_bets_tested": 121}}, "ans": 0}, "2020020709.0": {"pred": {"under": 0.5025666725514207, "over": 0.49901118588574594, "metrics": {"loss": 0.9734653234481812, "acc": 0.4628099203109741, "AUC": 0.5045078992843628, "number_of_bets_tested": 121}}, "ans": 0}, "2020020721.0": {"pred": {"under": 0.5210943469681844, "over": 0.4803088770395114, "metrics": {"loss": 0.9734653234481812, "acc": 0.4628099203109741, "AUC": 0.5045078992843628, "number_of_bets_tested": 121}}, "ans": 0}, "2020020760.0": {"pred": {"under": 0.855294740206151, "over": 0.14524537996621117, "metrics": {"loss": 0.9734653234481812, "acc": 0.4628099203109741, "AUC": 0.5045078992843628, "number_of_bets_tested": 121}}, "ans": 0}, "2020020777.0": {"pred": {"under": 0.8345821121471614, "over": 0.16594496651417343, "metrics": {"loss": 0.9734653234481812, "acc": 0.4628099203109741, "AUC": 0.5045078992843628, "number_of_bets_tested": 121}}, "ans": 0}, "2020020789.0": {"pred": {"under": 0.5025666725514207, "over": 0.49901118588574594, "metrics": {"loss": 0.9734653234481812, "acc": 0.4628099203109741, "AUC": 0.5045078992843628, "number_of_bets_tested": 121}}, "ans": 1}, "2020020829.0": {"pred": {"under": 0.5304261618258418, "over": 0.47093248496599643, "metrics": {"loss": 0.9734653234481812, "acc": 0.4628099203109741, "AUC": 0.5045078992843628, "number_of_bets_tested": 121}}, "ans": 1}, "2020020844.0": {"pred": {"under": 0.5025666725514207, "over": 0.49901118588574594, "metrics": {"loss": 0.9734653234481812, "acc": 0.4628099203109741, "AUC": 0.5045078992843628, "number_of_bets_tested": 121}}, "ans": 1}, "2020020593.0": {"pred": {"under": 0.5088324725515656, "over": 0.49270782608278674, "metrics": {"loss": 0.9734653234481812, "acc": 0.4628099203109741, "AUC": 0.5045078992843628, "number_of_bets_tested": 121}}, "ans": 1}, "2020020526.0": {"pred": {"under": 0.5018464265974588, "over": 0.4997536415286777, "metrics": {"loss": 0.9734653234481812, "acc": 0.4628099203109741, "AUC": 0.5045078992843628, "number_of_bets_tested": 121}}, "ans": 0}, "2020030181.0": {"pred": {"under": 0.9058263275427166, "over": 0.09410908517624737, "metrics": {"loss": 0.9734653234481812, "acc": 0.4628099203109741, "AUC": 0.5045078992843628, "number_of_bets_tested": 121}}, "ans": 0}, "2020030182.0": {"pred": {"under": 0.7721673948665405, "over": 0.22713330269591178, "metrics": {"loss": 0.9734653234481812, "acc": 0.4628099203109741, "AUC": 0.5045078992843628, "number_of_bets_tested": 121}}, "ans": 1}, "2020030183.0": {"pred": {"under": 0.9160742147832294, "over": 0.08415026365704571, "metrics": {"loss": 0.9734653234481812, "acc": 0.4628099203109741, "AUC": 0.5045078992843628, "number_of_bets_tested": 121}}, "ans": 1}, "2020030184.0": {"pred": {"under": 0.959775777508804, "over": 0.040257577201957204, "metrics": {"loss": 0.9734653234481812, "acc": 0.4628099203109741, "AUC": 0.5045078992843628, "number_of_bets_tested": 121}}, "ans": 1}}