{"2020020573.0": {"pred": {"under": 0.4374581725920246, "over": 0.5625446590453712, "metrics": {"loss": 1.184126853942871, "acc": 0.5961538553237915, "AUC": 0.6341530680656433, "number_of_bets_tested": 104}}, "ans": 0}, "2020020636.0": {"pred": {"under": 0.4309263156191064, "over": 0.5693303604520864, "metrics": {"loss": 1.184126853942871, "acc": 0.5961538553237915, "AUC": 0.6341530680656433, "number_of_bets_tested": 104}}, "ans": 0}, "2020020651.0": {"pred": {"under": 0.1779030195034221, "over": 0.8215937770981832, "metrics": {"loss": 1.184126853942871, "acc": 0.5961538553237915, "AUC": 0.6341530680656433, "number_of_bets_tested": 104}}, "ans": 1}, "2020030112.0": {"pred": {"under": 0.1635825059029669, "over": 0.8363289492481407, "metrics": {"loss": 1.184126853942871, "acc": 0.5961538553237915, "AUC": 0.6341530680656433, "number_of_bets_tested": 104}}, "ans": 1}, "2020030113.0": {"pred": {"under": 0.18104474803517892, "over": 0.8188606204031048, "metrics": {"loss": 1.184126853942871, "acc": 0.5961538553237915, "AUC": 0.6341530680656433, "number_of_bets_tested": 104}}, "ans": 0}, "2020030114.0": {"pred": {"under": 0.3590134352874117, "over": 0.6410985117582735, "metrics": {"loss": 1.184126853942871, "acc": 0.5961538553237915, "AUC": 0.6341530680656433, "number_of_bets_tested": 104}}, "ans": 0}, "2020030115.0": {"pred": {"under": 0.35456486867989384, "over": 0.6453018701355122, "metrics": {"loss": 1.184126853942871, "acc": 0.5961538553237915, "AUC": 0.6341530680656433, "number_of_bets_tested": 104}}, "ans": 1}}