{"2020020620.0": {"pred": {"under": 0.7786441845199572, "over": 0.2219281625079174, "metrics": {"loss": 0.7674562335014343, "acc": 0.46236559748649597, "AUC": 0.4976297616958618, "number_of_bets_tested": 93}}, "ans": 0}, "2020020700.0": {"pred": {"under": 0.45615572275443583, "over": 0.5430243523977274, "metrics": {"loss": 0.7674562335014343, "acc": 0.46236559748649597, "AUC": 0.4976297616958618, "number_of_bets_tested": 93}}, "ans": 0}}