{"2020020186.0": {"pred": {"under": 0.3965803153964497, "over": 0.6032563772113304, "metrics": {"loss": 1.3053386211395264, "acc": 0.46739131212234497, "AUC": 0.5189035534858704, "number_of_bets_tested": 92}}, "ans": 0}, "2020020555.0": {"pred": {"under": 0.46186298423979305, "over": 0.538388067939482, "metrics": {"loss": 1.3053386211395264, "acc": 0.46739131212234497, "AUC": 0.5189035534858704, "number_of_bets_tested": 92}}, "ans": 0}, "2020020570.0": {"pred": {"under": 0.34292933235129924, "over": 0.6573664106194973, "metrics": {"loss": 1.3053386211395264, "acc": 0.46739131212234497, "AUC": 0.5189035534858704, "number_of_bets_tested": 92}}, "ans": 0}}