{"2020020486.0": {"pred": {"under": 0.9161712231344422, "over": 0.08378321968513172, "metrics": {"loss": 1.7312052249908447, "acc": 0.5573770403862, "AUC": 0.5528419017791748, "number_of_bets_tested": 122}}, "ans": 0}, "2020020828.0": {"pred": {"under": 0.9838895221425416, "over": 0.016110665489099892, "metrics": {"loss": 1.7312052249908447, "acc": 0.5573770403862, "AUC": 0.5528419017791748, "number_of_bets_tested": 122}}, "ans": 0}, "2020020559.0": {"pred": {"under": 0.8885072344808163, "over": 0.11156633021539394, "metrics": {"loss": 1.7312052249908447, "acc": 0.5573770403862, "AUC": 0.5528419017791748, "number_of_bets_tested": 122}}, "ans": 0}, "2020020616.0": {"pred": {"under": 0.6083338318566613, "over": 0.3925297152166131, "metrics": {"loss": 1.7312052249908447, "acc": 0.5573770403862, "AUC": 0.5528419017791748, "number_of_bets_tested": 122}}, "ans": 0}, "2020020630.0": {"pred": {"under": 0.9057923726631142, "over": 0.09429792834457186, "metrics": {"loss": 1.7312052249908447, "acc": 0.5573770403862, "AUC": 0.5528419017791748, "number_of_bets_tested": 122}}, "ans": 0}, "2020020679.0": {"pred": {"under": 0.9231607498570887, "over": 0.07675595613644132, "metrics": {"loss": 1.7312052249908447, "acc": 0.5573770403862, "AUC": 0.5528419017791748, "number_of_bets_tested": 122}}, "ans": 0}, "2020020706.0": {"pred": {"under": 0.8175927653920242, "over": 0.18273424250522857, "metrics": {"loss": 1.7312052249908447, "acc": 0.5573770403862, "AUC": 0.5528419017791748, "number_of_bets_tested": 122}}, "ans": 0}, "2020020772.0": {"pred": {"under": 0.5126270021642332, "over": 0.4881053508743953, "metrics": {"loss": 1.7312052249908447, "acc": 0.5573770403862, "AUC": 0.5528419017791748, "number_of_bets_tested": 122}}, "ans": 0}, "2020020347.0": {"pred": {"under": 0.8881200275886951, "over": 0.11200131622379501, "metrics": {"loss": 1.7312052249908447, "acc": 0.5573770403862, "AUC": 0.5528419017791748, "number_of_bets_tested": 122}}, "ans": 1}, "2020020048.0": {"pred": {"under": 0.8642333102444862, "over": 0.13607197386332304, "metrics": {"loss": 1.7312052249908447, "acc": 0.5573770403862, "AUC": 0.5528419017791748, "number_of_bets_tested": 122}}, "ans": 0}}