{"2020020568.0": {"pred": {"under": 0.3332389195992766, "over": 0.6666812738964869, "metrics": {"loss": 3.3135251998901367, "acc": 0.3786407709121704, "AUC": 0.3816099464893341, "number_of_bets_tested": 103}}, "ans": 0}, "2020020461.0": {"pred": {"under": 0.3811793896523425, "over": 0.618786953463402, "metrics": {"loss": 3.3135251998901367, "acc": 0.3786407709121704, "AUC": 0.3816099464893341, "number_of_bets_tested": 103}}, "ans": 0}, "2020020501.0": {"pred": {"under": 0.17550038458367637, "over": 0.8244750487225644, "metrics": {"loss": 3.3135251998901367, "acc": 0.3786407709121704, "AUC": 0.3816099464893341, "number_of_bets_tested": 103}}, "ans": 1}, "2020020513.0": {"pred": {"under": 0.3197448995954793, "over": 0.6802345055159287, "metrics": {"loss": 3.3135251998901367, "acc": 0.3786407709121704, "AUC": 0.3816099464893341, "number_of_bets_tested": 103}}, "ans": 0}, "2020020525.0": {"pred": {"under": 0.29514723832742795, "over": 0.7048369109598255, "metrics": {"loss": 3.3135251998901367, "acc": 0.3786407709121704, "AUC": 0.3816099464893341, "number_of_bets_tested": 103}}, "ans": 0}, "2020020535.0": {"pred": {"under": 0.31898381606796006, "over": 0.680995742418467, "metrics": {"loss": 3.3135251998901367, "acc": 0.3786407709121704, "AUC": 0.3816099464893341, "number_of_bets_tested": 103}}, "ans": 0}, "2020020656.0": {"pred": {"under": 0.15231527290118652, "over": 0.8476847315702608, "metrics": {"loss": 3.3135251998901367, "acc": 0.3786407709121704, "AUC": 0.3816099464893341, "number_of_bets_tested": 103}}, "ans": 0}, "2020020664.0": {"pred": {"under": 0.2737542691195521, "over": 0.7262336165254379, "metrics": {"loss": 3.3135251998901367, "acc": 0.3786407709121704, "AUC": 0.3816099464893341, "number_of_bets_tested": 103}}, "ans": 1}, "2020020675.0": {"pred": {"under": 0.528228027865136, "over": 0.4723049001600032, "metrics": {"loss": 3.3135251998901367, "acc": 0.3786407709121704, "AUC": 0.3816099464893341, "number_of_bets_tested": 103}}, "ans": 1}, "2020020689.0": {"pred": {"under": 0.4255253896008645, "over": 0.5744462016432873, "metrics": {"loss": 3.3135251998901367, "acc": 0.3786407709121704, "AUC": 0.3816099464893341, "number_of_bets_tested": 103}}, "ans": 0}, "2020020705.0": {"pred": {"under": 0.17689355282123673, "over": 0.8231053025957249, "metrics": {"loss": 3.3135251998901367, "acc": 0.3786407709121704, "AUC": 0.3816099464893341, "number_of_bets_tested": 103}}, "ans": 1}, "2020020724.0": {"pred": {"under": 0.45076423972760676, "over": 0.5491877724556674, "metrics": {"loss": 3.3135251998901367, "acc": 0.3786407709121704, "AUC": 0.3816099464893341, "number_of_bets_tested": 103}}, "ans": 0}, "2020020765.0": {"pred": {"under": 0.23395264068372748, "over": 0.7660410097506599, "metrics": {"loss": 3.3135251998901367, "acc": 0.3786407709121704, "AUC": 0.3816099464893341, "number_of_bets_tested": 103}}, "ans": 0}, "2020020780.0": {"pred": {"under": 0.15999330223120553, "over": 0.8400064081622978, "metrics": {"loss": 3.3135251998901367, "acc": 0.3786407709121704, "AUC": 0.3816099464893341, "number_of_bets_tested": 103}}, "ans": 1}, "2020020818.0": {"pred": {"under": 0.293805451143684, "over": 0.7061789425573903, "metrics": {"loss": 3.3135251998901367, "acc": 0.3786407709121704, "AUC": 0.3816099464893341, "number_of_bets_tested": 103}}, "ans": 0}, "2020020832.0": {"pred": {"under": 0.14800092136097687, "over": 0.8519992241151308, "metrics": {"loss": 3.3135251998901367, "acc": 0.3786407709121704, "AUC": 0.3816099464893341, "number_of_bets_tested": 103}}, "ans": 0}, "2020020850.0": {"pred": {"under": 0.25505672411580754, "over": 0.7449340758235665, "metrics": {"loss": 3.3135251998901367, "acc": 0.3786407709121704, "AUC": 0.3816099464893341, "number_of_bets_tested": 103}}, "ans": 1}}