{"2020020466.0": {"pred": {"under": 0.021731997870697607, "over": 0.9782668821862984, "metrics": {"loss": 0.7745847702026367, "acc": 0.6320754885673523, "AUC": 0.6876557469367981, "number_of_bets_tested": 106}}, "ans": 0}, "2020020555.0": {"pred": {"under": 0.006155786319136842, "over": 0.9938441852999, "metrics": {"loss": 0.7745847702026367, "acc": 0.6320754885673523, "AUC": 0.6876557469367981, "number_of_bets_tested": 106}}, "ans": 1}, "2020020570.0": {"pred": {"under": 0.27309293648750804, "over": 0.7268634546172086, "metrics": {"loss": 0.7745847702026367, "acc": 0.6320754885673523, "AUC": 0.6876557469367981, "number_of_bets_tested": 106}}, "ans": 1}, "2020020664.0": {"pred": {"under": 0.38271758501502967, "over": 0.6162808578860507, "metrics": {"loss": 0.7745847702026367, "acc": 0.6320754885673523, "AUC": 0.6876557469367981, "number_of_bets_tested": 106}}, "ans": 0}, "2020020675.0": {"pred": {"under": 0.521237842418218, "over": 0.47887913654891995, "metrics": {"loss": 0.7745847702026367, "acc": 0.6320754885673523, "AUC": 0.6876557469367981, "number_of_bets_tested": 106}}, "ans": 1}, "2020020687.0": {"pred": {"under": 0.02225741499783775, "over": 0.9777413392073171, "metrics": {"loss": 0.7745847702026367, "acc": 0.6320754885673523, "AUC": 0.6876557469367981, "number_of_bets_tested": 106}}, "ans": 1}, "2020020698.0": {"pred": {"under": 0.37950428907088773, "over": 0.6207611651107532, "metrics": {"loss": 0.7745847702026367, "acc": 0.6320754885673523, "AUC": 0.6876557469367981, "number_of_bets_tested": 106}}, "ans": 0}, "2020020713.0": {"pred": {"under": 0.1790714403353387, "over": 0.8208474299605458, "metrics": {"loss": 0.7745847702026367, "acc": 0.6320754885673523, "AUC": 0.6876557469367981, "number_of_bets_tested": 106}}, "ans": 1}, "2020020823.0": {"pred": {"under": 0.46292309589115177, "over": 0.5371456395242936, "metrics": {"loss": 0.7745847702026367, "acc": 0.6320754885673523, "AUC": 0.6876557469367981, "number_of_bets_tested": 106}}, "ans": 1}, "2020020837.0": {"pred": {"under": 0.15959754375975244, "over": 0.8402409672901885, "metrics": {"loss": 0.7745847702026367, "acc": 0.6320754885673523, "AUC": 0.6876557469367981, "number_of_bets_tested": 106}}, "ans": 1}}