{"2020020548.0": {"pred": {"under": 0.05405606721868745, "over": 0.9459495314658882, "metrics": {"loss": 3.623772382736206, "acc": 0.5733333230018616, "AUC": 0.574844479560852, "number_of_bets_tested": 75}}, "ans": 1}, "2020020390.0": {"pred": {"under": 0.2900943831082632, "over": 0.7086336826011189, "metrics": {"loss": 3.623772382736206, "acc": 0.5733333230018616, "AUC": 0.574844479560852, "number_of_bets_tested": 75}}, "ans": 1}, "2020020626.0": {"pred": {"under": 0.45419552566951454, "over": 0.5456397675157013, "metrics": {"loss": 3.623772382736206, "acc": 0.5733333230018616, "AUC": 0.574844479560852, "number_of_bets_tested": 75}}, "ans": 0}, "2020020202.0": {"pred": {"under": 0.1366144498936686, "over": 0.863967645357611, "metrics": {"loss": 3.623772382736206, "acc": 0.5733333230018616, "AUC": 0.574844479560852, "number_of_bets_tested": 75}}, "ans": 1}, "2020020680.0": {"pred": {"under": 0.42653365091162854, "over": 0.5729932932440429, "metrics": {"loss": 3.623772382736206, "acc": 0.5733333230018616, "AUC": 0.574844479560852, "number_of_bets_tested": 75}}, "ans": 1}, "2020020692.0": {"pred": {"under": 0.5154685058178209, "over": 0.48460065207133973, "metrics": {"loss": 3.623772382736206, "acc": 0.5733333230018616, "AUC": 0.574844479560852, "number_of_bets_tested": 75}}, "ans": 0}, "2020020703.0": {"pred": {"under": 0.5154685058178209, "over": 0.48460065207133973, "metrics": {"loss": 3.623772382736206, "acc": 0.5733333230018616, "AUC": 0.574844479560852, "number_of_bets_tested": 75}}, "ans": 1}, "2020020254.0": {"pred": {"under": 0.41128942333972107, "over": 0.5880819755343707, "metrics": {"loss": 3.623772382736206, "acc": 0.5733333230018616, "AUC": 0.574844479560852, "number_of_bets_tested": 75}}, "ans": 0}, "2020020739.0": {"pred": {"under": 0.32253715877564015, "over": 0.6762436984774887, "metrics": {"loss": 3.623772382736206, "acc": 0.5733333230018616, "AUC": 0.574844479560852, "number_of_bets_tested": 75}}, "ans": 0}, "2020020815.0": {"pred": {"under": 0.11000327678486824, "over": 0.8896349234932222, "metrics": {"loss": 3.623772382736206, "acc": 0.5733333230018616, "AUC": 0.574844479560852, "number_of_bets_tested": 75}}, "ans": 1}}