{"2020020291.0": {"pred": {"under": 0.5221932690785506, "over": 0.47798662522489194, "metrics": {"loss": 3.1027886867523193, "acc": 0.6226415038108826, "AUC": 0.6016375422477722, "number_of_bets_tested": 106}}, "ans": 0}, "2020020496.0": {"pred": {"under": 0.5221932690785506, "over": 0.47798662522489194, "metrics": {"loss": 3.1027886867523193, "acc": 0.6226415038108826, "AUC": 0.6016375422477722, "number_of_bets_tested": 106}}, "ans": 1}, "2020020516.0": {"pred": {"under": 0.5221932690785506, "over": 0.47798662522489194, "metrics": {"loss": 3.1027886867523193, "acc": 0.6226415038108826, "AUC": 0.6016375422477722, "number_of_bets_tested": 106}}, "ans": 1}, "2020020558.0": {"pred": {"under": 0.5520153581510153, "over": 0.447810540784271, "metrics": {"loss": 3.1027886867523193, "acc": 0.6226415038108826, "AUC": 0.6016375422477722, "number_of_bets_tested": 106}}, "ans": 0}, "2020020572.0": {"pred": {"under": 0.5255659183722149, "over": 0.47458930958533707, "metrics": {"loss": 3.1027886867523193, "acc": 0.6226415038108826, "AUC": 0.6016375422477722, "number_of_bets_tested": 106}}, "ans": 1}, "2020020613.0": {"pred": {"under": 0.5535609796558674, "over": 0.44639279312941943, "metrics": {"loss": 3.1027886867523193, "acc": 0.6226415038108826, "AUC": 0.6016375422477722, "number_of_bets_tested": 106}}, "ans": 1}, "2020020627.0": {"pred": {"under": 0.9999997345590829, "over": 2.6544091724645114e-07, "metrics": {"loss": 3.1027886867523193, "acc": 0.6226415038108826, "AUC": 0.6016375422477722, "number_of_bets_tested": 106}}, "ans": 0}, "2020020666.0": {"pred": {"under": 0.5221932690785506, "over": 0.47798662522489194, "metrics": {"loss": 3.1027886867523193, "acc": 0.6226415038108826, "AUC": 0.6016375422477722, "number_of_bets_tested": 106}}, "ans": 0}, "2020020676.0": {"pred": {"under": 0.5221932690785506, "over": 0.47798662522489194, "metrics": {"loss": 3.1027886867523193, "acc": 0.6226415038108826, "AUC": 0.6016375422477722, "number_of_bets_tested": 106}}, "ans": 0}, "2020020691.0": {"pred": {"under": 0.5221932690785506, "over": 0.47798662522489194, "metrics": {"loss": 3.1027886867523193, "acc": 0.6226415038108826, "AUC": 0.6016375422477722, "number_of_bets_tested": 106}}, "ans": 0}, "2020020702.0": {"pred": {"under": 0.5221932690785506, "over": 0.47798662522489194, "metrics": {"loss": 3.1027886867523193, "acc": 0.6226415038108826, "AUC": 0.6016375422477722, "number_of_bets_tested": 106}}, "ans": 0}, "2020020254.0": {"pred": {"under": 0.5221932690785506, "over": 0.47798662522489194, "metrics": {"loss": 3.1027886867523193, "acc": 0.6226415038108826, "AUC": 0.6016375422477722, "number_of_bets_tested": 106}}, "ans": 0}, "2020020739.0": {"pred": {"under": 0.5442759987511714, "over": 0.45574365145282775, "metrics": {"loss": 3.1027886867523193, "acc": 0.6226415038108826, "AUC": 0.6016375422477722, "number_of_bets_tested": 106}}, "ans": 0}, "2020020754.0": {"pred": {"under": 0.5221932690785506, "over": 0.47798662522489194, "metrics": {"loss": 3.1027886867523193, "acc": 0.6226415038108826, "AUC": 0.6016375422477722, "number_of_bets_tested": 106}}, "ans": 0}, "2020020768.0": {"pred": {"under": 0.5221932690785506, "over": 0.47798662522489194, "metrics": {"loss": 3.1027886867523193, "acc": 0.6226415038108826, "AUC": 0.6016375422477722, "number_of_bets_tested": 106}}, "ans": 0}, "2020020784.0": {"pred": {"under": 0.5221932690785506, "over": 0.47798662522489194, "metrics": {"loss": 3.1027886867523193, "acc": 0.6226415038108826, "AUC": 0.6016375422477722, "number_of_bets_tested": 106}}, "ans": 1}, "2020020830.0": {"pred": {"under": 0.5221932690785506, "over": 0.47798662522489194, "metrics": {"loss": 3.1027886867523193, "acc": 0.6226415038108826, "AUC": 0.6016375422477722, "number_of_bets_tested": 106}}, "ans": 1}, "2020020838.0": {"pred": {"under": 0.5221932690785506, "over": 0.47798662522489194, "metrics": {"loss": 3.1027886867523193, "acc": 0.6226415038108826, "AUC": 0.6016375422477722, "number_of_bets_tested": 106}}, "ans": 0}}