{"2020020551.0": {"pred": {"under": 0.006219912044444266, "over": 0.9937800555084988, "metrics": {"loss": 0.655483067035675, "acc": 0.6578947305679321, "AUC": 0.6967912912368774, "number_of_bets_tested": 114}}, "ans": 0}, "2020020566.0": {"pred": {"under": 0.07512460716967614, "over": 0.9248491056758034, "metrics": {"loss": 0.655483067035675, "acc": 0.6578947305679321, "AUC": 0.6967912912368774, "number_of_bets_tested": 114}}, "ans": 1}, "2020020581.0": {"pred": {"under": 0.23557847130868187, "over": 0.7641336852055468, "metrics": {"loss": 0.655483067035675, "acc": 0.6578947305679321, "AUC": 0.6967912912368774, "number_of_bets_tested": 114}}, "ans": 1}, "2020020603.0": {"pred": {"under": 0.017777809085219764, "over": 0.9822217221789618, "metrics": {"loss": 0.655483067035675, "acc": 0.6578947305679321, "AUC": 0.6967912912368774, "number_of_bets_tested": 114}}, "ans": 1}, "2020020608.0": {"pred": {"under": 0.44263469832593444, "over": 0.5579099336704118, "metrics": {"loss": 0.655483067035675, "acc": 0.6578947305679321, "AUC": 0.6967912912368774, "number_of_bets_tested": 114}}, "ans": 0}, "2020020622.0": {"pred": {"under": 0.2227257591263359, "over": 0.7775226575602452, "metrics": {"loss": 0.655483067035675, "acc": 0.6578947305679321, "AUC": 0.6967912912368774, "number_of_bets_tested": 114}}, "ans": 0}, "2020020660.0": {"pred": {"under": 0.10570682117057856, "over": 0.8942457466518449, "metrics": {"loss": 0.655483067035675, "acc": 0.6578947305679321, "AUC": 0.6967912912368774, "number_of_bets_tested": 114}}, "ans": 1}, "2020020669.0": {"pred": {"under": 0.3903487414675638, "over": 0.6092013282562394, "metrics": {"loss": 0.655483067035675, "acc": 0.6578947305679321, "AUC": 0.6967912912368774, "number_of_bets_tested": 114}}, "ans": 0}, "2020020682.0": {"pred": {"under": 0.01182285173297187, "over": 0.9881769649348988, "metrics": {"loss": 0.655483067035675, "acc": 0.6578947305679321, "AUC": 0.6967912912368774, "number_of_bets_tested": 114}}, "ans": 0}, "2020020710.0": {"pred": {"under": 0.36155771503666084, "over": 0.6388211609686482, "metrics": {"loss": 0.655483067035675, "acc": 0.6578947305679321, "AUC": 0.6967912912368774, "number_of_bets_tested": 114}}, "ans": 1}, "2020020726.0": {"pred": {"under": 0.4207198365322504, "over": 0.5798406027404275, "metrics": {"loss": 0.655483067035675, "acc": 0.6578947305679321, "AUC": 0.6967912912368774, "number_of_bets_tested": 114}}, "ans": 0}, "2020020775.0": {"pred": {"under": 0.36552897189801226, "over": 0.6347420303897839, "metrics": {"loss": 0.655483067035675, "acc": 0.6578947305679321, "AUC": 0.6967912912368774, "number_of_bets_tested": 114}}, "ans": 0}, "2020020819.0": {"pred": {"under": 0.23765850596904656, "over": 0.7624252519210046, "metrics": {"loss": 0.655483067035675, "acc": 0.6578947305679321, "AUC": 0.6967912912368774, "number_of_bets_tested": 114}}, "ans": 0}, "2020020847.0": {"pred": {"under": 0.5401678667456474, "over": 0.4600366968976043, "metrics": {"loss": 0.655483067035675, "acc": 0.6578947305679321, "AUC": 0.6967912912368774, "number_of_bets_tested": 114}}, "ans": 1}, "2020020833.0": {"pred": {"under": 0.018071448618338298, "over": 0.9819280179505044, "metrics": {"loss": 0.655483067035675, "acc": 0.6578947305679321, "AUC": 0.6967912912368774, "number_of_bets_tested": 114}}, "ans": 1}, "2020030171.0": {"pred": {"under": 0.002889454651036662, "over": 0.9971105421190501, "metrics": {"loss": 0.655483067035675, "acc": 0.6578947305679321, "AUC": 0.6967912912368774, "number_of_bets_tested": 114}}, "ans": 1}, "2020030172.0": {"pred": {"under": 0.0016818650541074397, "over": 0.9983181342099245, "metrics": {"loss": 0.655483067035675, "acc": 0.6578947305679321, "AUC": 0.6967912912368774, "number_of_bets_tested": 114}}, "ans": 1}, "2020030173.0": {"pred": {"under": 0.0003795582401279481, "over": 0.9996204417500903, "metrics": {"loss": 0.655483067035675, "acc": 0.6578947305679321, "AUC": 0.6967912912368774, "number_of_bets_tested": 114}}, "ans": 1}}