{"2020020463.0": {"pred": {"under": 0.45137482578862503, "over": 0.5478121148455882, "metrics": {"loss": 0.9457389116287231, "acc": 0.4545454680919647, "AUC": 0.46892285346984863, "number_of_bets_tested": 121}}, "ans": 0}, "2020020479.0": {"pred": {"under": 0.41737759567852184, "over": 0.5823536265284114, "metrics": {"loss": 0.9457389116287231, "acc": 0.4545454680919647, "AUC": 0.46892285346984863, "number_of_bets_tested": 121}}, "ans": 1}, "2020020489.0": {"pred": {"under": 0.23651118942787053, "over": 0.7629046521602681, "metrics": {"loss": 0.9457389116287231, "acc": 0.4545454680919647, "AUC": 0.46892285346984863, "number_of_bets_tested": 121}}, "ans": 0}, "2020020697.0": {"pred": {"under": 0.4732390234974833, "over": 0.5255459389749304, "metrics": {"loss": 0.9457389116287231, "acc": 0.4545454680919647, "AUC": 0.46892285346984863, "number_of_bets_tested": 121}}, "ans": 0}, "2020020710.0": {"pred": {"under": 0.29006568206148314, "over": 0.7091884383715499, "metrics": {"loss": 0.9457389116287231, "acc": 0.4545454680919647, "AUC": 0.46892285346984863, "number_of_bets_tested": 121}}, "ans": 1}, "2020020737.0": {"pred": {"under": 0.416778370425196, "over": 0.5819765475890584, "metrics": {"loss": 0.9457389116287231, "acc": 0.4545454680919647, "AUC": 0.46892285346984863, "number_of_bets_tested": 121}}, "ans": 1}, "2020020759.0": {"pred": {"under": 0.41737759567852184, "over": 0.5823536265284114, "metrics": {"loss": 0.9457389116287231, "acc": 0.4545454680919647, "AUC": 0.46892285346984863, "number_of_bets_tested": 121}}, "ans": 1}, "2020020776.0": {"pred": {"under": 0.43935003170009895, "over": 0.5599428238328541, "metrics": {"loss": 0.9457389116287231, "acc": 0.4545454680919647, "AUC": 0.46892285346984863, "number_of_bets_tested": 121}}, "ans": 0}, "2020020792.0": {"pred": {"under": 0.43166035623796856, "over": 0.5670889234896559, "metrics": {"loss": 0.9457389116287231, "acc": 0.4545454680919647, "AUC": 0.46892285346984863, "number_of_bets_tested": 121}}, "ans": 1}, "2020020829.0": {"pred": {"under": 0.1755889553106665, "over": 0.8244317132218714, "metrics": {"loss": 0.9457389116287231, "acc": 0.4545454680919647, "AUC": 0.46892285346984863, "number_of_bets_tested": 121}}, "ans": 0}, "2020020844.0": {"pred": {"under": 0.1913059789322094, "over": 0.8084631722054786, "metrics": {"loss": 0.9457389116287231, "acc": 0.4545454680919647, "AUC": 0.46892285346984863, "number_of_bets_tested": 121}}, "ans": 1}, "2020020593.0": {"pred": {"under": 0.2995961733658726, "over": 0.6997248176289153, "metrics": {"loss": 0.9457389116287231, "acc": 0.4545454680919647, "AUC": 0.46892285346984863, "number_of_bets_tested": 121}}, "ans": 1}, "2020020864.0": {"pred": {"under": 0.9960639333102671, "over": 0.003936085699464315, "metrics": {"loss": 0.9457389116287231, "acc": 0.4545454680919647, "AUC": 0.46892285346984863, "number_of_bets_tested": 121}}, "ans": 1}, "2020020634.0": {"pred": {"under": 0.3412263302496546, "over": 0.6592382030426374, "metrics": {"loss": 0.9457389116287231, "acc": 0.4545454680919647, "AUC": 0.46892285346984863, "number_of_bets_tested": 121}}, "ans": 1}}