{"2020020465.0": {"pred": {"under": 0.8421673369371084, "over": 0.15844722962274566, "metrics": {"loss": 1.0623908042907715, "acc": 0.5728155374526978, "AUC": 0.5518427491188049, "number_of_bets_tested": 103}}, "ans": 1}, "2020020480.0": {"pred": {"under": 0.5358354990386826, "over": 0.4637066942670135, "metrics": {"loss": 1.0623908042907715, "acc": 0.5728155374526978, "AUC": 0.5518427491188049, "number_of_bets_tested": 103}}, "ans": 0}, "2020020490.0": {"pred": {"under": 0.7214469610269993, "over": 0.2796772407208904, "metrics": {"loss": 1.0623908042907715, "acc": 0.5728155374526978, "AUC": 0.5518427491188049, "number_of_bets_tested": 103}}, "ans": 0}, "2020020499.0": {"pred": {"under": 0.9660710605821644, "over": 0.03393770311247894, "metrics": {"loss": 1.0623908042907715, "acc": 0.5728155374526978, "AUC": 0.5518427491188049, "number_of_bets_tested": 103}}, "ans": 1}, "2020020511.0": {"pred": {"under": 0.9889461665005187, "over": 0.011054226671807983, "metrics": {"loss": 1.0623908042907715, "acc": 0.5728155374526978, "AUC": 0.5518427491188049, "number_of_bets_tested": 103}}, "ans": 1}, "2020020527.0": {"pred": {"under": 0.9831708696665968, "over": 0.016830591327474574, "metrics": {"loss": 1.0623908042907715, "acc": 0.5728155374526978, "AUC": 0.5518427491188049, "number_of_bets_tested": 103}}, "ans": 0}, "2020020537.0": {"pred": {"under": 0.5133587292003662, "over": 0.4860537906758367, "metrics": {"loss": 1.0623908042907715, "acc": 0.5728155374526978, "AUC": 0.5518427491188049, "number_of_bets_tested": 103}}, "ans": 0}, "2020020552.0": {"pred": {"under": 0.9730467587989705, "over": 0.026958050135688708, "metrics": {"loss": 1.0623908042907715, "acc": 0.5728155374526978, "AUC": 0.5518427491188049, "number_of_bets_tested": 103}}, "ans": 1}, "2020020582.0": {"pred": {"under": 0.9583269139230423, "over": 0.04168760254628159, "metrics": {"loss": 1.0623908042907715, "acc": 0.5728155374526978, "AUC": 0.5518427491188049, "number_of_bets_tested": 103}}, "ans": 0}, "2020020603.0": {"pred": {"under": 0.8058703750080292, "over": 0.19458750328787994, "metrics": {"loss": 1.0623908042907715, "acc": 0.5728155374526978, "AUC": 0.5518427491188049, "number_of_bets_tested": 103}}, "ans": 0}, "2020020608.0": {"pred": {"under": 0.9984892172400479, "over": 0.0015107846064452654, "metrics": {"loss": 1.0623908042907715, "acc": 0.5728155374526978, "AUC": 0.5518427491188049, "number_of_bets_tested": 103}}, "ans": 0}, "2020020849.0": {"pred": {"under": 0.9973409445217158, "over": 0.002659066984460919, "metrics": {"loss": 1.0623908042907715, "acc": 0.5728155374526978, "AUC": 0.5518427491188049, "number_of_bets_tested": 103}}, "ans": 0}, "2020020669.0": {"pred": {"under": 0.9906226317764443, "over": 0.0093776492951927, "metrics": {"loss": 1.0623908042907715, "acc": 0.5728155374526978, "AUC": 0.5518427491188049, "number_of_bets_tested": 103}}, "ans": 0}, "2020020671.0": {"pred": {"under": 0.9913925848781207, "over": 0.008607637908362071, "metrics": {"loss": 1.0623908042907715, "acc": 0.5728155374526978, "AUC": 0.5518427491188049, "number_of_bets_tested": 103}}, "ans": 0}, "2020020686.0": {"pred": {"under": 0.8804450257702607, "over": 0.11984673396816763, "metrics": {"loss": 1.0623908042907715, "acc": 0.5728155374526978, "AUC": 0.5518427491188049, "number_of_bets_tested": 103}}, "ans": 1}, "2020020708.0": {"pred": {"under": 0.9986521838264695, "over": 0.0013478172448397666, "metrics": {"loss": 1.0623908042907715, "acc": 0.5728155374526978, "AUC": 0.5518427491188049, "number_of_bets_tested": 103}}, "ans": 0}, "2020020736.0": {"pred": {"under": 0.9997988631714364, "over": 0.0002011368342186852, "metrics": {"loss": 1.0623908042907715, "acc": 0.5728155374526978, "AUC": 0.5518427491188049, "number_of_bets_tested": 103}}, "ans": 0}, "2020020761.0": {"pred": {"under": 0.4449186572449721, "over": 0.5553681317268225, "metrics": {"loss": 1.0623908042907715, "acc": 0.5728155374526978, "AUC": 0.5518427491188049, "number_of_bets_tested": 103}}, "ans": 0}, "2020020789.0": {"pred": {"under": 0.7048382940798332, "over": 0.29489703006965795, "metrics": {"loss": 1.0623908042907715, "acc": 0.5728155374526978, "AUC": 0.5518427491188049, "number_of_bets_tested": 103}}, "ans": 0}, "2020020834.0": {"pred": {"under": 0.3349143411816043, "over": 0.6665442164054995, "metrics": {"loss": 1.0623908042907715, "acc": 0.5728155374526978, "AUC": 0.5518427491188049, "number_of_bets_tested": 103}}, "ans": 1}, "2020020720.0": {"pred": {"under": 0.754542960057604, "over": 0.24580954586520354, "metrics": {"loss": 1.0623908042907715, "acc": 0.5728155374526978, "AUC": 0.5518427491188049, "number_of_bets_tested": 103}}, "ans": 0}, "2020020864.0": {"pred": {"under": 0.4093860620825477, "over": 0.5907413318776328, "metrics": {"loss": 1.0623908042907715, "acc": 0.5728155374526978, "AUC": 0.5518427491188049, "number_of_bets_tested": 103}}, "ans": 1}, "2020020634.0": {"pred": {"under": 0.519429228081064, "over": 0.4805303067861285, "metrics": {"loss": 1.0623908042907715, "acc": 0.5728155374526978, "AUC": 0.5518427491188049, "number_of_bets_tested": 103}}, "ans": 0}}