{"2020020558.0": {"pred": {"under": 0.49244973126842445, "over": 0.5074906003725658, "metrics": {"loss": 1.130936622619629, "acc": 0.4146341383457184, "AUC": 0.3807918131351471, "number_of_bets_tested": 123}}, "ans": 1}, "2020020580.0": {"pred": {"under": 0.06320623263199773, "over": 0.9367877247488154, "metrics": {"loss": 1.130936622619629, "acc": 0.4146341383457184, "AUC": 0.3807918131351471, "number_of_bets_tested": 123}}, "ans": 1}, "2020020612.0": {"pred": {"under": 0.518703559213322, "over": 0.48123329175063534, "metrics": {"loss": 1.130936622619629, "acc": 0.4146341383457184, "AUC": 0.3807918131351471, "number_of_bets_tested": 123}}, "ans": 1}, "2020020628.0": {"pred": {"under": 0.35445031917094816, "over": 0.6448154669560449, "metrics": {"loss": 1.130936622619629, "acc": 0.4146341383457184, "AUC": 0.3807918131351471, "number_of_bets_tested": 123}}, "ans": 1}, "2020020229.0": {"pred": {"under": 0.37486796777717113, "over": 0.625725522507749, "metrics": {"loss": 1.130936622619629, "acc": 0.4146341383457184, "AUC": 0.3807918131351471, "number_of_bets_tested": 123}}, "ans": 0}, "2020020202.0": {"pred": {"under": 0.6983238158022632, "over": 0.3029906047499619, "metrics": {"loss": 1.130936622619629, "acc": 0.4146341383457184, "AUC": 0.3807918131351471, "number_of_bets_tested": 123}}, "ans": 1}, "2020020677.0": {"pred": {"under": 0.5862181572898165, "over": 0.4154800596318303, "metrics": {"loss": 1.130936622619629, "acc": 0.4146341383457184, "AUC": 0.3807918131351471, "number_of_bets_tested": 123}}, "ans": 0}, "2020020692.0": {"pred": {"under": 0.07617216091064569, "over": 0.9237946177283778, "metrics": {"loss": 1.130936622619629, "acc": 0.4146341383457184, "AUC": 0.3807918131351471, "number_of_bets_tested": 123}}, "ans": 1}, "2020020447.0": {"pred": {"under": 0.32414489771512345, "over": 0.6762921631784313, "metrics": {"loss": 1.130936622619629, "acc": 0.4146341383457184, "AUC": 0.3807918131351471, "number_of_bets_tested": 123}}, "ans": 1}, "2020020785.0": {"pred": {"under": 0.7084945196512269, "over": 0.2914535038546775, "metrics": {"loss": 1.130936622619629, "acc": 0.4146341383457184, "AUC": 0.3807918131351471, "number_of_bets_tested": 123}}, "ans": 1}, "2020030125.0": {"pred": {"under": 0.025932925450058632, "over": 0.9740567453331522, "metrics": {"loss": 1.130936622619629, "acc": 0.4146341383457184, "AUC": 0.3807918131351471, "number_of_bets_tested": 123}}, "ans": 1}}