{"2020020472.0": {"pred": {"under": 0.17746623157748928, "over": 0.8227876164444419, "metrics": {"loss": 0.9346213340759277, "acc": 0.6637167930603027, "AUC": 0.680985152721405, "number_of_bets_tested": 113}}, "ans": 1}, "2020020487.0": {"pred": {"under": 0.43675741329904255, "over": 0.5625388070731594, "metrics": {"loss": 0.9346213340759277, "acc": 0.6637167930603027, "AUC": 0.680985152721405, "number_of_bets_tested": 113}}, "ans": 1}, "2020020828.0": {"pred": {"under": 0.39893765249724084, "over": 0.6011694322422926, "metrics": {"loss": 0.9346213340759277, "acc": 0.6637167930603027, "AUC": 0.680985152721405, "number_of_bets_tested": 113}}, "ans": 1}, "2020020670.0": {"pred": {"under": 0.27530574605814023, "over": 0.7248059496909018, "metrics": {"loss": 0.9346213340759277, "acc": 0.6637167930603027, "AUC": 0.680985152721405, "number_of_bets_tested": 113}}, "ans": 1}}