{"2020020487.0": {"pred": {"under": 0.8087859911844208, "over": 0.19067697166309538, "metrics": {"loss": 0.875913679599762, "acc": 0.44736841320991516, "AUC": 0.4487149715423584, "number_of_bets_tested": 114}}, "ans": 1}, "2020020828.0": {"pred": {"under": 0.9926294733484033, "over": 0.007370485604688876, "metrics": {"loss": 0.875913679599762, "acc": 0.44736841320991516, "AUC": 0.4487149715423584, "number_of_bets_tested": 114}}, "ans": 0}, "2020020505.0": {"pred": {"under": 0.8339249801987991, "over": 0.16630029679203076, "metrics": {"loss": 0.875913679599762, "acc": 0.44736841320991516, "AUC": 0.4487149715423584, "number_of_bets_tested": 114}}, "ans": 1}, "2020020519.0": {"pred": {"under": 0.9845846686751557, "over": 0.01541403126852783, "metrics": {"loss": 0.875913679599762, "acc": 0.44736841320991516, "AUC": 0.4487149715423584, "number_of_bets_tested": 114}}, "ans": 1}, "2020020538.0": {"pred": {"under": 0.9934686442959934, "over": 0.006531126100684669, "metrics": {"loss": 0.875913679599762, "acc": 0.44736841320991516, "AUC": 0.4487149715423584, "number_of_bets_tested": 114}}, "ans": 0}, "2020020547.0": {"pred": {"under": 0.8981716748443256, "over": 0.10163464884644284, "metrics": {"loss": 0.875913679599762, "acc": 0.44736841320991516, "AUC": 0.4487149715423584, "number_of_bets_tested": 114}}, "ans": 1}, "2020020560.0": {"pred": {"under": 0.877706627429582, "over": 0.1219808802713828, "metrics": {"loss": 0.875913679599762, "acc": 0.44736841320991516, "AUC": 0.4487149715423584, "number_of_bets_tested": 114}}, "ans": 0}, "2020020575.0": {"pred": {"under": 0.9439748273229348, "over": 0.05596373999334269, "metrics": {"loss": 0.875913679599762, "acc": 0.44736841320991516, "AUC": 0.4487149715423584, "number_of_bets_tested": 114}}, "ans": 1}, "2020020600.0": {"pred": {"under": 0.6619917684774795, "over": 0.3382964949707837, "metrics": {"loss": 0.875913679599762, "acc": 0.44736841320991516, "AUC": 0.4487149715423584, "number_of_bets_tested": 114}}, "ans": 0}, "2020020615.0": {"pred": {"under": 0.9670690678683211, "over": 0.032922160074317565, "metrics": {"loss": 0.875913679599762, "acc": 0.44736841320991516, "AUC": 0.4487149715423584, "number_of_bets_tested": 114}}, "ans": 0}, "2020020629.0": {"pred": {"under": 0.9018798296215258, "over": 0.09793915213436656, "metrics": {"loss": 0.875913679599762, "acc": 0.44736841320991516, "AUC": 0.4487149715423584, "number_of_bets_tested": 114}}, "ans": 0}, "2020020670.0": {"pred": {"under": 0.6816712745245146, "over": 0.3178414063116734, "metrics": {"loss": 0.875913679599762, "acc": 0.44736841320991516, "AUC": 0.4487149715423584, "number_of_bets_tested": 114}}, "ans": 1}, "2020020679.0": {"pred": {"under": 0.5149590557066941, "over": 0.48516136429325657, "metrics": {"loss": 0.875913679599762, "acc": 0.44736841320991516, "AUC": 0.4487149715423584, "number_of_bets_tested": 114}}, "ans": 0}, "2020020694.0": {"pred": {"under": 0.593608269356864, "over": 0.4067378551709184, "metrics": {"loss": 0.875913679599762, "acc": 0.44736841320991516, "AUC": 0.4487149715423584, "number_of_bets_tested": 114}}, "ans": 0}, "2020020707.0": {"pred": {"under": 0.6960289324891163, "over": 0.30439833115363757, "metrics": {"loss": 0.875913679599762, "acc": 0.44736841320991516, "AUC": 0.4487149715423584, "number_of_bets_tested": 114}}, "ans": 0}, "2020020719.0": {"pred": {"under": 0.5839736997473204, "over": 0.41586171939210276, "metrics": {"loss": 0.875913679599762, "acc": 0.44736841320991516, "AUC": 0.4487149715423584, "number_of_bets_tested": 114}}, "ans": 1}, "2020020732.0": {"pred": {"under": 0.5149590557066941, "over": 0.48516136429325657, "metrics": {"loss": 0.875913679599762, "acc": 0.44736841320991516, "AUC": 0.4487149715423584, "number_of_bets_tested": 114}}, "ans": 1}, "2020020758.0": {"pred": {"under": 0.5421720492713571, "over": 0.45792829355608833, "metrics": {"loss": 0.875913679599762, "acc": 0.44736841320991516, "AUC": 0.4487149715423584, "number_of_bets_tested": 114}}, "ans": 0}, "2020020773.0": {"pred": {"under": 0.5149590557066941, "over": 0.48516136429325657, "metrics": {"loss": 0.875913679599762, "acc": 0.44736841320991516, "AUC": 0.4487149715423584, "number_of_bets_tested": 114}}, "ans": 1}, "2020020787.0": {"pred": {"under": 0.9835340269894332, "over": 0.01646672085564368, "metrics": {"loss": 0.875913679599762, "acc": 0.44736841320991516, "AUC": 0.4487149715423584, "number_of_bets_tested": 114}}, "ans": 1}, "2020020020.0": {"pred": {"under": 0.7277254118291251, "over": 0.27145092885669925, "metrics": {"loss": 0.875913679599762, "acc": 0.44736841320991516, "AUC": 0.4487149715423584, "number_of_bets_tested": 114}}, "ans": 0}, "2020030142.0": {"pred": {"under": 0.6774184907056068, "over": 0.32282928383377685, "metrics": {"loss": 0.875913679599762, "acc": 0.44736841320991516, "AUC": 0.4487149715423584, "number_of_bets_tested": 114}}, "ans": 0}, "2020030143.0": {"pred": {"under": 0.8022813572913728, "over": 0.19728385746180807, "metrics": {"loss": 0.875913679599762, "acc": 0.44736841320991516, "AUC": 0.4487149715423584, "number_of_bets_tested": 114}}, "ans": 0}, "2020030145.0": {"pred": {"under": 0.5149590557066941, "over": 0.48516136429325657, "metrics": {"loss": 0.875913679599762, "acc": 0.44736841320991516, "AUC": 0.4487149715423584, "number_of_bets_tested": 114}}, "ans": 1}}