{"2020030142.0": {"pred": {"under": 0.9980950220662267, "over": 0.0019049756316883374, "metrics": {"loss": 1.0423007011413574, "acc": 0.5249999761581421, "AUC": 0.5199999809265137, "number_of_bets_tested": 120}}, "ans": 0}, "2020030143.0": {"pred": {"under": 0.4230371891405148, "over": 0.5756533152175124, "metrics": {"loss": 1.0423007011413574, "acc": 0.5249999761581421, "AUC": 0.5199999809265137, "number_of_bets_tested": 120}}, "ans": 0}, "2020030145.0": {"pred": {"under": 0.15197575342702532, "over": 0.8478192582825189, "metrics": {"loss": 1.0423007011413574, "acc": 0.5249999761581421, "AUC": 0.5199999809265137, "number_of_bets_tested": 120}}, "ans": 1}}