{"2020020786.0": {"pred": {"under": 0.3161664048096604, "over": 0.6840725911922689, "metrics": {"loss": 0.8755897283554077, "acc": 0.6597937941551208, "AUC": 0.6801467537879944, "number_of_bets_tested": 97}}, "ans": 1}}