{"2020020559.0": {"pred": {"under": 0.3472662164179808, "over": 0.6533315283194348, "metrics": {"loss": 1.0110185146331787, "acc": 0.6060606241226196, "AUC": 0.635560154914856, "number_of_bets_tested": 66}}, "ans": 1}, "2020020574.0": {"pred": {"under": 0.22197069077888365, "over": 0.7788288008451189, "metrics": {"loss": 1.0110185146331787, "acc": 0.6060606241226196, "AUC": 0.635560154914856, "number_of_bets_tested": 66}}, "ans": 0}, "2020020644.0": {"pred": {"under": 0.3414231272504031, "over": 0.659521545291547, "metrics": {"loss": 1.0110185146331787, "acc": 0.6060606241226196, "AUC": 0.635560154914856, "number_of_bets_tested": 66}}, "ans": 1}, "2020020659.0": {"pred": {"under": 0.38984165223285105, "over": 0.6102876643072093, "metrics": {"loss": 1.0110185146331787, "acc": 0.6060606241226196, "AUC": 0.635560154914856, "number_of_bets_tested": 66}}, "ans": 1}, "2020020679.0": {"pred": {"under": 0.08119906183154002, "over": 0.9188453369127608, "metrics": {"loss": 1.0110185146331787, "acc": 0.6060606241226196, "AUC": 0.635560154914856, "number_of_bets_tested": 66}}, "ans": 1}, "2020020694.0": {"pred": {"under": 0.30554257001080615, "over": 0.6946885004370568, "metrics": {"loss": 1.0110185146331787, "acc": 0.6060606241226196, "AUC": 0.635560154914856, "number_of_bets_tested": 66}}, "ans": 0}, "2020020706.0": {"pred": {"under": 0.10686860398993074, "over": 0.8932399980734734, "metrics": {"loss": 1.0110185146331787, "acc": 0.6060606241226196, "AUC": 0.635560154914856, "number_of_bets_tested": 66}}, "ans": 1}, "2020020718.0": {"pred": {"under": 0.3463751197913512, "over": 0.6538070975814542, "metrics": {"loss": 1.0110185146331787, "acc": 0.6060606241226196, "AUC": 0.635560154914856, "number_of_bets_tested": 66}}, "ans": 0}, "2020020731.0": {"pred": {"under": 0.43608195237984027, "over": 0.5635232266637021, "metrics": {"loss": 1.0110185146331787, "acc": 0.6060606241226196, "AUC": 0.635560154914856, "number_of_bets_tested": 66}}, "ans": 0}, "2020020756.0": {"pred": {"under": 0.2760817471995599, "over": 0.7250400388597886, "metrics": {"loss": 1.0110185146331787, "acc": 0.6060606241226196, "AUC": 0.635560154914856, "number_of_bets_tested": 66}}, "ans": 1}, "2020020772.0": {"pred": {"under": 0.24110782521750607, "over": 0.759676682337855, "metrics": {"loss": 1.0110185146331787, "acc": 0.6060606241226196, "AUC": 0.635560154914856, "number_of_bets_tested": 66}}, "ans": 1}, "2020020347.0": {"pred": {"under": 0.9415281066572866, "over": 0.05850192202294768, "metrics": {"loss": 1.0110185146331787, "acc": 0.6060606241226196, "AUC": 0.635560154914856, "number_of_bets_tested": 66}}, "ans": 0}, "2020020811.0": {"pred": {"under": 0.21181567609604243, "over": 0.7884938943885859, "metrics": {"loss": 1.0110185146331787, "acc": 0.6060606241226196, "AUC": 0.635560154914856, "number_of_bets_tested": 66}}, "ans": 1}, "2020020033.0": {"pred": {"under": 0.15194776956528191, "over": 0.8485364150261009, "metrics": {"loss": 1.0110185146331787, "acc": 0.6060606241226196, "AUC": 0.635560154914856, "number_of_bets_tested": 66}}, "ans": 0}, "2020020048.0": {"pred": {"under": 0.3085733196953175, "over": 0.6922699052592035, "metrics": {"loss": 1.0110185146331787, "acc": 0.6060606241226196, "AUC": 0.635560154914856, "number_of_bets_tested": 66}}, "ans": 0}, "2020030142.0": {"pred": {"under": 0.7048091256758859, "over": 0.2956662227002114, "metrics": {"loss": 1.0110185146331787, "acc": 0.6060606241226196, "AUC": 0.635560154914856, "number_of_bets_tested": 66}}, "ans": 1}}