{"2020020460.0": {"pred": {"under": 0.3803972252555672, "over": 0.6192415945928345, "metrics": {"loss": 1.0099562406539917, "acc": 0.43089431524276733, "AUC": 0.4195254147052765, "number_of_bets_tested": 123}}, "ans": 1}, "2020020470.0": {"pred": {"under": 0.9256545398676144, "over": 0.07436825759257787, "metrics": {"loss": 1.0099562406539917, "acc": 0.43089431524276733, "AUC": 0.4195254147052765, "number_of_bets_tested": 123}}, "ans": 1}, "2020020485.0": {"pred": {"under": 0.8554591241212813, "over": 0.14480225493406693, "metrics": {"loss": 1.0099562406539917, "acc": 0.43089431524276733, "AUC": 0.4195254147052765, "number_of_bets_tested": 123}}, "ans": 0}, "2020020497.0": {"pred": {"under": 0.3803972252555672, "over": 0.6192415945928345, "metrics": {"loss": 1.0099562406539917, "acc": 0.43089431524276733, "AUC": 0.4195254147052765, "number_of_bets_tested": 123}}, "ans": 0}, "2020020518.0": {"pred": {"under": 0.3803972252555672, "over": 0.6192415945928345, "metrics": {"loss": 1.0099562406539917, "acc": 0.43089431524276733, "AUC": 0.4195254147052765, "number_of_bets_tested": 123}}, "ans": 1}, "2020020531.0": {"pred": {"under": 0.3858676096065536, "over": 0.6140080553134727, "metrics": {"loss": 1.0099562406539917, "acc": 0.43089431524276733, "AUC": 0.4195254147052765, "number_of_bets_tested": 123}}, "ans": 1}, "2020020562.0": {"pred": {"under": 0.3803972252555672, "over": 0.6192415945928345, "metrics": {"loss": 1.0099562406539917, "acc": 0.43089431524276733, "AUC": 0.4195254147052765, "number_of_bets_tested": 123}}, "ans": 0}, "2020020576.0": {"pred": {"under": 0.3803972252555672, "over": 0.6192415945928345, "metrics": {"loss": 1.0099562406539917, "acc": 0.43089431524276733, "AUC": 0.4195254147052765, "number_of_bets_tested": 123}}, "ans": 1}, "2020020598.0": {"pred": {"under": 0.8026545699118027, "over": 0.19799089271251025, "metrics": {"loss": 1.0099562406539917, "acc": 0.43089431524276733, "AUC": 0.4195254147052765, "number_of_bets_tested": 123}}, "ans": 1}, "2020020615.0": {"pred": {"under": 0.528788513541293, "over": 0.4734975698973124, "metrics": {"loss": 1.0099562406539917, "acc": 0.43089431524276733, "AUC": 0.4195254147052765, "number_of_bets_tested": 123}}, "ans": 1}, "2020020629.0": {"pred": {"under": 0.3803972252555672, "over": 0.6192415945928345, "metrics": {"loss": 1.0099562406539917, "acc": 0.43089431524276733, "AUC": 0.4195254147052765, "number_of_bets_tested": 123}}, "ans": 0}, "2020020642.0": {"pred": {"under": 0.3803972252555672, "over": 0.6192415945928345, "metrics": {"loss": 1.0099562406539917, "acc": 0.43089431524276733, "AUC": 0.4195254147052765, "number_of_bets_tested": 123}}, "ans": 1}, "2020020657.0": {"pred": {"under": 0.44158834668350333, "over": 0.5610455571830364, "metrics": {"loss": 1.0099562406539917, "acc": 0.43089431524276733, "AUC": 0.4195254147052765, "number_of_bets_tested": 123}}, "ans": 1}, "2020020678.0": {"pred": {"under": 0.45752922129335216, "over": 0.5445066294400526, "metrics": {"loss": 1.0099562406539917, "acc": 0.43089431524276733, "AUC": 0.4195254147052765, "number_of_bets_tested": 123}}, "ans": 1}, "2020020693.0": {"pred": {"under": 0.4152450028959032, "over": 0.5853846283009465, "metrics": {"loss": 1.0099562406539917, "acc": 0.43089431524276733, "AUC": 0.4195254147052765, "number_of_bets_tested": 123}}, "ans": 0}, "2020020706.0": {"pred": {"under": 0.3803972252555672, "over": 0.6192415945928345, "metrics": {"loss": 1.0099562406539917, "acc": 0.43089431524276733, "AUC": 0.4195254147052765, "number_of_bets_tested": 123}}, "ans": 1}, "2020020718.0": {"pred": {"under": 0.04036581659926244, "over": 0.9596387173864258, "metrics": {"loss": 1.0099562406539917, "acc": 0.43089431524276733, "AUC": 0.4195254147052765, "number_of_bets_tested": 123}}, "ans": 1}, "2020020732.0": {"pred": {"under": 0.39696341463994017, "over": 0.6034150681519875, "metrics": {"loss": 1.0099562406539917, "acc": 0.43089431524276733, "AUC": 0.4195254147052765, "number_of_bets_tested": 123}}, "ans": 0}, "2020020763.0": {"pred": {"under": 0.1387679734380508, "over": 0.8615067782678231, "metrics": {"loss": 1.0099562406539917, "acc": 0.43089431524276733, "AUC": 0.4195254147052765, "number_of_bets_tested": 123}}, "ans": 1}, "2020020774.0": {"pred": {"under": 0.0459612092464023, "over": 0.9540497121967222, "metrics": {"loss": 1.0099562406539917, "acc": 0.43089431524276733, "AUC": 0.4195254147052765, "number_of_bets_tested": 123}}, "ans": 1}, "2020020786.0": {"pred": {"under": 0.4060868510937911, "over": 0.5947072598733498, "metrics": {"loss": 1.0099562406539917, "acc": 0.43089431524276733, "AUC": 0.4195254147052765, "number_of_bets_tested": 123}}, "ans": 0}, "2020020816.0": {"pred": {"under": 0.5084069012625664, "over": 0.49160100032346726, "metrics": {"loss": 1.0099562406539917, "acc": 0.43089431524276733, "AUC": 0.4195254147052765, "number_of_bets_tested": 123}}, "ans": 1}, "2020020827.0": {"pred": {"under": 0.3803972252555672, "over": 0.6192415945928345, "metrics": {"loss": 1.0099562406539917, "acc": 0.43089431524276733, "AUC": 0.4195254147052765, "number_of_bets_tested": 123}}, "ans": 0}, "2020020280.0": {"pred": {"under": 0.38846519224698406, "over": 0.6115255644124918, "metrics": {"loss": 1.0099562406539917, "acc": 0.43089431524276733, "AUC": 0.4195254147052765, "number_of_bets_tested": 123}}, "ans": 1}, "2020030131.0": {"pred": {"under": 0.43661408722855044, "over": 0.5661252738197045, "metrics": {"loss": 1.0099562406539917, "acc": 0.43089431524276733, "AUC": 0.4195254147052765, "number_of_bets_tested": 123}}, "ans": 1}, "2020030132.0": {"pred": {"under": 0.3803972252555672, "over": 0.6192415945928345, "metrics": {"loss": 1.0099562406539917, "acc": 0.43089431524276733, "AUC": 0.4195254147052765, "number_of_bets_tested": 123}}, "ans": 1}, "2020030133.0": {"pred": {"under": 0.3803972252555672, "over": 0.6192415945928345, "metrics": {"loss": 1.0099562406539917, "acc": 0.43089431524276733, "AUC": 0.4195254147052765, "number_of_bets_tested": 123}}, "ans": 1}, "2020030134.0": {"pred": {"under": 0.38820034101187056, "over": 0.6121498090092993, "metrics": {"loss": 1.0099562406539917, "acc": 0.43089431524276733, "AUC": 0.4195254147052765, "number_of_bets_tested": 123}}, "ans": 1}}