{"2020020495.0": {"pred": {"under": 0.717724509564427, "over": 0.28305281971491064, "metrics": {"loss": 1.4694470167160034, "acc": 0.6185566782951355, "AUC": 0.6722286939620972, "number_of_bets_tested": 97}}, "ans": 0}, "2020020569.0": {"pred": {"under": 0.9536873586515467, "over": 0.04633618832099215, "metrics": {"loss": 1.4694470167160034, "acc": 0.6185566782951355, "AUC": 0.6722286939620972, "number_of_bets_tested": 97}}, "ans": 1}, "2020020620.0": {"pred": {"under": 0.7438994790075398, "over": 0.25722643354088703, "metrics": {"loss": 1.4694470167160034, "acc": 0.6185566782951355, "AUC": 0.6722286939620972, "number_of_bets_tested": 97}}, "ans": 0}, "2020020663.0": {"pred": {"under": 0.967020996623369, "over": 0.0329891237666495, "metrics": {"loss": 1.4694470167160034, "acc": 0.6185566782951355, "AUC": 0.6722286939620972, "number_of_bets_tested": 97}}, "ans": 1}, "2020020674.0": {"pred": {"under": 0.7620951627803555, "over": 0.23874073462405415, "metrics": {"loss": 1.4694470167160034, "acc": 0.6185566782951355, "AUC": 0.6722286939620972, "number_of_bets_tested": 97}}, "ans": 0}, "2020020705.0": {"pred": {"under": 0.612535284731755, "over": 0.38834204718864435, "metrics": {"loss": 1.4694470167160034, "acc": 0.6185566782951355, "AUC": 0.6722286939620972, "number_of_bets_tested": 97}}, "ans": 0}, "2020020779.0": {"pred": {"under": 0.9987392318725895, "over": 0.0012607685047912537, "metrics": {"loss": 1.4694470167160034, "acc": 0.6185566782951355, "AUC": 0.6722286939620972, "number_of_bets_tested": 97}}, "ans": 0}, "2020020851.0": {"pred": {"under": 0.6115993235817744, "over": 0.3893837538136899, "metrics": {"loss": 1.4694470167160034, "acc": 0.6185566782951355, "AUC": 0.6722286939620972, "number_of_bets_tested": 97}}, "ans": 0}, "2020020162.0": {"pred": {"under": 0.9741991068575712, "over": 0.025798824787286786, "metrics": {"loss": 1.4694470167160034, "acc": 0.6185566782951355, "AUC": 0.6722286939620972, "number_of_bets_tested": 97}}, "ans": 1}, "2020030162.0": {"pred": {"under": 0.9963112424581204, "over": 0.0036887656297304857, "metrics": {"loss": 1.4694470167160034, "acc": 0.6185566782951355, "AUC": 0.6722286939620972, "number_of_bets_tested": 97}}, "ans": 0}, "2020030163.0": {"pred": {"under": 0.975376171965409, "over": 0.02461753717298827, "metrics": {"loss": 1.4694470167160034, "acc": 0.6185566782951355, "AUC": 0.6722286939620972, "number_of_bets_tested": 97}}, "ans": 0}, "2020030164.0": {"pred": {"under": 0.5454605315108676, "over": 0.4545717771964677, "metrics": {"loss": 1.4694470167160034, "acc": 0.6185566782951355, "AUC": 0.6722286939620972, "number_of_bets_tested": 97}}, "ans": 0}, "2020030165.0": {"pred": {"under": 0.8707097843229589, "over": 0.12930691774607658, "metrics": {"loss": 1.4694470167160034, "acc": 0.6185566782951355, "AUC": 0.6722286939620972, "number_of_bets_tested": 97}}, "ans": 0}}