{"2020020466.0": {"pred": {"under": 0.3194686021379299, "over": 0.6804123464209308, "metrics": {"loss": 1.1225214004516602, "acc": 0.6117647290229797, "AUC": 0.6298961043357849, "number_of_bets_tested": 85}}, "ans": 0}, "2020020481.0": {"pred": {"under": 0.3430395709599548, "over": 0.6570998563024154, "metrics": {"loss": 1.1225214004516602, "acc": 0.6117647290229797, "AUC": 0.6298961043357849, "number_of_bets_tested": 85}}, "ans": 1}, "2020020495.0": {"pred": {"under": 0.3194686021379299, "over": 0.6804123464209308, "metrics": {"loss": 1.1225214004516602, "acc": 0.6117647290229797, "AUC": 0.6298961043357849, "number_of_bets_tested": 85}}, "ans": 1}, "2020020122.0": {"pred": {"under": 0.8547148047742898, "over": 0.14639812049168915, "metrics": {"loss": 1.1225214004516602, "acc": 0.6117647290229797, "AUC": 0.6298961043357849, "number_of_bets_tested": 85}}, "ans": 1}, "2020020523.0": {"pred": {"under": 0.4468568954824408, "over": 0.5539017252284711, "metrics": {"loss": 1.1225214004516602, "acc": 0.6117647290229797, "AUC": 0.6298961043357849, "number_of_bets_tested": 85}}, "ans": 0}, "2020020554.0": {"pred": {"under": 0.2761455228725073, "over": 0.7236195461828332, "metrics": {"loss": 1.1225214004516602, "acc": 0.6117647290229797, "AUC": 0.6298961043357849, "number_of_bets_tested": 85}}, "ans": 0}, "2020020569.0": {"pred": {"under": 0.24826399756993497, "over": 0.7514642855314175, "metrics": {"loss": 1.1225214004516602, "acc": 0.6117647290229797, "AUC": 0.6298961043357849, "number_of_bets_tested": 85}}, "ans": 1}, "2020020579.0": {"pred": {"under": 0.6361703273262922, "over": 0.35934770829745694, "metrics": {"loss": 1.1225214004516602, "acc": 0.6117647290229797, "AUC": 0.6298961043357849, "number_of_bets_tested": 85}}, "ans": 1}, "2020020606.0": {"pred": {"under": 0.20474997161721448, "over": 0.795173699795467, "metrics": {"loss": 1.1225214004516602, "acc": 0.6117647290229797, "AUC": 0.6298961043357849, "number_of_bets_tested": 85}}, "ans": 1}, "2020020620.0": {"pred": {"under": 0.3194686021379299, "over": 0.6804123464209308, "metrics": {"loss": 1.1225214004516602, "acc": 0.6117647290229797, "AUC": 0.6298961043357849, "number_of_bets_tested": 85}}, "ans": 1}, "2020020639.0": {"pred": {"under": 0.9998991725154066, "over": 0.00010082748485723778, "metrics": {"loss": 1.1225214004516602, "acc": 0.6117647290229797, "AUC": 0.6298961043357849, "number_of_bets_tested": 85}}, "ans": 1}, "2020020655.0": {"pred": {"under": 0.3194686021379299, "over": 0.6804123464209308, "metrics": {"loss": 1.1225214004516602, "acc": 0.6117647290229797, "AUC": 0.6298961043357849, "number_of_bets_tested": 85}}, "ans": 0}, "2020020663.0": {"pred": {"under": 0.3329068823436914, "over": 0.6671342030995886, "metrics": {"loss": 1.1225214004516602, "acc": 0.6117647290229797, "AUC": 0.6298961043357849, "number_of_bets_tested": 85}}, "ans": 1}, "2020020674.0": {"pred": {"under": 0.32273301255619485, "over": 0.6771594663753587, "metrics": {"loss": 1.1225214004516602, "acc": 0.6117647290229797, "AUC": 0.6298961043357849, "number_of_bets_tested": 85}}, "ans": 1}, "2020020689.0": {"pred": {"under": 0.32762359083556847, "over": 0.6722849500822458, "metrics": {"loss": 1.1225214004516602, "acc": 0.6117647290229797, "AUC": 0.6298961043357849, "number_of_bets_tested": 85}}, "ans": 1}, "2020020705.0": {"pred": {"under": 0.7725405642353235, "over": 0.23096837821857516, "metrics": {"loss": 1.1225214004516602, "acc": 0.6117647290229797, "AUC": 0.6298961043357849, "number_of_bets_tested": 85}}, "ans": 0}, "2020020713.0": {"pred": {"under": 0.3194686021379299, "over": 0.6804123464209308, "metrics": {"loss": 1.1225214004516602, "acc": 0.6117647290229797, "AUC": 0.6298961043357849, "number_of_bets_tested": 85}}, "ans": 0}, "2020020728.0": {"pred": {"under": 0.3716360765455864, "over": 0.6284266197513653, "metrics": {"loss": 1.1225214004516602, "acc": 0.6117647290229797, "AUC": 0.6298961043357849, "number_of_bets_tested": 85}}, "ans": 1}, "2020020779.0": {"pred": {"under": 0.4667011375112942, "over": 0.5331567344488017, "metrics": {"loss": 1.1225214004516602, "acc": 0.6117647290229797, "AUC": 0.6298961043357849, "number_of_bets_tested": 85}}, "ans": 0}, "2020020821.0": {"pred": {"under": 0.3915967626379962, "over": 0.6088487934534115, "metrics": {"loss": 1.1225214004516602, "acc": 0.6117647290229797, "AUC": 0.6298961043357849, "number_of_bets_tested": 85}}, "ans": 0}, "2020020835.0": {"pred": {"under": 0.3194686021379299, "over": 0.6804123464209308, "metrics": {"loss": 1.1225214004516602, "acc": 0.6117647290229797, "AUC": 0.6298961043357849, "number_of_bets_tested": 85}}, "ans": 1}, "2020020851.0": {"pred": {"under": 0.5108685366981207, "over": 0.4892296093420139, "metrics": {"loss": 1.1225214004516602, "acc": 0.6117647290229797, "AUC": 0.6298961043357849, "number_of_bets_tested": 85}}, "ans": 0}, "2020020162.0": {"pred": {"under": 0.6961772206967481, "over": 0.30957267879457, "metrics": {"loss": 1.1225214004516602, "acc": 0.6117647290229797, "AUC": 0.6298961043357849, "number_of_bets_tested": 85}}, "ans": 0}, "2020030162.0": {"pred": {"under": 0.8901515483705446, "over": 0.11042463893716267, "metrics": {"loss": 1.1225214004516602, "acc": 0.6117647290229797, "AUC": 0.6298961043357849, "number_of_bets_tested": 85}}, "ans": 1}, "2020030163.0": {"pred": {"under": 0.7183628271727939, "over": 0.2847879454039272, "metrics": {"loss": 1.1225214004516602, "acc": 0.6117647290229797, "AUC": 0.6298961043357849, "number_of_bets_tested": 85}}, "ans": 1}, "2020030164.0": {"pred": {"under": 0.6496906514920662, "over": 0.35536614261029487, "metrics": {"loss": 1.1225214004516602, "acc": 0.6117647290229797, "AUC": 0.6298961043357849, "number_of_bets_tested": 85}}, "ans": 0}, "2020030165.0": {"pred": {"under": 0.27496512196823764, "over": 0.7247977875768165, "metrics": {"loss": 1.1225214004516602, "acc": 0.6117647290229797, "AUC": 0.6298961043357849, "number_of_bets_tested": 85}}, "ans": 1}}