{"2020020466.0": {"pred": {"under": 0.40397971074159983, "over": 0.5953646867959279, "metrics": {"loss": 0.9774288535118103, "acc": 0.5051546096801758, "AUC": 0.46673399209976196, "number_of_bets_tested": 97}}, "ans": 1}, "2020020481.0": {"pred": {"under": 0.28373552244171696, "over": 0.7163067343496996, "metrics": {"loss": 0.9774288535118103, "acc": 0.5051546096801758, "AUC": 0.46673399209976196, "number_of_bets_tested": 97}}, "ans": 0}, "2020020523.0": {"pred": {"under": 0.25480259901281577, "over": 0.7454242179924607, "metrics": {"loss": 0.9774288535118103, "acc": 0.5051546096801758, "AUC": 0.46673399209976196, "number_of_bets_tested": 97}}, "ans": 1}, "2020020554.0": {"pred": {"under": 0.813218421114416, "over": 0.18637192527432508, "metrics": {"loss": 0.9774288535118103, "acc": 0.5051546096801758, "AUC": 0.46673399209976196, "number_of_bets_tested": 97}}, "ans": 1}, "2020020569.0": {"pred": {"under": 0.9220585024495754, "over": 0.0779352725103226, "metrics": {"loss": 0.9774288535118103, "acc": 0.5051546096801758, "AUC": 0.46673399209976196, "number_of_bets_tested": 97}}, "ans": 1}, "2020020579.0": {"pred": {"under": 0.9555669648911038, "over": 0.0444005508963675, "metrics": {"loss": 0.9774288535118103, "acc": 0.5051546096801758, "AUC": 0.46673399209976196, "number_of_bets_tested": 97}}, "ans": 1}, "2020020606.0": {"pred": {"under": 0.6971657698896357, "over": 0.3040157742873734, "metrics": {"loss": 0.9774288535118103, "acc": 0.5051546096801758, "AUC": 0.46673399209976196, "number_of_bets_tested": 97}}, "ans": 1}, "2020020620.0": {"pred": {"under": 0.9348125314862823, "over": 0.0651635859058398, "metrics": {"loss": 0.9774288535118103, "acc": 0.5051546096801758, "AUC": 0.46673399209976196, "number_of_bets_tested": 97}}, "ans": 0}, "2020020639.0": {"pred": {"under": 0.3365155527107917, "over": 0.6635094216831942, "metrics": {"loss": 0.9774288535118103, "acc": 0.5051546096801758, "AUC": 0.46673399209976196, "number_of_bets_tested": 97}}, "ans": 0}, "2020020655.0": {"pred": {"under": 0.5905586006094706, "over": 0.4069269277937541, "metrics": {"loss": 0.9774288535118103, "acc": 0.5051546096801758, "AUC": 0.46673399209976196, "number_of_bets_tested": 97}}, "ans": 1}, "2020020663.0": {"pred": {"under": 0.8313949294907795, "over": 0.16786495385497757, "metrics": {"loss": 0.9774288535118103, "acc": 0.5051546096801758, "AUC": 0.46673399209976196, "number_of_bets_tested": 97}}, "ans": 1}, "2020020674.0": {"pred": {"under": 0.9774723062137435, "over": 0.02252450013575283, "metrics": {"loss": 0.9774288535118103, "acc": 0.5051546096801758, "AUC": 0.46673399209976196, "number_of_bets_tested": 97}}, "ans": 1}, "2020020689.0": {"pred": {"under": 0.9994577333319691, "over": 0.0005422665854880587, "metrics": {"loss": 0.9774288535118103, "acc": 0.5051546096801758, "AUC": 0.46673399209976196, "number_of_bets_tested": 97}}, "ans": 0}, "2020020713.0": {"pred": {"under": 0.35492618060086756, "over": 0.645029814957504, "metrics": {"loss": 0.9774288535118103, "acc": 0.5051546096801758, "AUC": 0.46673399209976196, "number_of_bets_tested": 97}}, "ans": 1}, "2020020728.0": {"pred": {"under": 0.36347236676033196, "over": 0.6366650952608411, "metrics": {"loss": 0.9774288535118103, "acc": 0.5051546096801758, "AUC": 0.46673399209976196, "number_of_bets_tested": 97}}, "ans": 0}, "2020020779.0": {"pred": {"under": 0.6718501743792928, "over": 0.32760720328860965, "metrics": {"loss": 0.9774288535118103, "acc": 0.5051546096801758, "AUC": 0.46673399209976196, "number_of_bets_tested": 97}}, "ans": 1}, "2020020835.0": {"pred": {"under": 0.356288770301232, "over": 0.6436665039619326, "metrics": {"loss": 0.9774288535118103, "acc": 0.5051546096801758, "AUC": 0.46673399209976196, "number_of_bets_tested": 97}}, "ans": 0}, "2020020851.0": {"pred": {"under": 0.34046798287516505, "over": 0.6594825452847997, "metrics": {"loss": 0.9774288535118103, "acc": 0.5051546096801758, "AUC": 0.46673399209976196, "number_of_bets_tested": 97}}, "ans": 0}, "2020020162.0": {"pred": {"under": 0.6438022564748239, "over": 0.35444800916469765, "metrics": {"loss": 0.9774288535118103, "acc": 0.5051546096801758, "AUC": 0.46673399209976196, "number_of_bets_tested": 97}}, "ans": 1}, "2020030162.0": {"pred": {"under": 0.9991332953953941, "over": 0.0008667041555390748, "metrics": {"loss": 0.9774288535118103, "acc": 0.5051546096801758, "AUC": 0.46673399209976196, "number_of_bets_tested": 97}}, "ans": 1}, "2020030163.0": {"pred": {"under": 0.518725960171776, "over": 0.48558500176280334, "metrics": {"loss": 0.9774288535118103, "acc": 0.5051546096801758, "AUC": 0.46673399209976196, "number_of_bets_tested": 97}}, "ans": 0}, "2020030164.0": {"pred": {"under": 0.4538815069573396, "over": 0.5453840413759453, "metrics": {"loss": 0.9774288535118103, "acc": 0.5051546096801758, "AUC": 0.46673399209976196, "number_of_bets_tested": 97}}, "ans": 0}, "2020030165.0": {"pred": {"under": 0.5096329382423783, "over": 0.4913336420975674, "metrics": {"loss": 0.9774288535118103, "acc": 0.5051546096801758, "AUC": 0.46673399209976196, "number_of_bets_tested": 97}}, "ans": 0}}