{"2020020728.0": {"pred": {"under": 0.37201423739985034, "over": 0.6272356012418503, "metrics": {"loss": 1.185842514038086, "acc": 0.5340909361839294, "AUC": 0.5369318723678589, "number_of_bets_tested": 88}}, "ans": 1}, "2020020851.0": {"pred": {"under": 0.6361860218754687, "over": 0.3639148427461466, "metrics": {"loss": 1.185842514038086, "acc": 0.5340909361839294, "AUC": 0.5369318723678589, "number_of_bets_tested": 88}}, "ans": 0}, "2020020162.0": {"pred": {"under": 0.607813324822779, "over": 0.3922752487982347, "metrics": {"loss": 1.185842514038086, "acc": 0.5340909361839294, "AUC": 0.5369318723678589, "number_of_bets_tested": 88}}, "ans": 0}, "2020030164.0": {"pred": {"under": 0.7232270535864038, "over": 0.27684208031692903, "metrics": {"loss": 1.185842514038086, "acc": 0.5340909361839294, "AUC": 0.5369318723678589, "number_of_bets_tested": 88}}, "ans": 0}, "2020030165.0": {"pred": {"under": 0.4111036259106978, "over": 0.5885507869754962, "metrics": {"loss": 1.185842514038086, "acc": 0.5340909361839294, "AUC": 0.5369318723678589, "number_of_bets_tested": 88}}, "ans": 1}}