{"2020030134.0": {"pred": {"under": 0.9644286469451097, "over": 0.035574996873233546, "metrics": {"loss": 0.8167849779129028, "acc": 0.4615384638309479, "AUC": 0.5147928595542908, "number_of_bets_tested": 78}}, "ans": 1}}