{"2020020462.0": {"pred": {"under": 0.43376161231348404, "over": 0.5677191181709593, "metrics": {"loss": 1.5339871644973755, "acc": 0.574999988079071, "AUC": 0.6149305701255798, "number_of_bets_tested": 120}}, "ans": 1}, "2020020478.0": {"pred": {"under": 0.8875949959070066, "over": 0.11240385206166331, "metrics": {"loss": 1.5339871644973755, "acc": 0.574999988079071, "AUC": 0.6149305701255798, "number_of_bets_tested": 120}}, "ans": 1}, "2020020291.0": {"pred": {"under": 0.3937185429317804, "over": 0.6062668939473981, "metrics": {"loss": 1.5339871644973755, "acc": 0.574999988079071, "AUC": 0.6149305701255798, "number_of_bets_tested": 120}}, "ans": 1}, "2020020496.0": {"pred": {"under": 0.5448148031240977, "over": 0.45464984560168636, "metrics": {"loss": 1.5339871644973755, "acc": 0.574999988079071, "AUC": 0.6149305701255798, "number_of_bets_tested": 120}}, "ans": 1}, "2020020516.0": {"pred": {"under": 0.3937185429317804, "over": 0.6062668939473981, "metrics": {"loss": 1.5339871644973755, "acc": 0.574999988079071, "AUC": 0.6149305701255798, "number_of_bets_tested": 120}}, "ans": 1}, "2020020558.0": {"pred": {"under": 0.4397342882503184, "over": 0.5618885067631115, "metrics": {"loss": 1.5339871644973755, "acc": 0.574999988079071, "AUC": 0.6149305701255798, "number_of_bets_tested": 120}}, "ans": 0}, "2020020572.0": {"pred": {"under": 0.44215291066886436, "over": 0.5592820949427252, "metrics": {"loss": 1.5339871644973755, "acc": 0.574999988079071, "AUC": 0.6149305701255798, "number_of_bets_tested": 120}}, "ans": 1}, "2020020613.0": {"pred": {"under": 0.36075678792073673, "over": 0.639210182262077, "metrics": {"loss": 1.5339871644973755, "acc": 0.574999988079071, "AUC": 0.6149305701255798, "number_of_bets_tested": 120}}, "ans": 1}, "2020020627.0": {"pred": {"under": 0.796006069238852, "over": 0.20396066472365956, "metrics": {"loss": 1.5339871644973755, "acc": 0.574999988079071, "AUC": 0.6149305701255798, "number_of_bets_tested": 120}}, "ans": 0}, "2020020636.0": {"pred": {"under": 0.6806868782311771, "over": 0.31912374103088414, "metrics": {"loss": 1.5339871644973755, "acc": 0.574999988079071, "AUC": 0.6149305701255798, "number_of_bets_tested": 120}}, "ans": 1}, "2020020651.0": {"pred": {"under": 0.9366128228729232, "over": 0.06336016300012916, "metrics": {"loss": 1.5339871644973755, "acc": 0.574999988079071, "AUC": 0.6149305701255798, "number_of_bets_tested": 120}}, "ans": 0}, "2020020666.0": {"pred": {"under": 0.3937185429317804, "over": 0.6062668939473981, "metrics": {"loss": 1.5339871644973755, "acc": 0.574999988079071, "AUC": 0.6149305701255798, "number_of_bets_tested": 120}}, "ans": 0}, "2020020676.0": {"pred": {"under": 0.3937185429317804, "over": 0.6062668939473981, "metrics": {"loss": 1.5339871644973755, "acc": 0.574999988079071, "AUC": 0.6149305701255798, "number_of_bets_tested": 120}}, "ans": 1}, "2020020691.0": {"pred": {"under": 0.3937185429317804, "over": 0.6062668939473981, "metrics": {"loss": 1.5339871644973755, "acc": 0.574999988079071, "AUC": 0.6149305701255798, "number_of_bets_tested": 120}}, "ans": 0}, "2020020702.0": {"pred": {"under": 0.3937185429317804, "over": 0.6062668939473981, "metrics": {"loss": 1.5339871644973755, "acc": 0.574999988079071, "AUC": 0.6149305701255798, "number_of_bets_tested": 120}}, "ans": 1}, "2020020717.0": {"pred": {"under": 0.3937185429317804, "over": 0.6062668939473981, "metrics": {"loss": 1.5339871644973755, "acc": 0.574999988079071, "AUC": 0.6149305701255798, "number_of_bets_tested": 120}}, "ans": 1}, "2020020254.0": {"pred": {"under": 0.3750916748944984, "over": 0.6249040233208543, "metrics": {"loss": 1.5339871644973755, "acc": 0.574999988079071, "AUC": 0.6149305701255798, "number_of_bets_tested": 120}}, "ans": 1}, "2020020739.0": {"pred": {"under": 0.40213800682006967, "over": 0.5983068745447117, "metrics": {"loss": 1.5339871644973755, "acc": 0.574999988079071, "AUC": 0.6149305701255798, "number_of_bets_tested": 120}}, "ans": 0}, "2020020754.0": {"pred": {"under": 0.3937185429317804, "over": 0.6062668939473981, "metrics": {"loss": 1.5339871644973755, "acc": 0.574999988079071, "AUC": 0.6149305701255798, "number_of_bets_tested": 120}}, "ans": 1}, "2020020768.0": {"pred": {"under": 0.8781445414889244, "over": 0.1218510586996164, "metrics": {"loss": 1.5339871644973755, "acc": 0.574999988079071, "AUC": 0.6149305701255798, "number_of_bets_tested": 120}}, "ans": 1}, "2020020784.0": {"pred": {"under": 0.3937185429317804, "over": 0.6062668939473981, "metrics": {"loss": 1.5339871644973755, "acc": 0.574999988079071, "AUC": 0.6149305701255798, "number_of_bets_tested": 120}}, "ans": 1}, "2020020814.0": {"pred": {"under": 0.3937185429317804, "over": 0.6062668939473981, "metrics": {"loss": 1.5339871644973755, "acc": 0.574999988079071, "AUC": 0.6149305701255798, "number_of_bets_tested": 120}}, "ans": 1}}