{"2020020470.0": {"pred": {"under": 0.14154996017038224, "over": 0.8585017066251525, "metrics": {"loss": 0.8922474384307861, "acc": 0.6181818246841431, "AUC": 0.6387190222740173, "number_of_bets_tested": 110}}, "ans": 0}, "2020020518.0": {"pred": {"under": 0.3863015378987805, "over": 0.613689631951898, "metrics": {"loss": 0.8922474384307861, "acc": 0.6181818246841431, "AUC": 0.6387190222740173, "number_of_bets_tested": 110}}, "ans": 1}, "2020020559.0": {"pred": {"under": 0.052626499638812836, "over": 0.9473755243345665, "metrics": {"loss": 0.8922474384307861, "acc": 0.6181818246841431, "AUC": 0.6387190222740173, "number_of_bets_tested": 110}}, "ans": 0}, "2020020600.0": {"pred": {"under": 0.10002788431797505, "over": 0.9000668951715514, "metrics": {"loss": 0.8922474384307861, "acc": 0.6181818246841431, "AUC": 0.6387190222740173, "number_of_bets_tested": 110}}, "ans": 1}, "2020020616.0": {"pred": {"under": 0.3189198474441571, "over": 0.6811695547910762, "metrics": {"loss": 0.8922474384307861, "acc": 0.6181818246841431, "AUC": 0.6387190222740173, "number_of_bets_tested": 110}}, "ans": 1}}