{"2020020576.0": {"pred": {"under": 0.540923991563522, "over": 0.4590595197997957, "metrics": {"loss": 1.6428561210632324, "acc": 0.47252747416496277, "AUC": 0.5069435834884644, "number_of_bets_tested": 91}}, "ans": 0}, "2020020598.0": {"pred": {"under": 0.4915149929350101, "over": 0.5084325204650219, "metrics": {"loss": 1.6428561210632324, "acc": 0.47252747416496277, "AUC": 0.5069435834884644, "number_of_bets_tested": 91}}, "ans": 1}, "2020020615.0": {"pred": {"under": 0.37809641839387015, "over": 0.6218268989388557, "metrics": {"loss": 1.6428561210632324, "acc": 0.47252747416496277, "AUC": 0.5069435834884644, "number_of_bets_tested": 91}}, "ans": 0}, "2020020629.0": {"pred": {"under": 0.19649582355148715, "over": 0.8034995083035988, "metrics": {"loss": 1.6428561210632324, "acc": 0.47252747416496277, "AUC": 0.5069435834884644, "number_of_bets_tested": 91}}, "ans": 1}, "2020020642.0": {"pred": {"under": 0.5099221918981752, "over": 0.4900548635856971, "metrics": {"loss": 1.6428561210632324, "acc": 0.47252747416496277, "AUC": 0.5069435834884644, "number_of_bets_tested": 91}}, "ans": 0}, "2020020657.0": {"pred": {"under": 0.36133545641854337, "over": 0.6385473253860409, "metrics": {"loss": 1.6428561210632324, "acc": 0.47252747416496277, "AUC": 0.5069435834884644, "number_of_bets_tested": 91}}, "ans": 1}, "2020020678.0": {"pred": {"under": 0.34745214815220143, "over": 0.6524634663157627, "metrics": {"loss": 1.6428561210632324, "acc": 0.47252747416496277, "AUC": 0.5069435834884644, "number_of_bets_tested": 91}}, "ans": 0}, "2020020693.0": {"pred": {"under": 0.4710279004022449, "over": 0.5289054437387587, "metrics": {"loss": 1.6428561210632324, "acc": 0.47252747416496277, "AUC": 0.5069435834884644, "number_of_bets_tested": 91}}, "ans": 1}, "2020020706.0": {"pred": {"under": 0.35352844210483875, "over": 0.6463530257292943, "metrics": {"loss": 1.6428561210632324, "acc": 0.47252747416496277, "AUC": 0.5069435834884644, "number_of_bets_tested": 91}}, "ans": 1}, "2020020718.0": {"pred": {"under": 0.4715201350378832, "over": 0.5284801055364841, "metrics": {"loss": 1.6428561210632324, "acc": 0.47252747416496277, "AUC": 0.5069435834884644, "number_of_bets_tested": 91}}, "ans": 0}, "2020020732.0": {"pred": {"under": 0.34923432065825966, "over": 0.6507316054851889, "metrics": {"loss": 1.6428561210632324, "acc": 0.47252747416496277, "AUC": 0.5069435834884644, "number_of_bets_tested": 91}}, "ans": 1}, "2020020763.0": {"pred": {"under": 0.2733246672616144, "over": 0.7265637417508709, "metrics": {"loss": 1.6428561210632324, "acc": 0.47252747416496277, "AUC": 0.5069435834884644, "number_of_bets_tested": 91}}, "ans": 0}, "2020020774.0": {"pred": {"under": 0.6379476273336558, "over": 0.36194846103530876, "metrics": {"loss": 1.6428561210632324, "acc": 0.47252747416496277, "AUC": 0.5069435834884644, "number_of_bets_tested": 91}}, "ans": 0}, "2020020786.0": {"pred": {"under": 0.540923991563522, "over": 0.4590595197997957, "metrics": {"loss": 1.6428561210632324, "acc": 0.47252747416496277, "AUC": 0.5069435834884644, "number_of_bets_tested": 91}}, "ans": 0}, "2020020816.0": {"pred": {"under": 0.540923991563522, "over": 0.4590595197997957, "metrics": {"loss": 1.6428561210632324, "acc": 0.47252747416496277, "AUC": 0.5069435834884644, "number_of_bets_tested": 91}}, "ans": 0}, "2020020827.0": {"pred": {"under": 0.540923991563522, "over": 0.4590595197997957, "metrics": {"loss": 1.6428561210632324, "acc": 0.47252747416496277, "AUC": 0.5069435834884644, "number_of_bets_tested": 91}}, "ans": 0}, "2020020280.0": {"pred": {"under": 0.540923991563522, "over": 0.4590595197997957, "metrics": {"loss": 1.6428561210632324, "acc": 0.47252747416496277, "AUC": 0.5069435834884644, "number_of_bets_tested": 91}}, "ans": 0}, "2020030131.0": {"pred": {"under": 0.8621882907529974, "over": 0.13778452149223278, "metrics": {"loss": 1.6428561210632324, "acc": 0.47252747416496277, "AUC": 0.5069435834884644, "number_of_bets_tested": 91}}, "ans": 0}, "2020030132.0": {"pred": {"under": 0.6628299178144044, "over": 0.33708277766631045, "metrics": {"loss": 1.6428561210632324, "acc": 0.47252747416496277, "AUC": 0.5069435834884644, "number_of_bets_tested": 91}}, "ans": 1}, "2020030133.0": {"pred": {"under": 0.7826720692106857, "over": 0.21778967858939655, "metrics": {"loss": 1.6428561210632324, "acc": 0.47252747416496277, "AUC": 0.5069435834884644, "number_of_bets_tested": 91}}, "ans": 0}, "2020030134.0": {"pred": {"under": 0.9479216776505992, "over": 0.05209866278656263, "metrics": {"loss": 1.6428561210632324, "acc": 0.47252747416496277, "AUC": 0.5069435834884644, "number_of_bets_tested": 91}}, "ans": 1}}