{"2020020504.0": {"pred": {"under": 0.9990350842316214, "over": 0.0009649157872989192, "metrics": {"loss": 0.8478946089744568, "acc": 0.5600000023841858, "AUC": 0.6139554977416992, "number_of_bets_tested": 75}}, "ans": 0}, "2020020516.0": {"pred": {"under": 0.998425448294591, "over": 0.0015745514546055856, "metrics": {"loss": 0.8478946089744568, "acc": 0.5600000023841858, "AUC": 0.6139554977416992, "number_of_bets_tested": 75}}, "ans": 0}}