{"2020020465.0": {"pred": {"under": 0.5258702947444928, "over": 0.4740214133065503, "metrics": {"loss": 0.7871572375297546, "acc": 0.5193798542022705, "AUC": 0.5173066854476929, "number_of_bets_tested": 129}}, "ans": 1}, "2020020491.0": {"pred": {"under": 0.3383583350065913, "over": 0.6614560474116865, "metrics": {"loss": 0.7871572375297546, "acc": 0.5193798542022705, "AUC": 0.5173066854476929, "number_of_bets_tested": 129}}, "ans": 1}, "2020020536.0": {"pred": {"under": 0.5211062784036341, "over": 0.4788778677353454, "metrics": {"loss": 0.7871572375297546, "acc": 0.5193798542022705, "AUC": 0.5173066854476929, "number_of_bets_tested": 129}}, "ans": 0}, "2020020551.0": {"pred": {"under": 0.5812745561060805, "over": 0.41953689726043325, "metrics": {"loss": 0.7871572375297546, "acc": 0.5193798542022705, "AUC": 0.5173066854476929, "number_of_bets_tested": 129}}, "ans": 0}, "2020020498.0": {"pred": {"under": 0.5170683723541202, "over": 0.48245151008864073, "metrics": {"loss": 0.7871572375297546, "acc": 0.5193798542022705, "AUC": 0.5173066854476929, "number_of_bets_tested": 129}}, "ans": 0}, "2020020582.0": {"pred": {"under": 0.5054771745810446, "over": 0.4913561288470927, "metrics": {"loss": 0.7871572375297546, "acc": 0.5193798542022705, "AUC": 0.5173066854476929, "number_of_bets_tested": 129}}, "ans": 0}, "2020020607.0": {"pred": {"under": 0.3468133627317258, "over": 0.6528241928335997, "metrics": {"loss": 0.7871572375297546, "acc": 0.5193798542022705, "AUC": 0.5173066854476929, "number_of_bets_tested": 129}}, "ans": 0}, "2020020621.0": {"pred": {"under": 0.051997841818864604, "over": 0.9479831591430473, "metrics": {"loss": 0.7871572375297546, "acc": 0.5193798542022705, "AUC": 0.5173066854476929, "number_of_bets_tested": 129}}, "ans": 0}, "2020020777.0": {"pred": {"under": 0.5040258159180677, "over": 0.49558596664530813, "metrics": {"loss": 0.7871572375297546, "acc": 0.5193798542022705, "AUC": 0.5173066854476929, "number_of_bets_tested": 129}}, "ans": 1}, "2020020789.0": {"pred": {"under": 0.8103593245602274, "over": 0.18954195085519074, "metrics": {"loss": 0.7871572375297546, "acc": 0.5193798542022705, "AUC": 0.5173066854476929, "number_of_bets_tested": 129}}, "ans": 1}, "2020020829.0": {"pred": {"under": 0.5317544487052782, "over": 0.4682353582038761, "metrics": {"loss": 0.7871572375297546, "acc": 0.5193798542022705, "AUC": 0.5173066854476929, "number_of_bets_tested": 129}}, "ans": 1}, "2020020844.0": {"pred": {"under": 0.6616791497777528, "over": 0.3399185556242983, "metrics": {"loss": 0.7871572375297546, "acc": 0.5193798542022705, "AUC": 0.5173066854476929, "number_of_bets_tested": 129}}, "ans": 0}, "2020020593.0": {"pred": {"under": 0.8291331164304633, "over": 0.17184436123913047, "metrics": {"loss": 0.7871572375297546, "acc": 0.5193798542022705, "AUC": 0.5173066854476929, "number_of_bets_tested": 129}}, "ans": 1}, "2020020526.0": {"pred": {"under": 0.5626472558135875, "over": 0.43784049601596686, "metrics": {"loss": 0.7871572375297546, "acc": 0.5193798542022705, "AUC": 0.5173066854476929, "number_of_bets_tested": 129}}, "ans": 0}, "2020030181.0": {"pred": {"under": 0.1969454964275656, "over": 0.8028621946463502, "metrics": {"loss": 0.7871572375297546, "acc": 0.5193798542022705, "AUC": 0.5173066854476929, "number_of_bets_tested": 129}}, "ans": 0}, "2020030182.0": {"pred": {"under": 0.007664369814095981, "over": 0.9923355003192884, "metrics": {"loss": 0.7871572375297546, "acc": 0.5193798542022705, "AUC": 0.5173066854476929, "number_of_bets_tested": 129}}, "ans": 0}, "2020030183.0": {"pred": {"under": 0.21197610522180466, "over": 0.7876686685979721, "metrics": {"loss": 0.7871572375297546, "acc": 0.5193798542022705, "AUC": 0.5173066854476929, "number_of_bets_tested": 129}}, "ans": 1}, "2020030184.0": {"pred": {"under": 0.3236532021046416, "over": 0.6760144289060506, "metrics": {"loss": 0.7871572375297546, "acc": 0.5193798542022705, "AUC": 0.5173066854476929, "number_of_bets_tested": 129}}, "ans": 1}}