{"2020020464.0": {"pred": {"under": 0.7499481509248636, "over": 0.2521602034187281, "metrics": {"loss": 1.1200048923492432, "acc": 0.5929203629493713, "AUC": 0.6166105270385742, "number_of_bets_tested": 113}}, "ans": 0}, "2020020491.0": {"pred": {"under": 0.8400061817698243, "over": 0.16032048135243918, "metrics": {"loss": 1.1200048923492432, "acc": 0.5929203629493713, "AUC": 0.6166105270385742, "number_of_bets_tested": 113}}, "ans": 0}, "2020020500.0": {"pred": {"under": 0.7762456802029315, "over": 0.22421958003962356, "metrics": {"loss": 1.1200048923492432, "acc": 0.5929203629493713, "AUC": 0.6166105270385742, "number_of_bets_tested": 113}}, "ans": 0}, "2020020512.0": {"pred": {"under": 0.648778648902695, "over": 0.35391328884478734, "metrics": {"loss": 1.1200048923492432, "acc": 0.5929203629493713, "AUC": 0.6166105270385742, "number_of_bets_tested": 113}}, "ans": 1}, "2020020527.0": {"pred": {"under": 0.8730966878245366, "over": 0.12692339277408374, "metrics": {"loss": 1.1200048923492432, "acc": 0.5929203629493713, "AUC": 0.6166105270385742, "number_of_bets_tested": 113}}, "ans": 0}, "2020020537.0": {"pred": {"under": 0.7186472270730432, "over": 0.28143690272016497, "metrics": {"loss": 1.1200048923492432, "acc": 0.5929203629493713, "AUC": 0.6166105270385742, "number_of_bets_tested": 113}}, "ans": 0}, "2020020552.0": {"pred": {"under": 0.4697090613405047, "over": 0.5306867229658087, "metrics": {"loss": 1.1200048923492432, "acc": 0.5929203629493713, "AUC": 0.6166105270385742, "number_of_bets_tested": 113}}, "ans": 1}, "2020020566.0": {"pred": {"under": 0.5405055967599087, "over": 0.45947568466370353, "metrics": {"loss": 1.1200048923492432, "acc": 0.5929203629493713, "AUC": 0.6166105270385742, "number_of_bets_tested": 113}}, "ans": 1}, "2020020581.0": {"pred": {"under": 0.6239622480706937, "over": 0.3764362957881163, "metrics": {"loss": 1.1200048923492432, "acc": 0.5929203629493713, "AUC": 0.6166105270385742, "number_of_bets_tested": 113}}, "ans": 1}, "2020020848.0": {"pred": {"under": 0.5527094949058532, "over": 0.44749413964670925, "metrics": {"loss": 1.1200048923492432, "acc": 0.5929203629493713, "AUC": 0.6166105270385742, "number_of_bets_tested": 113}}, "ans": 0}, "2020020633.0": {"pred": {"under": 0.5405055967599087, "over": 0.45947568466370353, "metrics": {"loss": 1.1200048923492432, "acc": 0.5929203629493713, "AUC": 0.6166105270385742, "number_of_bets_tested": 113}}, "ans": 0}, "2020020645.0": {"pred": {"under": 0.5405055967599087, "over": 0.45947568466370353, "metrics": {"loss": 1.1200048923492432, "acc": 0.5929203629493713, "AUC": 0.6166105270385742, "number_of_bets_tested": 113}}, "ans": 0}, "2020020661.0": {"pred": {"under": 0.7850017606474554, "over": 0.21611637262274636, "metrics": {"loss": 1.1200048923492432, "acc": 0.5929203629493713, "AUC": 0.6166105270385742, "number_of_bets_tested": 113}}, "ans": 0}, "2020020672.0": {"pred": {"under": 0.7990373877598829, "over": 0.20163196028311117, "metrics": {"loss": 1.1200048923492432, "acc": 0.5929203629493713, "AUC": 0.6166105270385742, "number_of_bets_tested": 113}}, "ans": 1}, "2020020682.0": {"pred": {"under": 0.8486073499320899, "over": 0.15189174752267728, "metrics": {"loss": 1.1200048923492432, "acc": 0.5929203629493713, "AUC": 0.6166105270385742, "number_of_bets_tested": 113}}, "ans": 1}, "2020020696.0": {"pred": {"under": 0.6624711944401073, "over": 0.3402433502974906, "metrics": {"loss": 1.1200048923492432, "acc": 0.5929203629493713, "AUC": 0.6166105270385742, "number_of_bets_tested": 113}}, "ans": 1}, "2020020726.0": {"pred": {"under": 0.6147416189796755, "over": 0.38488210293285363, "metrics": {"loss": 1.1200048923492432, "acc": 0.5929203629493713, "AUC": 0.6166105270385742, "number_of_bets_tested": 113}}, "ans": 1}, "2020020760.0": {"pred": {"under": 0.6005466026180738, "over": 0.39899493038635, "metrics": {"loss": 1.1200048923492432, "acc": 0.5929203629493713, "AUC": 0.6166105270385742, "number_of_bets_tested": 113}}, "ans": 1}, "2020020777.0": {"pred": {"under": 0.7873288800203576, "over": 0.21316531405206457, "metrics": {"loss": 1.1200048923492432, "acc": 0.5929203629493713, "AUC": 0.6166105270385742, "number_of_bets_tested": 113}}, "ans": 1}, "2020020820.0": {"pred": {"under": 0.5405055967599087, "over": 0.45947568466370353, "metrics": {"loss": 1.1200048923492432, "acc": 0.5929203629493713, "AUC": 0.6166105270385742, "number_of_bets_tested": 113}}, "ans": 0}, "2020020834.0": {"pred": {"under": 0.6150715887769304, "over": 0.3845540131638578, "metrics": {"loss": 1.1200048923492432, "acc": 0.5929203629493713, "AUC": 0.6166105270385742, "number_of_bets_tested": 113}}, "ans": 0}, "2020030181.0": {"pred": {"under": 0.5405055967599087, "over": 0.45947568466370353, "metrics": {"loss": 1.1200048923492432, "acc": 0.5929203629493713, "AUC": 0.6166105270385742, "number_of_bets_tested": 113}}, "ans": 0}, "2020030182.0": {"pred": {"under": 0.7261397713572977, "over": 0.2735914153722834, "metrics": {"loss": 1.1200048923492432, "acc": 0.5929203629493713, "AUC": 0.6166105270385742, "number_of_bets_tested": 113}}, "ans": 0}, "2020030183.0": {"pred": {"under": 0.5405055967599087, "over": 0.45947568466370353, "metrics": {"loss": 1.1200048923492432, "acc": 0.5929203629493713, "AUC": 0.6166105270385742, "number_of_bets_tested": 113}}, "ans": 0}, "2020030184.0": {"pred": {"under": 0.5387625310948873, "over": 0.4619066196195771, "metrics": {"loss": 1.1200048923492432, "acc": 0.5929203629493713, "AUC": 0.6166105270385742, "number_of_bets_tested": 113}}, "ans": 1}}