{"2020020556.0": {"pred": {"under": 0.2158560778683399, "over": 0.7842891042157104, "metrics": {"loss": 0.9492113590240479, "acc": 0.529411792755127, "AUC": 0.5697808265686035, "number_of_bets_tested": 51}}, "ans": 1}, "2020020571.0": {"pred": {"under": 0.16616456319218825, "over": 0.8341270863155075, "metrics": {"loss": 0.9492113590240479, "acc": 0.529411792755127, "AUC": 0.5697808265686035, "number_of_bets_tested": 51}}, "ans": 1}, "2020020390.0": {"pred": {"under": 0.23322535642433906, "over": 0.7668162695710258, "metrics": {"loss": 0.9492113590240479, "acc": 0.529411792755127, "AUC": 0.5697808265686035, "number_of_bets_tested": 51}}, "ans": 0}, "2020020825.0": {"pred": {"under": 0.2144460644347058, "over": 0.7848917424135877, "metrics": {"loss": 0.9492113590240479, "acc": 0.529411792755127, "AUC": 0.5697808265686035, "number_of_bets_tested": 51}}, "ans": 0}, "2020020838.0": {"pred": {"under": 0.1280445694877835, "over": 0.8721927106089955, "metrics": {"loss": 0.9492113590240479, "acc": 0.529411792755127, "AUC": 0.5697808265686035, "number_of_bets_tested": 51}}, "ans": 0}, "2020030122.0": {"pred": {"under": 0.05677667721367593, "over": 0.9432607774679964, "metrics": {"loss": 0.9492113590240479, "acc": 0.529411792755127, "AUC": 0.5697808265686035, "number_of_bets_tested": 51}}, "ans": 1}, "2020030123.0": {"pred": {"under": 0.0854575192334259, "over": 0.914668368855923, "metrics": {"loss": 0.9492113590240479, "acc": 0.529411792755127, "AUC": 0.5697808265686035, "number_of_bets_tested": 51}}, "ans": 1}, "2020030124.0": {"pred": {"under": 0.11491427590507701, "over": 0.8852810732557641, "metrics": {"loss": 0.9492113590240479, "acc": 0.529411792755127, "AUC": 0.5697808265686035, "number_of_bets_tested": 51}}, "ans": 1}}