{"2020020531.0": {"pred": {"under": 0.6603398787067145, "over": 0.3401162484924742, "metrics": {"loss": 1.4810130596160889, "acc": 0.5806451439857483, "AUC": 0.5647437572479248, "number_of_bets_tested": 124}}, "ans": 1}, "2020020615.0": {"pred": {"under": 0.55343733767736, "over": 0.44616608877256264, "metrics": {"loss": 1.4810130596160889, "acc": 0.5806451439857483, "AUC": 0.5647437572479248, "number_of_bets_tested": 124}}, "ans": 1}, "2020020629.0": {"pred": {"under": 0.8831759111989059, "over": 0.11672592888827621, "metrics": {"loss": 1.4810130596160889, "acc": 0.5806451439857483, "AUC": 0.5647437572479248, "number_of_bets_tested": 124}}, "ans": 0}, "2020020642.0": {"pred": {"under": 0.37737765766360254, "over": 0.6236726175462685, "metrics": {"loss": 1.4810130596160889, "acc": 0.5806451439857483, "AUC": 0.5647437572479248, "number_of_bets_tested": 124}}, "ans": 0}, "2020020657.0": {"pred": {"under": 0.4714465830181957, "over": 0.5286649629145579, "metrics": {"loss": 1.4810130596160889, "acc": 0.5806451439857483, "AUC": 0.5647437572479248, "number_of_bets_tested": 124}}, "ans": 1}, "2020020678.0": {"pred": {"under": 0.6738883919469734, "over": 0.32663575613084983, "metrics": {"loss": 1.4810130596160889, "acc": 0.5806451439857483, "AUC": 0.5647437572479248, "number_of_bets_tested": 124}}, "ans": 0}, "2020020693.0": {"pred": {"under": 0.5327399036532328, "over": 0.46697061651031807, "metrics": {"loss": 1.4810130596160889, "acc": 0.5806451439857483, "AUC": 0.5647437572479248, "number_of_bets_tested": 124}}, "ans": 0}, "2020020774.0": {"pred": {"under": 0.3883444563582543, "over": 0.6131353867254419, "metrics": {"loss": 1.4810130596160889, "acc": 0.5806451439857483, "AUC": 0.5647437572479248, "number_of_bets_tested": 124}}, "ans": 1}, "2020020816.0": {"pred": {"under": 0.5327399036532328, "over": 0.46697061651031807, "metrics": {"loss": 1.4810130596160889, "acc": 0.5806451439857483, "AUC": 0.5647437572479248, "number_of_bets_tested": 124}}, "ans": 1}, "2020030134.0": {"pred": {"under": 0.5327399036532328, "over": 0.46697061651031807, "metrics": {"loss": 1.4810130596160889, "acc": 0.5806451439857483, "AUC": 0.5647437572479248, "number_of_bets_tested": 124}}, "ans": 1}}