{"2020020464.0": {"pred": {"under": 0.933647054858521, "over": 0.06642116405593426, "metrics": {"loss": 1.2876614332199097, "acc": 0.6451612710952759, "AUC": 0.6555671095848083, "number_of_bets_tested": 62}}, "ans": 0}, "2020020479.0": {"pred": {"under": 0.2649565026188111, "over": 0.7342888519318708, "metrics": {"loss": 1.2876614332199097, "acc": 0.6451612710952759, "AUC": 0.6555671095848083, "number_of_bets_tested": 62}}, "ans": 0}, "2020020489.0": {"pred": {"under": 0.15849635110618565, "over": 0.8416056703848812, "metrics": {"loss": 1.2876614332199097, "acc": 0.6451612710952759, "AUC": 0.6555671095848083, "number_of_bets_tested": 62}}, "ans": 1}, "2020020498.0": {"pred": {"under": 0.7695272551895355, "over": 0.2303281170973313, "metrics": {"loss": 1.2876614332199097, "acc": 0.6451612710952759, "AUC": 0.6555671095848083, "number_of_bets_tested": 62}}, "ans": 1}, "2020020578.0": {"pred": {"under": 0.8240244895272907, "over": 0.1755655016820906, "metrics": {"loss": 1.2876614332199097, "acc": 0.6451612710952759, "AUC": 0.6555671095848083, "number_of_bets_tested": 62}}, "ans": 0}, "2020020607.0": {"pred": {"under": 0.390601755992587, "over": 0.6126765079165049, "metrics": {"loss": 1.2876614332199097, "acc": 0.6451612710952759, "AUC": 0.6555671095848083, "number_of_bets_tested": 62}}, "ans": 1}, "2020020622.0": {"pred": {"under": 0.26818545382677944, "over": 0.7292584211174417, "metrics": {"loss": 1.2876614332199097, "acc": 0.6451612710952759, "AUC": 0.6555671095848083, "number_of_bets_tested": 62}}, "ans": 1}, "2020020633.0": {"pred": {"under": 0.07462719024305804, "over": 0.9253192467179849, "metrics": {"loss": 1.2876614332199097, "acc": 0.6451612710952759, "AUC": 0.6555671095848083, "number_of_bets_tested": 62}}, "ans": 0}, "2020020645.0": {"pred": {"under": 0.07507604379971371, "over": 0.9248695873720922, "metrics": {"loss": 1.2876614332199097, "acc": 0.6451612710952759, "AUC": 0.6555671095848083, "number_of_bets_tested": 62}}, "ans": 0}, "2020020660.0": {"pred": {"under": 0.08633028786285221, "over": 0.9136948932621977, "metrics": {"loss": 1.2876614332199097, "acc": 0.6451612710952759, "AUC": 0.6555671095848083, "number_of_bets_tested": 62}}, "ans": 1}, "2020020671.0": {"pred": {"under": 0.2954298485096221, "over": 0.7020055620076956, "metrics": {"loss": 1.2876614332199097, "acc": 0.6451612710952759, "AUC": 0.6555671095848083, "number_of_bets_tested": 62}}, "ans": 0}, "2020020686.0": {"pred": {"under": 0.7584499068419727, "over": 0.23831700582732432, "metrics": {"loss": 1.2876614332199097, "acc": 0.6451612710952759, "AUC": 0.6555671095848083, "number_of_bets_tested": 62}}, "ans": 0}, "2020020546.0": {"pred": {"under": 0.09215607045426419, "over": 0.9076796413160404, "metrics": {"loss": 1.2876614332199097, "acc": 0.6451612710952759, "AUC": 0.6555671095848083, "number_of_bets_tested": 62}}, "ans": 0}, "2020020709.0": {"pred": {"under": 0.41438909034218957, "over": 0.5828877349863967, "metrics": {"loss": 1.2876614332199097, "acc": 0.6451612710952759, "AUC": 0.6555671095848083, "number_of_bets_tested": 62}}, "ans": 0}, "2020020721.0": {"pred": {"under": 0.06163434145400217, "over": 0.9383210439022448, "metrics": {"loss": 1.2876614332199097, "acc": 0.6451612710952759, "AUC": 0.6555671095848083, "number_of_bets_tested": 62}}, "ans": 1}, "2020020736.0": {"pred": {"under": 0.9328284047680256, "over": 0.06720666113038731, "metrics": {"loss": 1.2876614332199097, "acc": 0.6451612710952759, "AUC": 0.6555671095848083, "number_of_bets_tested": 62}}, "ans": 0}, "2020020775.0": {"pred": {"under": 0.8245608173148735, "over": 0.17549464079537402, "metrics": {"loss": 1.2876614332199097, "acc": 0.6451612710952759, "AUC": 0.6555671095848083, "number_of_bets_tested": 62}}, "ans": 1}, "2020020819.0": {"pred": {"under": 0.26243457606582443, "over": 0.7367393702805083, "metrics": {"loss": 1.2876614332199097, "acc": 0.6451612710952759, "AUC": 0.6555671095848083, "number_of_bets_tested": 62}}, "ans": 0}, "2020020564.0": {"pred": {"under": 0.16835570241097855, "over": 0.8318724342241137, "metrics": {"loss": 1.2876614332199097, "acc": 0.6451612710952759, "AUC": 0.6555671095848083, "number_of_bets_tested": 62}}, "ans": 0}, "2020020847.0": {"pred": {"under": 0.06102700614008028, "over": 0.9389392118224539, "metrics": {"loss": 1.2876614332199097, "acc": 0.6451612710952759, "AUC": 0.6555671095848083, "number_of_bets_tested": 62}}, "ans": 1}, "2020030171.0": {"pred": {"under": 0.8915097393865908, "over": 0.10865245523568398, "metrics": {"loss": 1.2876614332199097, "acc": 0.6451612710952759, "AUC": 0.6555671095848083, "number_of_bets_tested": 62}}, "ans": 1}, "2020030172.0": {"pred": {"under": 0.22907840361058987, "over": 0.7723921052404773, "metrics": {"loss": 1.2876614332199097, "acc": 0.6451612710952759, "AUC": 0.6555671095848083, "number_of_bets_tested": 62}}, "ans": 0}, "2020030173.0": {"pred": {"under": 0.08728365832371472, "over": 0.9126373824833715, "metrics": {"loss": 1.2876614332199097, "acc": 0.6451612710952759, "AUC": 0.6555671095848083, "number_of_bets_tested": 62}}, "ans": 1}}