{"2020020566.0": {"pred": {"under": 0.4192757758202483, "over": 0.5807012547454167, "metrics": {"loss": 0.8529686331748962, "acc": 0.469565212726593, "AUC": 0.4587145447731018, "number_of_bets_tested": 115}}, "ans": 1}, "2020020645.0": {"pred": {"under": 0.28389456110741274, "over": 0.7159177886049073, "metrics": {"loss": 0.8529686331748962, "acc": 0.469565212726593, "AUC": 0.4587145447731018, "number_of_bets_tested": 115}}, "ans": 0}, "2020020726.0": {"pred": {"under": 0.4192757758202483, "over": 0.5807012547454167, "metrics": {"loss": 0.8529686331748962, "acc": 0.469565212726593, "AUC": 0.4587145447731018, "number_of_bets_tested": 115}}, "ans": 1}}