{"2020020486.0": {"pred": {"under": 0.295652635399855, "over": 0.7051615432676924, "metrics": {"loss": 1.013163685798645, "acc": 0.5, "AUC": 0.4850847125053406, "number_of_bets_tested": 122}}, "ans": 1}, "2020020828.0": {"pred": {"under": 0.2930037155112697, "over": 0.706989005209061, "metrics": {"loss": 1.013163685798645, "acc": 0.5, "AUC": 0.4850847125053406, "number_of_bets_tested": 122}}, "ans": 1}, "2020020507.0": {"pred": {"under": 0.23313025535925702, "over": 0.7671914730674038, "metrics": {"loss": 1.013163685798645, "acc": 0.5, "AUC": 0.4850847125053406, "number_of_bets_tested": 122}}, "ans": 1}, "2020020522.0": {"pred": {"under": 0.3933312012207236, "over": 0.6080301634869018, "metrics": {"loss": 1.013163685798645, "acc": 0.5, "AUC": 0.4850847125053406, "number_of_bets_tested": 122}}, "ans": 1}, "2020020531.0": {"pred": {"under": 0.2598188693179368, "over": 0.7394289202010964, "metrics": {"loss": 1.013163685798645, "acc": 0.5, "AUC": 0.4850847125053406, "number_of_bets_tested": 122}}, "ans": 1}, "2020020574.0": {"pred": {"under": 0.6466099831962302, "over": 0.35225479451212677, "metrics": {"loss": 1.013163685798645, "acc": 0.5, "AUC": 0.4850847125053406, "number_of_bets_tested": 122}}, "ans": 0}, "2020020616.0": {"pred": {"under": 0.5291519068527811, "over": 0.4730004159895879, "metrics": {"loss": 1.013163685798645, "acc": 0.5, "AUC": 0.4850847125053406, "number_of_bets_tested": 122}}, "ans": 1}, "2020020630.0": {"pred": {"under": 0.5141432639470024, "over": 0.48727420398683624, "metrics": {"loss": 1.013163685798645, "acc": 0.5, "AUC": 0.4850847125053406, "number_of_bets_tested": 122}}, "ans": 1}, "2020020644.0": {"pred": {"under": 0.2583065669293935, "over": 0.7409748533416951, "metrics": {"loss": 1.013163685798645, "acc": 0.5, "AUC": 0.4850847125053406, "number_of_bets_tested": 122}}, "ans": 1}, "2020020659.0": {"pred": {"under": 0.7795436362368582, "over": 0.2203639648400914, "metrics": {"loss": 1.013163685798645, "acc": 0.5, "AUC": 0.4850847125053406, "number_of_bets_tested": 122}}, "ans": 0}, "2020020679.0": {"pred": {"under": 0.49129938817579716, "over": 0.5079545269554478, "metrics": {"loss": 1.013163685798645, "acc": 0.5, "AUC": 0.4850847125053406, "number_of_bets_tested": 122}}, "ans": 1}, "2020020694.0": {"pred": {"under": 0.1717264986258539, "over": 0.8284389273771057, "metrics": {"loss": 1.013163685798645, "acc": 0.5, "AUC": 0.4850847125053406, "number_of_bets_tested": 122}}, "ans": 0}, "2020020706.0": {"pred": {"under": 0.37977073805490236, "over": 0.6208526872061778, "metrics": {"loss": 1.013163685798645, "acc": 0.5, "AUC": 0.4850847125053406, "number_of_bets_tested": 122}}, "ans": 1}, "2020020718.0": {"pred": {"under": 0.4814515918159058, "over": 0.5196532491143055, "metrics": {"loss": 1.013163685798645, "acc": 0.5, "AUC": 0.4850847125053406, "number_of_bets_tested": 122}}, "ans": 1}, "2020020731.0": {"pred": {"under": 0.4004942968159813, "over": 0.5989594170959938, "metrics": {"loss": 1.013163685798645, "acc": 0.5, "AUC": 0.4850847125053406, "number_of_bets_tested": 122}}, "ans": 0}, "2020020756.0": {"pred": {"under": 0.580975457744045, "over": 0.4181579297186585, "metrics": {"loss": 1.013163685798645, "acc": 0.5, "AUC": 0.4850847125053406, "number_of_bets_tested": 122}}, "ans": 0}, "2020020772.0": {"pred": {"under": 0.3707711593180469, "over": 0.6299280424046145, "metrics": {"loss": 1.013163685798645, "acc": 0.5, "AUC": 0.4850847125053406, "number_of_bets_tested": 122}}, "ans": 1}, "2020020347.0": {"pred": {"under": 0.2855184634828943, "over": 0.7138611911936219, "metrics": {"loss": 1.013163685798645, "acc": 0.5, "AUC": 0.4850847125053406, "number_of_bets_tested": 122}}, "ans": 1}, "2020020811.0": {"pred": {"under": 0.4715915884140286, "over": 0.5290296996164991, "metrics": {"loss": 1.013163685798645, "acc": 0.5, "AUC": 0.4850847125053406, "number_of_bets_tested": 122}}, "ans": 1}, "2020020033.0": {"pred": {"under": 0.2930037155112697, "over": 0.706989005209061, "metrics": {"loss": 1.013163685798645, "acc": 0.5, "AUC": 0.4850847125053406, "number_of_bets_tested": 122}}, "ans": 0}, "2020020048.0": {"pred": {"under": 0.5566434922770218, "over": 0.445503864974385, "metrics": {"loss": 1.013163685798645, "acc": 0.5, "AUC": 0.4850847125053406, "number_of_bets_tested": 122}}, "ans": 1}, "2020030142.0": {"pred": {"under": 0.010965784487376307, "over": 0.989034615573179, "metrics": {"loss": 1.013163685798645, "acc": 0.5, "AUC": 0.4850847125053406, "number_of_bets_tested": 122}}, "ans": 0}, "2020030143.0": {"pred": {"under": 0.17047479643252433, "over": 0.8301775796760197, "metrics": {"loss": 1.013163685798645, "acc": 0.5, "AUC": 0.4850847125053406, "number_of_bets_tested": 122}}, "ans": 0}, "2020030145.0": {"pred": {"under": 0.05448666869867288, "over": 0.9455480089456877, "metrics": {"loss": 1.013163685798645, "acc": 0.5, "AUC": 0.4850847125053406, "number_of_bets_tested": 122}}, "ans": 1}}