{"2020020579.0": {"pred": {"under": 0.3499225452807521, "over": 0.6508005804672004, "metrics": {"loss": 0.874665379524231, "acc": 0.5698924660682678, "AUC": 0.5985084772109985, "number_of_bets_tested": 93}}, "ans": 1}, "2020020609.0": {"pred": {"under": 0.1992928694740556, "over": 0.8001920759259967, "metrics": {"loss": 0.874665379524231, "acc": 0.5698924660682678, "AUC": 0.5985084772109985, "number_of_bets_tested": 93}}, "ans": 0}, "2020020623.0": {"pred": {"under": 0.002716532221644873, "over": 0.9972834331703593, "metrics": {"loss": 0.874665379524231, "acc": 0.5698924660682678, "AUC": 0.5985084772109985, "number_of_bets_tested": 93}}, "ans": 0}, "2020020637.0": {"pred": {"under": 0.003639633491405238, "over": 0.9963602391265127, "metrics": {"loss": 0.874665379524231, "acc": 0.5698924660682678, "AUC": 0.5985084772109985, "number_of_bets_tested": 93}}, "ans": 1}, "2020020654.0": {"pred": {"under": 0.3868474105951713, "over": 0.6134334890074178, "metrics": {"loss": 0.874665379524231, "acc": 0.5698924660682678, "AUC": 0.5985084772109985, "number_of_bets_tested": 93}}, "ans": 0}, "2020020687.0": {"pred": {"under": 0.13099707025695634, "over": 0.8684932793328647, "metrics": {"loss": 0.874665379524231, "acc": 0.5698924660682678, "AUC": 0.5985084772109985, "number_of_bets_tested": 93}}, "ans": 1}, "2020020712.0": {"pred": {"under": 0.39993062506218746, "over": 0.6002041470751734, "metrics": {"loss": 0.874665379524231, "acc": 0.5698924660682678, "AUC": 0.5985084772109985, "number_of_bets_tested": 93}}, "ans": 0}, "2020020727.0": {"pred": {"under": 0.00916879010275734, "over": 0.9908299214550927, "metrics": {"loss": 0.874665379524231, "acc": 0.5698924660682678, "AUC": 0.5985084772109985, "number_of_bets_tested": 93}}, "ans": 0}, "2020020240.0": {"pred": {"under": 0.2506060196079546, "over": 0.7501582248872615, "metrics": {"loss": 0.874665379524231, "acc": 0.5698924660682678, "AUC": 0.5985084772109985, "number_of_bets_tested": 93}}, "ans": 0}, "2020020778.0": {"pred": {"under": 0.08542004872510238, "over": 0.9148096912329196, "metrics": {"loss": 0.874665379524231, "acc": 0.5698924660682678, "AUC": 0.5985084772109985, "number_of_bets_tested": 93}}, "ans": 1}, "2020020762.0": {"pred": {"under": 0.40393909042065135, "over": 0.5956283431555555, "metrics": {"loss": 0.874665379524231, "acc": 0.5698924660682678, "AUC": 0.5985084772109985, "number_of_bets_tested": 93}}, "ans": 0}, "2020020850.0": {"pred": {"under": 0.14290815284810884, "over": 0.8568993019496474, "metrics": {"loss": 0.874665379524231, "acc": 0.5698924660682678, "AUC": 0.5985084772109985, "number_of_bets_tested": 93}}, "ans": 1}, "2020030163.0": {"pred": {"under": 0.0005288250124326581, "over": 0.9994711749685338, "metrics": {"loss": 0.874665379524231, "acc": 0.5698924660682678, "AUC": 0.5985084772109985, "number_of_bets_tested": 93}}, "ans": 0}, "2020030164.0": {"pred": {"under": 0.003342873187074879, "over": 0.9966571350142669, "metrics": {"loss": 0.874665379524231, "acc": 0.5698924660682678, "AUC": 0.5985084772109985, "number_of_bets_tested": 93}}, "ans": 0}, "2020030165.0": {"pred": {"under": 0.0016754014428390488, "over": 0.9983246023426762, "metrics": {"loss": 0.874665379524231, "acc": 0.5698924660682678, "AUC": 0.5985084772109985, "number_of_bets_tested": 93}}, "ans": 0}}