{"2020020258.0": {"pred": {"under": 0.9296982801690017, "over": 0.0703171355355254, "metrics": {"loss": 2.79536509513855, "acc": 0.7162162065505981, "AUC": 0.7349342107772827, "number_of_bets_tested": 74}}, "ans": 0}, "2020020538.0": {"pred": {"under": 0.5573453245279155, "over": 0.4426842379710657, "metrics": {"loss": 2.79536509513855, "acc": 0.7162162065505981, "AUC": 0.7349342107772827, "number_of_bets_tested": 74}}, "ans": 0}, "2020020577.0": {"pred": {"under": 0.48415195627215524, "over": 0.5148045918713505, "metrics": {"loss": 2.79536509513855, "acc": 0.7162162065505981, "AUC": 0.7349342107772827, "number_of_bets_tested": 74}}, "ans": 0}, "2020020598.0": {"pred": {"under": 0.5931263934500074, "over": 0.40604891816321337, "metrics": {"loss": 2.79536509513855, "acc": 0.7162162065505981, "AUC": 0.7349342107772827, "number_of_bets_tested": 74}}, "ans": 0}, "2020020632.0": {"pred": {"under": 0.6061766425414398, "over": 0.3927122997026248, "metrics": {"loss": 2.79536509513855, "acc": 0.7162162065505981, "AUC": 0.7349342107772827, "number_of_bets_tested": 74}}, "ans": 0}, "2020020683.0": {"pred": {"under": 0.5520001116336742, "over": 0.4482180611347469, "metrics": {"loss": 2.79536509513855, "acc": 0.7162162065505981, "AUC": 0.7349342107772827, "number_of_bets_tested": 74}}, "ans": 0}, "2020020347.0": {"pred": {"under": 0.5520001116336742, "over": 0.4482180611347469, "metrics": {"loss": 2.79536509513855, "acc": 0.7162162065505981, "AUC": 0.7349342107772827, "number_of_bets_tested": 74}}, "ans": 1}, "2020020048.0": {"pred": {"under": 0.5880704017310555, "over": 0.41276177711709655, "metrics": {"loss": 2.79536509513855, "acc": 0.7162162065505981, "AUC": 0.7349342107772827, "number_of_bets_tested": 74}}, "ans": 0}}