{"2020020642.0": {"pred": {"under": 0.5577918985145177, "over": 0.4422551047933493, "metrics": {"loss": 1.1027004718780518, "acc": 0.5116279125213623, "AUC": 0.4561924934387207, "number_of_bets_tested": 86}}, "ans": 1}, "2020020657.0": {"pred": {"under": 0.5750125845006666, "over": 0.4255078198021672, "metrics": {"loss": 1.1027004718780518, "acc": 0.5116279125213623, "AUC": 0.4561924934387207, "number_of_bets_tested": 86}}, "ans": 1}, "2020020693.0": {"pred": {"under": 0.5127417798324211, "over": 0.48693344417334283, "metrics": {"loss": 1.1027004718780518, "acc": 0.5116279125213623, "AUC": 0.4561924934387207, "number_of_bets_tested": 86}}, "ans": 1}, "2020020706.0": {"pred": {"under": 0.7344764128879846, "over": 0.2658326957292718, "metrics": {"loss": 1.1027004718780518, "acc": 0.5116279125213623, "AUC": 0.4561924934387207, "number_of_bets_tested": 86}}, "ans": 1}, "2020020718.0": {"pred": {"under": 0.528773449110851, "over": 0.4714046131553236, "metrics": {"loss": 1.1027004718780518, "acc": 0.5116279125213623, "AUC": 0.4561924934387207, "number_of_bets_tested": 86}}, "ans": 1}, "2020020786.0": {"pred": {"under": 0.5339071368169189, "over": 0.4664529932640948, "metrics": {"loss": 1.1027004718780518, "acc": 0.5116279125213623, "AUC": 0.4561924934387207, "number_of_bets_tested": 86}}, "ans": 0}, "2020020816.0": {"pred": {"under": 0.5866083675406891, "over": 0.41431430004636516, "metrics": {"loss": 1.1027004718780518, "acc": 0.5116279125213623, "AUC": 0.4561924934387207, "number_of_bets_tested": 86}}, "ans": 0}, "2020020827.0": {"pred": {"under": 0.5652076879597244, "over": 0.43485089411970085, "metrics": {"loss": 1.1027004718780518, "acc": 0.5116279125213623, "AUC": 0.4561924934387207, "number_of_bets_tested": 86}}, "ans": 0}, "2020020280.0": {"pred": {"under": 0.606437062313371, "over": 0.3933497720802079, "metrics": {"loss": 1.1027004718780518, "acc": 0.5116279125213623, "AUC": 0.4561924934387207, "number_of_bets_tested": 86}}, "ans": 1}}