{"2020020816.0": {"pred": {"under": 0.7696110981900653, "over": 0.22964808602511322, "metrics": {"loss": 1.01177978515625, "acc": 0.6082473993301392, "AUC": 0.6406100392341614, "number_of_bets_tested": 97}}, "ans": 0}, "2020020827.0": {"pred": {"under": 0.9683416773805353, "over": 0.031648103995264895, "metrics": {"loss": 1.01177978515625, "acc": 0.6082473993301392, "AUC": 0.6406100392341614, "number_of_bets_tested": 97}}, "ans": 1}, "2020020280.0": {"pred": {"under": 0.9971474304084988, "over": 0.002852551741354387, "metrics": {"loss": 1.01177978515625, "acc": 0.6082473993301392, "AUC": 0.6406100392341614, "number_of_bets_tested": 97}}, "ans": 1}, "2020030131.0": {"pred": {"under": 0.9981677072295652, "over": 0.0018322869650145444, "metrics": {"loss": 1.01177978515625, "acc": 0.6082473993301392, "AUC": 0.6406100392341614, "number_of_bets_tested": 97}}, "ans": 1}, "2020030132.0": {"pred": {"under": 0.9999632890758241, "over": 3.671092417789608e-05, "metrics": {"loss": 1.01177978515625, "acc": 0.6082473993301392, "AUC": 0.6406100392341614, "number_of_bets_tested": 97}}, "ans": 0}, "2020030133.0": {"pred": {"under": 0.9998721580778064, "over": 0.00012784192222169816, "metrics": {"loss": 1.01177978515625, "acc": 0.6082473993301392, "AUC": 0.6406100392341614, "number_of_bets_tested": 97}}, "ans": 1}, "2020030134.0": {"pred": {"under": 0.9975738442041681, "over": 0.0024261544523993595, "metrics": {"loss": 1.01177978515625, "acc": 0.6082473993301392, "AUC": 0.6406100392341614, "number_of_bets_tested": 97}}, "ans": 1}}