{"2020020516.0": {"pred": {"under": 0.4279384657957375, "over": 0.57216647781151, "metrics": {"loss": 1.006623387336731, "acc": 0.43809524178504944, "AUC": 0.4560544490814209, "number_of_bets_tested": 105}}, "ans": 0}, "2020020558.0": {"pred": {"under": 0.37383082931356765, "over": 0.6264549459737125, "metrics": {"loss": 1.006623387336731, "acc": 0.43809524178504944, "AUC": 0.4560544490814209, "number_of_bets_tested": 105}}, "ans": 0}, "2020020572.0": {"pred": {"under": 0.38004173267165375, "over": 0.6202264419139931, "metrics": {"loss": 1.006623387336731, "acc": 0.43809524178504944, "AUC": 0.4560544490814209, "number_of_bets_tested": 105}}, "ans": 1}, "2020020613.0": {"pred": {"under": 0.400533415961196, "over": 0.5998369659637861, "metrics": {"loss": 1.006623387336731, "acc": 0.43809524178504944, "AUC": 0.4560544490814209, "number_of_bets_tested": 105}}, "ans": 0}, "2020020627.0": {"pred": {"under": 0.04432626369792228, "over": 0.9556647948001687, "metrics": {"loss": 1.006623387336731, "acc": 0.43809524178504944, "AUC": 0.4560544490814209, "number_of_bets_tested": 105}}, "ans": 0}, "2020020666.0": {"pred": {"under": 0.3518859763672959, "over": 0.6484252305699281, "metrics": {"loss": 1.006623387336731, "acc": 0.43809524178504944, "AUC": 0.4560544490814209, "number_of_bets_tested": 105}}, "ans": 0}, "2020020676.0": {"pred": {"under": 0.4511721874253998, "over": 0.5489721454550115, "metrics": {"loss": 1.006623387336731, "acc": 0.43809524178504944, "AUC": 0.4560544490814209, "number_of_bets_tested": 105}}, "ans": 1}, "2020020691.0": {"pred": {"under": 0.4506070836842817, "over": 0.5494079868691685, "metrics": {"loss": 1.006623387336731, "acc": 0.43809524178504944, "AUC": 0.4560544490814209, "number_of_bets_tested": 105}}, "ans": 1}, "2020020702.0": {"pred": {"under": 0.4506070836842817, "over": 0.5494079868691685, "metrics": {"loss": 1.006623387336731, "acc": 0.43809524178504944, "AUC": 0.4560544490814209, "number_of_bets_tested": 105}}, "ans": 1}, "2020020717.0": {"pred": {"under": 0.4508553474216192, "over": 0.5492164452850666, "metrics": {"loss": 1.006623387336731, "acc": 0.43809524178504944, "AUC": 0.4560544490814209, "number_of_bets_tested": 105}}, "ans": 0}}