{"2020020671.0": {"pred": {"under": 0.029859281281709574, "over": 0.9701444935370536, "metrics": {"loss": 1.358385682106018, "acc": 0.6603773832321167, "AUC": 0.6870772838592529, "number_of_bets_tested": 106}}, "ans": 0}, "2020020686.0": {"pred": {"under": 0.2701808687238119, "over": 0.7295711982069386, "metrics": {"loss": 1.358385682106018, "acc": 0.6603773832321167, "AUC": 0.6870772838592529, "number_of_bets_tested": 106}}, "ans": 1}, "2020020736.0": {"pred": {"under": 0.3451912098513818, "over": 0.654265723192696, "metrics": {"loss": 1.358385682106018, "acc": 0.6603773832321167, "AUC": 0.6870772838592529, "number_of_bets_tested": 106}}, "ans": 0}, "2020020761.0": {"pred": {"under": 0.1283181596840127, "over": 0.8718634081657192, "metrics": {"loss": 1.358385682106018, "acc": 0.6603773832321167, "AUC": 0.6870772838592529, "number_of_bets_tested": 106}}, "ans": 1}}