{"2020020480.0": {"pred": {"under": 0.5184716865411318, "over": 0.4811541758023296, "metrics": {"loss": 0.8814361095428467, "acc": 0.5398229956626892, "AUC": 0.5455008149147034, "number_of_bets_tested": 113}}, "ans": 0}, "2020020490.0": {"pred": {"under": 0.5176580685342961, "over": 0.4818460856760341, "metrics": {"loss": 0.8814361095428467, "acc": 0.5398229956626892, "AUC": 0.5455008149147034, "number_of_bets_tested": 113}}, "ans": 0}, "2020020521.0": {"pred": {"under": 0.7311493264639574, "over": 0.26878451660592406, "metrics": {"loss": 0.8814361095428467, "acc": 0.5398229956626892, "AUC": 0.5455008149147034, "number_of_bets_tested": 113}}, "ans": 1}, "2020020536.0": {"pred": {"under": 0.704963168944332, "over": 0.2951074283470381, "metrics": {"loss": 0.8814361095428467, "acc": 0.5398229956626892, "AUC": 0.5455008149147034, "number_of_bets_tested": 113}}, "ans": 0}, "2020020603.0": {"pred": {"under": 0.6822430685504964, "over": 0.3154542156404298, "metrics": {"loss": 0.8814361095428467, "acc": 0.5398229956626892, "AUC": 0.5455008149147034, "number_of_bets_tested": 113}}, "ans": 0}}