{"2020020462.0": {"pred": {"under": 0.529157609155687, "over": 0.4708190473481929, "metrics": {"loss": 0.8236992955207825, "acc": 0.5611510872840881, "AUC": 0.5944567918777466, "number_of_bets_tested": 139}}, "ans": 0}, "2020020469.0": {"pred": {"under": 0.5351829406796068, "over": 0.46486480254991414, "metrics": {"loss": 0.8236992955207825, "acc": 0.5611510872840881, "AUC": 0.5944567918777466, "number_of_bets_tested": 139}}, "ans": 0}, "2020020755.0": {"pred": {"under": 0.4944307174634561, "over": 0.5051323997790563, "metrics": {"loss": 0.8236992955207825, "acc": 0.5611510872840881, "AUC": 0.5944567918777466, "number_of_bets_tested": 139}}, "ans": 1}, "2020020504.0": {"pred": {"under": 0.4582932749781278, "over": 0.5408584617420098, "metrics": {"loss": 0.8236992955207825, "acc": 0.5611510872840881, "AUC": 0.5944567918777466, "number_of_bets_tested": 139}}, "ans": 1}, "2020020516.0": {"pred": {"under": 0.5351829406796068, "over": 0.46486480254991414, "metrics": {"loss": 0.8236992955207825, "acc": 0.5611510872840881, "AUC": 0.5944567918777466, "number_of_bets_tested": 139}}, "ans": 1}, "2020020548.0": {"pred": {"under": 0.5243272525271194, "over": 0.4755920666189799, "metrics": {"loss": 0.8236992955207825, "acc": 0.5611510872840881, "AUC": 0.5944567918777466, "number_of_bets_tested": 139}}, "ans": 1}, "2020020557.0": {"pred": {"under": 0.5091657791235178, "over": 0.4905725871369632, "metrics": {"loss": 0.8236992955207825, "acc": 0.5611510872840881, "AUC": 0.5944567918777466, "number_of_bets_tested": 139}}, "ans": 1}, "2020020390.0": {"pred": {"under": 0.5242529239946889, "over": 0.4756655157922096, "metrics": {"loss": 0.8236992955207825, "acc": 0.5611510872840881, "AUC": 0.5944567918777466, "number_of_bets_tested": 139}}, "ans": 0}, "2020020614.0": {"pred": {"under": 0.5351829406796068, "over": 0.46486480254991414, "metrics": {"loss": 0.8236992955207825, "acc": 0.5611510872840881, "AUC": 0.5944567918777466, "number_of_bets_tested": 139}}, "ans": 1}, "2020020626.0": {"pred": {"under": 0.5191521061192024, "over": 0.4807055443167763, "metrics": {"loss": 0.8236992955207825, "acc": 0.5611510872840881, "AUC": 0.5944567918777466, "number_of_bets_tested": 139}}, "ans": 1}, "2020020202.0": {"pred": {"under": 0.5261911276554969, "over": 0.47375034490928825, "metrics": {"loss": 0.8236992955207825, "acc": 0.5611510872840881, "AUC": 0.5944567918777466, "number_of_bets_tested": 139}}, "ans": 1}, "2020020680.0": {"pred": {"under": 0.6593687035949648, "over": 0.33971567523884466, "metrics": {"loss": 0.8236992955207825, "acc": 0.5611510872840881, "AUC": 0.5944567918777466, "number_of_bets_tested": 139}}, "ans": 0}, "2020020692.0": {"pred": {"under": 0.5213937660842918, "over": 0.47849061663682435, "metrics": {"loss": 0.8236992955207825, "acc": 0.5611510872840881, "AUC": 0.5944567918777466, "number_of_bets_tested": 139}}, "ans": 0}, "2020020703.0": {"pred": {"under": 0.5351829406796068, "over": 0.46486480254991414, "metrics": {"loss": 0.8236992955207825, "acc": 0.5611510872840881, "AUC": 0.5944567918777466, "number_of_bets_tested": 139}}, "ans": 0}, "2020020254.0": {"pred": {"under": 0.4964212170431881, "over": 0.5031654385111917, "metrics": {"loss": 0.8236992955207825, "acc": 0.5611510872840881, "AUC": 0.5944567918777466, "number_of_bets_tested": 139}}, "ans": 1}, "2020020739.0": {"pred": {"under": 0.43975573015972746, "over": 0.5591074674745129, "metrics": {"loss": 0.8236992955207825, "acc": 0.5611510872840881, "AUC": 0.5944567918777466, "number_of_bets_tested": 139}}, "ans": 1}, "2020020216.0": {"pred": {"under": 0.5575283822779616, "over": 0.44266808479251357, "metrics": {"loss": 0.8236992955207825, "acc": 0.5611510872840881, "AUC": 0.5944567918777466, "number_of_bets_tested": 139}}, "ans": 0}, "2020020716.0": {"pred": {"under": 0.4961025286319151, "over": 0.5034803568358432, "metrics": {"loss": 0.8236992955207825, "acc": 0.5611510872840881, "AUC": 0.5944567918777466, "number_of_bets_tested": 139}}, "ans": 0}, "2020020783.0": {"pred": {"under": 0.6805733323965207, "over": 0.3197730477668702, "metrics": {"loss": 0.8236992955207825, "acc": 0.5611510872840881, "AUC": 0.5944567918777466, "number_of_bets_tested": 139}}, "ans": 1}, "2020020815.0": {"pred": {"under": 0.4636967742963874, "over": 0.535513854109686, "metrics": {"loss": 0.8236992955207825, "acc": 0.5611510872840881, "AUC": 0.5944567918777466, "number_of_bets_tested": 139}}, "ans": 1}, "2020020826.0": {"pred": {"under": 0.45334509753182456, "over": 0.5455656144477996, "metrics": {"loss": 0.8236992955207825, "acc": 0.5611510872840881, "AUC": 0.5944567918777466, "number_of_bets_tested": 139}}, "ans": 0}, "2020020840.0": {"pred": {"under": 0.5007731622328926, "over": 0.49886514713157665, "metrics": {"loss": 0.8236992955207825, "acc": 0.5611510872840881, "AUC": 0.5944567918777466, "number_of_bets_tested": 139}}, "ans": 1}}