{"2020020515.0": {"pred": {"under": 0.9985826984966257, "over": 0.0014173012466941993, "metrics": {"loss": 1.5711777210235596, "acc": 0.8199999928474426, "AUC": 0.7915999889373779, "number_of_bets_tested": 50}}, "ans": 0}, "2020020628.0": {"pred": {"under": 0.7696204742896668, "over": 0.23069939636051484, "metrics": {"loss": 1.5711777210235596, "acc": 0.8199999928474426, "AUC": 0.7915999889373779, "number_of_bets_tested": 50}}, "ans": 0}, "2020020770.0": {"pred": {"under": 0.7385831998688772, "over": 0.26234280337864574, "metrics": {"loss": 1.5711777210235596, "acc": 0.8199999928474426, "AUC": 0.7915999889373779, "number_of_bets_tested": 50}}, "ans": 0}}