{"2020020472.0": {"pred": {"under": 0.6396921160132196, "over": 0.36122236993207546, "metrics": {"loss": 0.8676393032073975, "acc": 0.5596330165863037, "AUC": 0.56830233335495, "number_of_bets_tested": 109}}, "ans": 0}, "2020020487.0": {"pred": {"under": 0.7873069514542188, "over": 0.21291380971048027, "metrics": {"loss": 0.8676393032073975, "acc": 0.5596330165863037, "AUC": 0.56830233335495, "number_of_bets_tested": 109}}, "ans": 0}, "2020020258.0": {"pred": {"under": 0.959981521143203, "over": 0.04001436727596361, "metrics": {"loss": 0.8676393032073975, "acc": 0.5596330165863037, "AUC": 0.56830233335495, "number_of_bets_tested": 109}}, "ans": 0}, "2020020506.0": {"pred": {"under": 0.9994399083904473, "over": 0.0005600916919306233, "metrics": {"loss": 0.8676393032073975, "acc": 0.5596330165863037, "AUC": 0.56830233335495, "number_of_bets_tested": 109}}, "ans": 0}, "2020020520.0": {"pred": {"under": 0.7383951952428436, "over": 0.26234680244582387, "metrics": {"loss": 0.8676393032073975, "acc": 0.5596330165863037, "AUC": 0.56830233335495, "number_of_bets_tested": 109}}, "ans": 0}}