{"2020020463.0": {"pred": {"under": 0.5648743422524625, "over": 0.43446518568405906, "metrics": {"loss": 2.560605049133301, "acc": 0.5420560836791992, "AUC": 0.5474276542663574, "number_of_bets_tested": 107}}, "ans": 0}, "2020020710.0": {"pred": {"under": 0.5648743422524625, "over": 0.43446518568405906, "metrics": {"loss": 2.560605049133301, "acc": 0.5420560836791992, "AUC": 0.5474276542663574, "number_of_bets_tested": 107}}, "ans": 0}, "2020020737.0": {"pred": {"under": 0.5648743422524625, "over": 0.43446518568405906, "metrics": {"loss": 2.560605049133301, "acc": 0.5420560836791992, "AUC": 0.5474276542663574, "number_of_bets_tested": 107}}, "ans": 0}, "2020020776.0": {"pred": {"under": 0.5648743422524625, "over": 0.43446518568405906, "metrics": {"loss": 2.560605049133301, "acc": 0.5420560836791992, "AUC": 0.5474276542663574, "number_of_bets_tested": 107}}, "ans": 0}, "2020020792.0": {"pred": {"under": 0.5648743422524625, "over": 0.43446518568405906, "metrics": {"loss": 2.560605049133301, "acc": 0.5420560836791992, "AUC": 0.5474276542663574, "number_of_bets_tested": 107}}, "ans": 0}, "2020020844.0": {"pred": {"under": 0.4384597772678755, "over": 0.561227070642126, "metrics": {"loss": 2.560605049133301, "acc": 0.5420560836791992, "AUC": 0.5474276542663574, "number_of_bets_tested": 107}}, "ans": 0}, "2020020593.0": {"pred": {"under": 0.5653831444469798, "over": 0.43399102343252083, "metrics": {"loss": 2.560605049133301, "acc": 0.5420560836791992, "AUC": 0.5474276542663574, "number_of_bets_tested": 107}}, "ans": 0}}