{"2020020494.0": {"pred": {"under": 0.32556310164229113, "over": 0.6756989591676168, "metrics": {"loss": 0.7369431257247925, "acc": 0.5483871102333069, "AUC": 0.5326627492904663, "number_of_bets_tested": 93}}, "ans": 0}}