{"2020020467.0": {"pred": {"under": 0.46015351372035596, "over": 0.5397438813063251, "metrics": {"loss": 0.7794495820999146, "acc": 0.4677419364452362, "AUC": 0.4767169654369354, "number_of_bets_tested": 124}}, "ans": 0}, "2020020482.0": {"pred": {"under": 0.6277467640660601, "over": 0.3733756174565827, "metrics": {"loss": 0.7794495820999146, "acc": 0.4677419364452362, "AUC": 0.4767169654369354, "number_of_bets_tested": 124}}, "ans": 1}, "2020020493.0": {"pred": {"under": 0.8470041528537525, "over": 0.15246674170261665, "metrics": {"loss": 0.7794495820999146, "acc": 0.4677419364452362, "AUC": 0.4767169654369354, "number_of_bets_tested": 124}}, "ans": 0}, "2020020122.0": {"pred": {"under": 0.8020929106894664, "over": 0.19720231499033594, "metrics": {"loss": 0.7794495820999146, "acc": 0.4677419364452362, "AUC": 0.4767169654369354, "number_of_bets_tested": 124}}, "ans": 0}, "2020020223.0": {"pred": {"under": 0.7619509683108234, "over": 0.23837002183204045, "metrics": {"loss": 0.7794495820999146, "acc": 0.4677419364452362, "AUC": 0.4767169654369354, "number_of_bets_tested": 124}}, "ans": 0}, "2020020525.0": {"pred": {"under": 0.7707728494234776, "over": 0.2283445219135269, "metrics": {"loss": 0.7794495820999146, "acc": 0.4677419364452362, "AUC": 0.4767169654369354, "number_of_bets_tested": 124}}, "ans": 0}, "2020020535.0": {"pred": {"under": 0.7029516580230057, "over": 0.29608921705313623, "metrics": {"loss": 0.7794495820999146, "acc": 0.4677419364452362, "AUC": 0.4767169654369354, "number_of_bets_tested": 124}}, "ans": 1}, "2020020723.0": {"pred": {"under": 0.6550433919598606, "over": 0.34412155363129243, "metrics": {"loss": 0.7794495820999146, "acc": 0.4677419364452362, "AUC": 0.4767169654369354, "number_of_bets_tested": 124}}, "ans": 1}, "2020020606.0": {"pred": {"under": 0.7804226041454758, "over": 0.21851291294358108, "metrics": {"loss": 0.7794495820999146, "acc": 0.4677419364452362, "AUC": 0.4767169654369354, "number_of_bets_tested": 124}}, "ans": 0}, "2020020620.0": {"pred": {"under": 0.42160687485023995, "over": 0.5782828371791932, "metrics": {"loss": 0.7794495820999146, "acc": 0.4677419364452362, "AUC": 0.4767169654369354, "number_of_bets_tested": 124}}, "ans": 0}, "2020020637.0": {"pred": {"under": 0.3199692476247028, "over": 0.6799261159939641, "metrics": {"loss": 0.7794495820999146, "acc": 0.4677419364452362, "AUC": 0.4767169654369354, "number_of_bets_tested": 124}}, "ans": 0}, "2020020654.0": {"pred": {"under": 0.3489646086442027, "over": 0.6509251945936203, "metrics": {"loss": 0.7794495820999146, "acc": 0.4677419364452362, "AUC": 0.4767169654369354, "number_of_bets_tested": 124}}, "ans": 1}, "2020020182.0": {"pred": {"under": 0.44703159988435887, "over": 0.5529666099549415, "metrics": {"loss": 0.7794495820999146, "acc": 0.4677419364452362, "AUC": 0.4767169654369354, "number_of_bets_tested": 124}}, "ans": 0}, "2020020700.0": {"pred": {"under": 0.6827352919205231, "over": 0.31690326070553887, "metrics": {"loss": 0.7794495820999146, "acc": 0.4677419364452362, "AUC": 0.4767169654369354, "number_of_bets_tested": 124}}, "ans": 1}, "2020020735.0": {"pred": {"under": 0.5430504484283838, "over": 0.45715352727059827, "metrics": {"loss": 0.7794495820999146, "acc": 0.4677419364452362, "AUC": 0.4767169654369354, "number_of_bets_tested": 124}}, "ans": 0}, "2020020191.0": {"pred": {"under": 0.46015351372035596, "over": 0.5397438813063251, "metrics": {"loss": 0.7794495820999146, "acc": 0.4677419364452362, "AUC": 0.4767169654369354, "number_of_bets_tested": 124}}, "ans": 0}, "2020020778.0": {"pred": {"under": 0.6947602514546841, "over": 0.3058826938567262, "metrics": {"loss": 0.7794495820999146, "acc": 0.4677419364452362, "AUC": 0.4767169654369354, "number_of_bets_tested": 124}}, "ans": 0}, "2020020762.0": {"pred": {"under": 0.8370495199064072, "over": 0.16178593177719533, "metrics": {"loss": 0.7794495820999146, "acc": 0.4677419364452362, "AUC": 0.4767169654369354, "number_of_bets_tested": 124}}, "ans": 0}, "2020030151.0": {"pred": {"under": 0.52592008664867, "over": 0.4693963297081031, "metrics": {"loss": 0.7794495820999146, "acc": 0.4677419364452362, "AUC": 0.4767169654369354, "number_of_bets_tested": 124}}, "ans": 1}, "2020030152.0": {"pred": {"under": 0.5104672200926543, "over": 0.4901451416421384, "metrics": {"loss": 0.7794495820999146, "acc": 0.4677419364452362, "AUC": 0.4767169654369354, "number_of_bets_tested": 124}}, "ans": 1}, "2020030153.0": {"pred": {"under": 0.721367163117706, "over": 0.2779186957463201, "metrics": {"loss": 0.7794495820999146, "acc": 0.4677419364452362, "AUC": 0.4767169654369354, "number_of_bets_tested": 124}}, "ans": 0}, "2020030154.0": {"pred": {"under": 0.46015351372035596, "over": 0.5397438813063251, "metrics": {"loss": 0.7794495820999146, "acc": 0.4677419364452362, "AUC": 0.4767169654369354, "number_of_bets_tested": 124}}, "ans": 0}}