{"2020020240.0": {"pred": {"under": 0.43885124379638646, "over": 0.5618002345782476, "metrics": {"loss": 1.654329538345337, "acc": 0.5507246255874634, "AUC": 0.564062237739563, "number_of_bets_tested": 69}}, "ans": 1}}