{"2020030143.0": {"pred": {"under": 0.9222915723361628, "over": 0.07766180566399272, "metrics": {"loss": 0.8086881637573242, "acc": 0.6619718074798584, "AUC": 0.678536057472229, "number_of_bets_tested": 71}}, "ans": 0}}