{"2020020568.0": {"pred": {"under": 0.531284687352458, "over": 0.46847495950632795, "metrics": {"loss": 1.1405346393585205, "acc": 0.5724637508392334, "AUC": 0.5801827311515808, "number_of_bets_tested": 138}}, "ans": 0}, "2020020492.0": {"pred": {"under": 0.5242597775271984, "over": 0.47564459007684634, "metrics": {"loss": 1.1405346393585205, "acc": 0.5724637508392334, "AUC": 0.5801827311515808, "number_of_bets_tested": 138}}, "ans": 1}, "2020020502.0": {"pred": {"under": 0.5230254075109887, "over": 0.4770858510024779, "metrics": {"loss": 1.1405346393585205, "acc": 0.5724637508392334, "AUC": 0.5801827311515808, "number_of_bets_tested": 138}}, "ans": 0}, "2020020508.0": {"pred": {"under": 0.5230254075109887, "over": 0.4770858510024779, "metrics": {"loss": 1.1405346393585205, "acc": 0.5724637508392334, "AUC": 0.5801827311515808, "number_of_bets_tested": 138}}, "ans": 1}, "2020020523.0": {"pred": {"under": 0.40835166687077223, "over": 0.5924840400626479, "metrics": {"loss": 1.1405346393585205, "acc": 0.5724637508392334, "AUC": 0.5801827311515808, "number_of_bets_tested": 138}}, "ans": 1}, "2020020553.0": {"pred": {"under": 0.5230254075109887, "over": 0.4770858510024779, "metrics": {"loss": 1.1405346393585205, "acc": 0.5724637508392334, "AUC": 0.5801827311515808, "number_of_bets_tested": 138}}, "ans": 1}, "2020020209.0": {"pred": {"under": 0.5230254075109887, "over": 0.4770858510024779, "metrics": {"loss": 1.1405346393585205, "acc": 0.5724637508392334, "AUC": 0.5801827311515808, "number_of_bets_tested": 138}}, "ans": 1}, "2020020723.0": {"pred": {"under": 0.5230254075109887, "over": 0.4770858510024779, "metrics": {"loss": 1.1405346393585205, "acc": 0.5724637508392334, "AUC": 0.5801827311515808, "number_of_bets_tested": 138}}, "ans": 1}, "2020020609.0": {"pred": {"under": 0.5655938618576936, "over": 0.4332090486630445, "metrics": {"loss": 1.1405346393585205, "acc": 0.5724637508392334, "AUC": 0.5801827311515808, "number_of_bets_tested": 138}}, "ans": 1}, "2020020623.0": {"pred": {"under": 0.39000945823532984, "over": 0.6094695979766953, "metrics": {"loss": 1.1405346393585205, "acc": 0.5724637508392334, "AUC": 0.5801827311515808, "number_of_bets_tested": 138}}, "ans": 0}, "2020020640.0": {"pred": {"under": 0.10472172521103942, "over": 0.8953252776563742, "metrics": {"loss": 1.1405346393585205, "acc": 0.5724637508392334, "AUC": 0.5801827311515808, "number_of_bets_tested": 138}}, "ans": 1}, "2020020656.0": {"pred": {"under": 0.5380670095604028, "over": 0.4613148919703443, "metrics": {"loss": 1.1405346393585205, "acc": 0.5724637508392334, "AUC": 0.5801827311515808, "number_of_bets_tested": 138}}, "ans": 0}, "2020020225.0": {"pred": {"under": 0.506624598852929, "over": 0.49373153132914993, "metrics": {"loss": 1.1405346393585205, "acc": 0.5724637508392334, "AUC": 0.5801827311515808, "number_of_bets_tested": 138}}, "ans": 0}, "2020020182.0": {"pred": {"under": 0.5171769514690001, "over": 0.4824651287921108, "metrics": {"loss": 1.1405346393585205, "acc": 0.5724637508392334, "AUC": 0.5801827311515808, "number_of_bets_tested": 138}}, "ans": 0}, "2020020735.0": {"pred": {"under": 0.07989413822480597, "over": 0.9200293426767252, "metrics": {"loss": 1.1405346393585205, "acc": 0.5724637508392334, "AUC": 0.5801827311515808, "number_of_bets_tested": 138}}, "ans": 0}, "2020020191.0": {"pred": {"under": 0.24124176380228804, "over": 0.7594003168400588, "metrics": {"loss": 1.1405346393585205, "acc": 0.5724637508392334, "AUC": 0.5801827311515808, "number_of_bets_tested": 138}}, "ans": 0}, "2020020779.0": {"pred": {"under": 0.2827114511986802, "over": 0.71725634256757, "metrics": {"loss": 1.1405346393585205, "acc": 0.5724637508392334, "AUC": 0.5801827311515808, "number_of_bets_tested": 138}}, "ans": 1}, "2020020823.0": {"pred": {"under": 0.5230254075109887, "over": 0.4770858510024779, "metrics": {"loss": 1.1405346393585205, "acc": 0.5724637508392334, "AUC": 0.5801827311515808, "number_of_bets_tested": 138}}, "ans": 0}, "2020020837.0": {"pred": {"under": 0.5230254075109887, "over": 0.4770858510024779, "metrics": {"loss": 1.1405346393585205, "acc": 0.5724637508392334, "AUC": 0.5801827311515808, "number_of_bets_tested": 138}}, "ans": 1}, "2020020852.0": {"pred": {"under": 0.5454616041623093, "over": 0.45370350890220656, "metrics": {"loss": 1.1405346393585205, "acc": 0.5724637508392334, "AUC": 0.5801827311515808, "number_of_bets_tested": 138}}, "ans": 1}, "2020020688.0": {"pred": {"under": 0.40801657433654565, "over": 0.5917491426737009, "metrics": {"loss": 1.1405346393585205, "acc": 0.5724637508392334, "AUC": 0.5801827311515808, "number_of_bets_tested": 138}}, "ans": 1}, "2020030151.0": {"pred": {"under": 0.11939669240389793, "over": 0.8807670744523086, "metrics": {"loss": 1.1405346393585205, "acc": 0.5724637508392334, "AUC": 0.5801827311515808, "number_of_bets_tested": 138}}, "ans": 1}, "2020030152.0": {"pred": {"under": 0.452060222986644, "over": 0.5485908794631896, "metrics": {"loss": 1.1405346393585205, "acc": 0.5724637508392334, "AUC": 0.5801827311515808, "number_of_bets_tested": 138}}, "ans": 1}, "2020030153.0": {"pred": {"under": 0.5230254075109887, "over": 0.4770858510024779, "metrics": {"loss": 1.1405346393585205, "acc": 0.5724637508392334, "AUC": 0.5801827311515808, "number_of_bets_tested": 138}}, "ans": 0}, "2020030154.0": {"pred": {"under": 0.4143342694315942, "over": 0.5864799427078982, "metrics": {"loss": 1.1405346393585205, "acc": 0.5724637508392334, "AUC": 0.5801827311515808, "number_of_bets_tested": 138}}, "ans": 1}}