{"2020020291.0": {"pred": {"under": 0.5812609134577018, "over": 0.4187258830193966, "metrics": {"loss": 3.5622289180755615, "acc": 0.6083333492279053, "AUC": 0.5891320109367371, "number_of_bets_tested": 120}}, "ans": 1}, "2020020496.0": {"pred": {"under": 0.5812609134577018, "over": 0.4187258830193966, "metrics": {"loss": 3.5622289180755615, "acc": 0.6083333492279053, "AUC": 0.5891320109367371, "number_of_bets_tested": 120}}, "ans": 1}, "2020020516.0": {"pred": {"under": 0.5812609134577018, "over": 0.4187258830193966, "metrics": {"loss": 3.5622289180755615, "acc": 0.6083333492279053, "AUC": 0.5891320109367371, "number_of_bets_tested": 120}}, "ans": 1}, "2020020558.0": {"pred": {"under": 0.5812609134577018, "over": 0.4187258830193966, "metrics": {"loss": 3.5622289180755615, "acc": 0.6083333492279053, "AUC": 0.5891320109367371, "number_of_bets_tested": 120}}, "ans": 0}, "2020020572.0": {"pred": {"under": 0.5812609134577018, "over": 0.4187258830193966, "metrics": {"loss": 3.5622289180755615, "acc": 0.6083333492279053, "AUC": 0.5891320109367371, "number_of_bets_tested": 120}}, "ans": 1}, "2020020613.0": {"pred": {"under": 0.5812609134577018, "over": 0.4187258830193966, "metrics": {"loss": 3.5622289180755615, "acc": 0.6083333492279053, "AUC": 0.5891320109367371, "number_of_bets_tested": 120}}, "ans": 0}, "2020020627.0": {"pred": {"under": 0.876490870360904, "over": 0.12340722186183933, "metrics": {"loss": 3.5622289180755615, "acc": 0.6083333492279053, "AUC": 0.5891320109367371, "number_of_bets_tested": 120}}, "ans": 0}, "2020020636.0": {"pred": {"under": 0.5812609134577018, "over": 0.4187258830193966, "metrics": {"loss": 3.5622289180755615, "acc": 0.6083333492279053, "AUC": 0.5891320109367371, "number_of_bets_tested": 120}}, "ans": 1}, "2020020651.0": {"pred": {"under": 0.5812609134577018, "over": 0.4187258830193966, "metrics": {"loss": 3.5622289180755615, "acc": 0.6083333492279053, "AUC": 0.5891320109367371, "number_of_bets_tested": 120}}, "ans": 0}, "2020020666.0": {"pred": {"under": 0.5812609134577018, "over": 0.4187258830193966, "metrics": {"loss": 3.5622289180755615, "acc": 0.6083333492279053, "AUC": 0.5891320109367371, "number_of_bets_tested": 120}}, "ans": 0}, "2020020676.0": {"pred": {"under": 0.5812609134577018, "over": 0.4187258830193966, "metrics": {"loss": 3.5622289180755615, "acc": 0.6083333492279053, "AUC": 0.5891320109367371, "number_of_bets_tested": 120}}, "ans": 0}, "2020020691.0": {"pred": {"under": 0.5812609134577018, "over": 0.4187258830193966, "metrics": {"loss": 3.5622289180755615, "acc": 0.6083333492279053, "AUC": 0.5891320109367371, "number_of_bets_tested": 120}}, "ans": 0}, "2020020702.0": {"pred": {"under": 0.5812609134577018, "over": 0.4187258830193966, "metrics": {"loss": 3.5622289180755615, "acc": 0.6083333492279053, "AUC": 0.5891320109367371, "number_of_bets_tested": 120}}, "ans": 0}, "2020020717.0": {"pred": {"under": 0.5812609134577018, "over": 0.4187258830193966, "metrics": {"loss": 3.5622289180755615, "acc": 0.6083333492279053, "AUC": 0.5891320109367371, "number_of_bets_tested": 120}}, "ans": 1}, "2020020254.0": {"pred": {"under": 0.5812609134577018, "over": 0.4187258830193966, "metrics": {"loss": 3.5622289180755615, "acc": 0.6083333492279053, "AUC": 0.5891320109367371, "number_of_bets_tested": 120}}, "ans": 1}, "2020020739.0": {"pred": {"under": 0.5812609134577018, "over": 0.4187258830193966, "metrics": {"loss": 3.5622289180755615, "acc": 0.6083333492279053, "AUC": 0.5891320109367371, "number_of_bets_tested": 120}}, "ans": 0}, "2020020754.0": {"pred": {"under": 0.5812609134577018, "over": 0.4187258830193966, "metrics": {"loss": 3.5622289180755615, "acc": 0.6083333492279053, "AUC": 0.5891320109367371, "number_of_bets_tested": 120}}, "ans": 1}, "2020020768.0": {"pred": {"under": 0.5812609134577018, "over": 0.4187258830193966, "metrics": {"loss": 3.5622289180755615, "acc": 0.6083333492279053, "AUC": 0.5891320109367371, "number_of_bets_tested": 120}}, "ans": 0}, "2020020784.0": {"pred": {"under": 0.5812609134577018, "over": 0.4187258830193966, "metrics": {"loss": 3.5622289180755615, "acc": 0.6083333492279053, "AUC": 0.5891320109367371, "number_of_bets_tested": 120}}, "ans": 0}, "2020020814.0": {"pred": {"under": 0.5812609134577018, "over": 0.4187258830193966, "metrics": {"loss": 3.5622289180755615, "acc": 0.6083333492279053, "AUC": 0.5891320109367371, "number_of_bets_tested": 120}}, "ans": 1}, "2020020830.0": {"pred": {"under": 0.5812609134577018, "over": 0.4187258830193966, "metrics": {"loss": 3.5622289180755615, "acc": 0.6083333492279053, "AUC": 0.5891320109367371, "number_of_bets_tested": 120}}, "ans": 0}, "2020020838.0": {"pred": {"under": 0.5812609134577018, "over": 0.4187258830193966, "metrics": {"loss": 3.5622289180755615, "acc": 0.6083333492279053, "AUC": 0.5891320109367371, "number_of_bets_tested": 120}}, "ans": 0}}