{"2020030142.0": {"pred": {"under": 0.9731823149125808, "over": 0.026821708833346836, "metrics": {"loss": 1.2210195064544678, "acc": 0.4749999940395355, "AUC": 0.45343753695487976, "number_of_bets_tested": 120}}, "ans": 0}, "2020030143.0": {"pred": {"under": 0.0981253116884263, "over": 0.901863350783124, "metrics": {"loss": 1.2210195064544678, "acc": 0.4749999940395355, "AUC": 0.45343753695487976, "number_of_bets_tested": 120}}, "ans": 0}}