{"2020030142.0": {"pred": {"under": 0.9949004636950591, "over": 0.005099585242516839, "metrics": {"loss": 0.9197394251823425, "acc": 0.5757575631141663, "AUC": 0.5663452744483948, "number_of_bets_tested": 66}}, "ans": 0}, "2020030143.0": {"pred": {"under": 0.6078207142116022, "over": 0.39292752499835576, "metrics": {"loss": 0.9197394251823425, "acc": 0.5757575631141663, "AUC": 0.5663452744483948, "number_of_bets_tested": 66}}, "ans": 1}}