{"2020020182.0": {"pred": {"under": 0.30757850388605434, "over": 0.6922843700460026, "metrics": {"loss": 0.6706716418266296, "acc": 0.658730149269104, "AUC": 0.7185689210891724, "number_of_bets_tested": 126}}, "ans": 1}, "2020020762.0": {"pred": {"under": 0.2784978366744294, "over": 0.7214626542520427, "metrics": {"loss": 0.6706716418266296, "acc": 0.658730149269104, "AUC": 0.7185689210891724, "number_of_bets_tested": 126}}, "ans": 1}}