{"2020020482.0": {"pred": {"under": 0.3943697421211069, "over": 0.6058198745324198, "metrics": {"loss": 1.053731918334961, "acc": 0.4433962404727936, "AUC": 0.4776166081428528, "number_of_bets_tested": 106}}, "ans": 1}, "2020020493.0": {"pred": {"under": 0.4464483459429947, "over": 0.5545044309394578, "metrics": {"loss": 1.053731918334961, "acc": 0.4433962404727936, "AUC": 0.4776166081428528, "number_of_bets_tested": 106}}, "ans": 0}, "2020020514.0": {"pred": {"under": 0.13820387999198708, "over": 0.8619107587963251, "metrics": {"loss": 1.053731918334961, "acc": 0.4433962404727936, "AUC": 0.4776166081428528, "number_of_bets_tested": 106}}, "ans": 0}, "2020020528.0": {"pred": {"under": 0.28476551739594214, "over": 0.7162189749320288, "metrics": {"loss": 1.053731918334961, "acc": 0.4433962404727936, "AUC": 0.4776166081428528, "number_of_bets_tested": 106}}, "ans": 0}, "2020020540.0": {"pred": {"under": 0.5010944415182018, "over": 0.4995289101988111, "metrics": {"loss": 1.053731918334961, "acc": 0.4433962404727936, "AUC": 0.4776166081428528, "number_of_bets_tested": 106}}, "ans": 0}, "2020020570.0": {"pred": {"under": 0.48404914536879146, "over": 0.5160637563183785, "metrics": {"loss": 1.053731918334961, "acc": 0.4433962404727936, "AUC": 0.4776166081428528, "number_of_bets_tested": 106}}, "ans": 0}, "2020020584.0": {"pred": {"under": 0.5782363435748256, "over": 0.4217245886010342, "metrics": {"loss": 1.053731918334961, "acc": 0.4433962404727936, "AUC": 0.4776166081428528, "number_of_bets_tested": 106}}, "ans": 1}, "2020020241.0": {"pred": {"under": 0.5758886283884761, "over": 0.4240698098362452, "metrics": {"loss": 1.053731918334961, "acc": 0.4433962404727936, "AUC": 0.4776166081428528, "number_of_bets_tested": 106}}, "ans": 1}, "2020020649.0": {"pred": {"under": 0.1650475025905426, "over": 0.8352873301181314, "metrics": {"loss": 1.053731918334961, "acc": 0.4433962404727936, "AUC": 0.4776166081428528, "number_of_bets_tested": 106}}, "ans": 1}, "2020020664.0": {"pred": {"under": 0.5763926364986403, "over": 0.4235663401437459, "metrics": {"loss": 1.053731918334961, "acc": 0.4433962404727936, "AUC": 0.4776166081428528, "number_of_bets_tested": 106}}, "ans": 0}, "2020020675.0": {"pred": {"under": 0.5782363435748256, "over": 0.4217245886010342, "metrics": {"loss": 1.053731918334961, "acc": 0.4433962404727936, "AUC": 0.4776166081428528, "number_of_bets_tested": 106}}, "ans": 1}, "2020020698.0": {"pred": {"under": 0.2727900980220181, "over": 0.7270959350003505, "metrics": {"loss": 1.053731918334961, "acc": 0.4433962404727936, "AUC": 0.4776166081428528, "number_of_bets_tested": 106}}, "ans": 0}, "2020020781.0": {"pred": {"under": 0.5782363435748256, "over": 0.4217245886010342, "metrics": {"loss": 1.053731918334961, "acc": 0.4433962404727936, "AUC": 0.4776166081428528, "number_of_bets_tested": 106}}, "ans": 1}, "2020020853.0": {"pred": {"under": 0.3541679176521318, "over": 0.6459678854479428, "metrics": {"loss": 1.053731918334961, "acc": 0.4433962404727936, "AUC": 0.4776166081428528, "number_of_bets_tested": 106}}, "ans": 1}, "2020020162.0": {"pred": {"under": 0.7112279286877163, "over": 0.2888326945353921, "metrics": {"loss": 1.053731918334961, "acc": 0.4433962404727936, "AUC": 0.4776166081428528, "number_of_bets_tested": 106}}, "ans": 0}}