{"2020020559.0": {"pred": {"under": 0.2801399880400606, "over": 0.7198014105982348, "metrics": {"loss": 4.114194393157959, "acc": 0.688524603843689, "AUC": 0.6956462860107422, "number_of_bets_tested": 61}}, "ans": 0}, "2020020679.0": {"pred": {"under": 0.2852438742426888, "over": 0.7145623528848296, "metrics": {"loss": 4.114194393157959, "acc": 0.688524603843689, "AUC": 0.6956462860107422, "number_of_bets_tested": 61}}, "ans": 0}, "2020020694.0": {"pred": {"under": 0.3350377621543589, "over": 0.6646615319917105, "metrics": {"loss": 4.114194393157959, "acc": 0.688524603843689, "AUC": 0.6956462860107422, "number_of_bets_tested": 61}}, "ans": 0}, "2020020706.0": {"pred": {"under": 0.1978633246672437, "over": 0.8020575618451009, "metrics": {"loss": 4.114194393157959, "acc": 0.688524603843689, "AUC": 0.6956462860107422, "number_of_bets_tested": 61}}, "ans": 1}, "2020020718.0": {"pred": {"under": 0.37272630599228473, "over": 0.6281472951090584, "metrics": {"loss": 4.114194393157959, "acc": 0.688524603843689, "AUC": 0.6956462860107422, "number_of_bets_tested": 61}}, "ans": 1}, "2020020731.0": {"pred": {"under": 0.028933517769847934, "over": 0.9710565751604259, "metrics": {"loss": 4.114194393157959, "acc": 0.688524603843689, "AUC": 0.6956462860107422, "number_of_bets_tested": 61}}, "ans": 1}, "2020020756.0": {"pred": {"under": 0.1676423896638752, "over": 0.8318482039372942, "metrics": {"loss": 4.114194393157959, "acc": 0.688524603843689, "AUC": 0.6956462860107422, "number_of_bets_tested": 61}}, "ans": 1}, "2020020772.0": {"pred": {"under": 0.3206795347000993, "over": 0.6797361826590205, "metrics": {"loss": 4.114194393157959, "acc": 0.688524603843689, "AUC": 0.6956462860107422, "number_of_bets_tested": 61}}, "ans": 1}, "2020020347.0": {"pred": {"under": 0.36121823904017103, "over": 0.6394426418694904, "metrics": {"loss": 4.114194393157959, "acc": 0.688524603843689, "AUC": 0.6956462860107422, "number_of_bets_tested": 61}}, "ans": 1}, "2020020033.0": {"pred": {"under": 0.5218698890394685, "over": 0.47954159875051156, "metrics": {"loss": 4.114194393157959, "acc": 0.688524603843689, "AUC": 0.6956462860107422, "number_of_bets_tested": 61}}, "ans": 0}, "2020020048.0": {"pred": {"under": 0.4023047509115071, "over": 0.59847796198299, "metrics": {"loss": 4.114194393157959, "acc": 0.688524603843689, "AUC": 0.6956462860107422, "number_of_bets_tested": 61}}, "ans": 1}, "2020030143.0": {"pred": {"under": 0.2801399880400606, "over": 0.7198014105982348, "metrics": {"loss": 4.114194393157959, "acc": 0.688524603843689, "AUC": 0.6956462860107422, "number_of_bets_tested": 61}}, "ans": 1}}