{"2020020642.0": {"pred": {"under": 0.7763347997519209, "over": 0.22345220658066828, "metrics": {"loss": 1.122012972831726, "acc": 0.44999998807907104, "AUC": 0.46844998002052307, "number_of_bets_tested": 100}}, "ans": 0}, "2020020771.0": {"pred": {"under": 0.8649983753070255, "over": 0.13484256401957673, "metrics": {"loss": 1.122012972831726, "acc": 0.44999998807907104, "AUC": 0.46844998002052307, "number_of_bets_tested": 100}}, "ans": 1}, "2020020786.0": {"pred": {"under": 0.7080097767373335, "over": 0.2922622969213599, "metrics": {"loss": 1.122012972831726, "acc": 0.44999998807907104, "AUC": 0.46844998002052307, "number_of_bets_tested": 100}}, "ans": 0}, "2020020845.0": {"pred": {"under": 0.6364382199510225, "over": 0.3634832415328244, "metrics": {"loss": 1.122012972831726, "acc": 0.44999998807907104, "AUC": 0.46844998002052307, "number_of_bets_tested": 100}}, "ans": 1}}