{"2020020489.0": {"pred": {"under": 0.8937217166481808, "over": 0.10548623107988193, "metrics": {"loss": 3.0220534801483154, "acc": 0.64462810754776, "AUC": 0.6472576260566711, "number_of_bets_tested": 121}}, "ans": 0}, "2020020500.0": {"pred": {"under": 0.8190903121580545, "over": 0.18081580271249248, "metrics": {"loss": 3.0220534801483154, "acc": 0.64462810754776, "AUC": 0.6472576260566711, "number_of_bets_tested": 121}}, "ans": 0}, "2020020512.0": {"pred": {"under": 0.939550001073291, "over": 0.06041397358562721, "metrics": {"loss": 3.0220534801483154, "acc": 0.64462810754776, "AUC": 0.6472576260566711, "number_of_bets_tested": 121}}, "ans": 0}}