{"2020020182.0": {"pred": {"under": 0.35737609546931604, "over": 0.6425639855449743, "metrics": {"loss": 1.0057889223098755, "acc": 0.5744680762290955, "AUC": 0.6099479794502258, "number_of_bets_tested": 94}}, "ans": 1}, "2020030154.0": {"pred": {"under": 0.004874918533186073, "over": 0.9951250177667244, "metrics": {"loss": 1.0057889223098755, "acc": 0.5744680762290955, "AUC": 0.6099479794502258, "number_of_bets_tested": 94}}, "ans": 1}}