{"2020020487.0": {"pred": {"under": 0.3478457906352716, "over": 0.6526630692462181, "metrics": {"loss": 0.8126863837242126, "acc": 0.5321100950241089, "AUC": 0.5816429853439331, "number_of_bets_tested": 109}}, "ans": 0}, "2020020258.0": {"pred": {"under": 0.6356270206392289, "over": 0.36597393737344436, "metrics": {"loss": 0.8126863837242126, "acc": 0.5321100950241089, "AUC": 0.5816429853439331, "number_of_bets_tested": 109}}, "ans": 0}, "2020020506.0": {"pred": {"under": 0.5151767869652549, "over": 0.4864486715351337, "metrics": {"loss": 0.8126863837242126, "acc": 0.5321100950241089, "AUC": 0.5816429853439331, "number_of_bets_tested": 109}}, "ans": 0}, "2020020520.0": {"pred": {"under": 0.7409915072364628, "over": 0.2595056681713817, "metrics": {"loss": 0.8126863837242126, "acc": 0.5321100950241089, "AUC": 0.5816429853439331, "number_of_bets_tested": 109}}, "ans": 0}, "2020020817.0": {"pred": {"under": 0.8425154259111112, "over": 0.15736343765307756, "metrics": {"loss": 0.8126863837242126, "acc": 0.5321100950241089, "AUC": 0.5816429853439331, "number_of_bets_tested": 109}}, "ans": 1}, "2020020831.0": {"pred": {"under": 0.5064891268652805, "over": 0.49749861688019426, "metrics": {"loss": 0.8126863837242126, "acc": 0.5321100950241089, "AUC": 0.5816429853439331, "number_of_bets_tested": 109}}, "ans": 1}, "2020030131.0": {"pred": {"under": 0.5855569730993456, "over": 0.41828393536377273, "metrics": {"loss": 0.8126863837242126, "acc": 0.5321100950241089, "AUC": 0.5816429853439331, "number_of_bets_tested": 109}}, "ans": 0}, "2020030132.0": {"pred": {"under": 0.5250645726665857, "over": 0.47603965123216074, "metrics": {"loss": 0.8126863837242126, "acc": 0.5321100950241089, "AUC": 0.5816429853439331, "number_of_bets_tested": 109}}, "ans": 1}, "2020030133.0": {"pred": {"under": 0.1755272163187859, "over": 0.8243654449681422, "metrics": {"loss": 0.8126863837242126, "acc": 0.5321100950241089, "AUC": 0.5816429853439331, "number_of_bets_tested": 109}}, "ans": 1}, "2020030134.0": {"pred": {"under": 0.3065282523069437, "over": 0.6943485468945317, "metrics": {"loss": 0.8126863837242126, "acc": 0.5321100950241089, "AUC": 0.5816429853439331, "number_of_bets_tested": 109}}, "ans": 0}}