{"2020020478.0": {"pred": {"under": 0.050486371543176825, "over": 0.9495265844377502, "metrics": {"loss": 1.0285919904708862, "acc": 0.6226415038108826, "AUC": 0.6452029347419739, "number_of_bets_tested": 106}}, "ans": 1}, "2020020636.0": {"pred": {"under": 0.05224784234304686, "over": 0.947653572706383, "metrics": {"loss": 1.0285919904708862, "acc": 0.6226415038108826, "AUC": 0.6452029347419739, "number_of_bets_tested": 106}}, "ans": 1}, "2020020651.0": {"pred": {"under": 0.013663353625762736, "over": 0.9863376911434897, "metrics": {"loss": 1.0285919904708862, "acc": 0.6226415038108826, "AUC": 0.6452029347419739, "number_of_bets_tested": 106}}, "ans": 1}, "2020020702.0": {"pred": {"under": 0.5334266319192351, "over": 0.4668640637450799, "metrics": {"loss": 1.0285919904708862, "acc": 0.6226415038108826, "AUC": 0.6452029347419739, "number_of_bets_tested": 106}}, "ans": 1}, "2020020717.0": {"pred": {"under": 0.5335327078743405, "over": 0.46675727729868227, "metrics": {"loss": 1.0285919904708862, "acc": 0.6226415038108826, "AUC": 0.6452029347419739, "number_of_bets_tested": 106}}, "ans": 1}, "2020020768.0": {"pred": {"under": 0.32589609444590756, "over": 0.6735137721231146, "metrics": {"loss": 1.0285919904708862, "acc": 0.6226415038108826, "AUC": 0.6452029347419739, "number_of_bets_tested": 106}}, "ans": 0}, "2020020784.0": {"pred": {"under": 0.060561414612387995, "over": 0.9394975779698804, "metrics": {"loss": 1.0285919904708862, "acc": 0.6226415038108826, "AUC": 0.6452029347419739, "number_of_bets_tested": 106}}, "ans": 1}, "2020020814.0": {"pred": {"under": 0.00013947597425415336, "over": 0.9998605240271095, "metrics": {"loss": 1.0285919904708862, "acc": 0.6226415038108826, "AUC": 0.6452029347419739, "number_of_bets_tested": 106}}, "ans": 0}}