{"2020020540.0": {"pred": {"under": 0.7194530762120117, "over": 0.2800937085278153, "metrics": {"loss": 2.187324285507202, "acc": 0.6842105388641357, "AUC": 0.6431210041046143, "number_of_bets_tested": 57}}, "ans": 1}, "2020020209.0": {"pred": {"under": 0.706002715535232, "over": 0.2939658799661089, "metrics": {"loss": 2.187324285507202, "acc": 0.6842105388641357, "AUC": 0.6431210041046143, "number_of_bets_tested": 57}}, "ans": 1}, "2020020583.0": {"pred": {"under": 0.706002715535232, "over": 0.2939658799661089, "metrics": {"loss": 2.187324285507202, "acc": 0.6842105388641357, "AUC": 0.6431210041046143, "number_of_bets_tested": 57}}, "ans": 1}, "2020020604.0": {"pred": {"under": 0.706002715535232, "over": 0.2939658799661089, "metrics": {"loss": 2.187324285507202, "acc": 0.6842105388641357, "AUC": 0.6431210041046143, "number_of_bets_tested": 57}}, "ans": 0}, "2020020781.0": {"pred": {"under": 0.4465739364014554, "over": 0.5522124573451709, "metrics": {"loss": 2.187324285507202, "acc": 0.6842105388641357, "AUC": 0.6431210041046143, "number_of_bets_tested": 57}}, "ans": 0}}