{"2020020552.0": {"pred": {"under": 0.4494310210508994, "over": 0.5511799544704749, "metrics": {"loss": 2.2192699909210205, "acc": 0.5243902206420898, "AUC": 0.5226799249649048, "number_of_bets_tested": 82}}, "ans": 1}, "2020020566.0": {"pred": {"under": 0.38051068737632476, "over": 0.6201338757894636, "metrics": {"loss": 2.2192699909210205, "acc": 0.5243902206420898, "AUC": 0.5226799249649048, "number_of_bets_tested": 82}}, "ans": 1}, "2020020581.0": {"pred": {"under": 0.13031592720289778, "over": 0.8692267284815294, "metrics": {"loss": 2.2192699909210205, "acc": 0.5243902206420898, "AUC": 0.5226799249649048, "number_of_bets_tested": 82}}, "ans": 1}, "2020020848.0": {"pred": {"under": 0.48461299405968405, "over": 0.5154561108218707, "metrics": {"loss": 2.2192699909210205, "acc": 0.5243902206420898, "AUC": 0.5226799249649048, "number_of_bets_tested": 82}}, "ans": 1}, "2020020672.0": {"pred": {"under": 0.3519936699025472, "over": 0.649691511308185, "metrics": {"loss": 2.2192699909210205, "acc": 0.5243902206420898, "AUC": 0.5226799249649048, "number_of_bets_tested": 82}}, "ans": 1}, "2020020696.0": {"pred": {"under": 0.23666140253043594, "over": 0.7622835648795606, "metrics": {"loss": 2.2192699909210205, "acc": 0.5243902206420898, "AUC": 0.5226799249649048, "number_of_bets_tested": 82}}, "ans": 0}, "2020020726.0": {"pred": {"under": 0.4190868324026143, "over": 0.5819504153578637, "metrics": {"loss": 2.2192699909210205, "acc": 0.5243902206420898, "AUC": 0.5226799249649048, "number_of_bets_tested": 82}}, "ans": 0}}