{"2020020556.0": {"pred": {"under": 0.7850554688549, "over": 0.21493372786843845, "metrics": {"loss": 1.8829617500305176, "acc": 0.6333333253860474, "AUC": 0.64124995470047, "number_of_bets_tested": 60}}, "ans": 1}, "2020020580.0": {"pred": {"under": 0.9994433765495069, "over": 0.0005566234467592714, "metrics": {"loss": 1.8829617500305176, "acc": 0.6333333253860474, "AUC": 0.64124995470047, "number_of_bets_tested": 60}}, "ans": 1}, "2020020611.0": {"pred": {"under": 0.9999993163557974, "over": 6.836442025814904e-07, "metrics": {"loss": 1.8829617500305176, "acc": 0.6333333253860474, "AUC": 0.64124995470047, "number_of_bets_tested": 60}}, "ans": 1}, "2020020625.0": {"pred": {"under": 0.9995244368743503, "over": 0.0004755629635561801, "metrics": {"loss": 1.8829617500305176, "acc": 0.6333333253860474, "AUC": 0.64124995470047, "number_of_bets_tested": 60}}, "ans": 0}, "2020020494.0": {"pred": {"under": 0.999869373145287, "over": 0.00013062685320658858, "metrics": {"loss": 1.8829617500305176, "acc": 0.6333333253860474, "AUC": 0.64124995470047, "number_of_bets_tested": 60}}, "ans": 0}, "2020020650.0": {"pred": {"under": 0.9999997120325759, "over": 2.879674241285102e-07, "metrics": {"loss": 1.8829617500305176, "acc": 0.6333333253860474, "AUC": 0.64124995470047, "number_of_bets_tested": 60}}, "ans": 0}, "2020020676.0": {"pred": {"under": 0.9999999766490025, "over": 2.3350997579996147e-08, "metrics": {"loss": 1.8829617500305176, "acc": 0.6333333253860474, "AUC": 0.64124995470047, "number_of_bets_tested": 60}}, "ans": 0}, "2020020691.0": {"pred": {"under": 0.999998655865852, "over": 1.3441341479847324e-06, "metrics": {"loss": 1.8829617500305176, "acc": 0.6333333253860474, "AUC": 0.64124995470047, "number_of_bets_tested": 60}}, "ans": 0}, "2020020702.0": {"pred": {"under": 0.9999999717985925, "over": 2.8201407431538434e-08, "metrics": {"loss": 1.8829617500305176, "acc": 0.6333333253860474, "AUC": 0.64124995470047, "number_of_bets_tested": 60}}, "ans": 0}, "2020020166.0": {"pred": {"under": 0.9999998588982777, "over": 1.411017223063027e-07, "metrics": {"loss": 1.8829617500305176, "acc": 0.6333333253860474, "AUC": 0.64124995470047, "number_of_bets_tested": 60}}, "ans": 0}, "2020020733.0": {"pred": {"under": 0.9999976514945956, "over": 2.3485054043703713e-06, "metrics": {"loss": 1.8829617500305176, "acc": 0.6333333253860474, "AUC": 0.64124995470047, "number_of_bets_tested": 60}}, "ans": 0}, "2020020216.0": {"pred": {"under": 0.9999991472106444, "over": 8.527893555765331e-07, "metrics": {"loss": 1.8829617500305176, "acc": 0.6333333253860474, "AUC": 0.64124995470047, "number_of_bets_tested": 60}}, "ans": 1}, "2020020716.0": {"pred": {"under": 0.9999999881847162, "over": 1.1815283862404158e-08, "metrics": {"loss": 1.8829617500305176, "acc": 0.6333333253860474, "AUC": 0.64124995470047, "number_of_bets_tested": 60}}, "ans": 1}, "2020020783.0": {"pred": {"under": 0.999999994597117, "over": 5.40288302985914e-09, "metrics": {"loss": 1.8829617500305176, "acc": 0.6333333253860474, "AUC": 0.64124995470047, "number_of_bets_tested": 60}}, "ans": 0}, "2020020813.0": {"pred": {"under": 0.9998472408497829, "over": 0.00015275915211474274, "metrics": {"loss": 1.8829617500305176, "acc": 0.6333333253860474, "AUC": 0.64124995470047, "number_of_bets_tested": 60}}, "ans": 0}, "2020020825.0": {"pred": {"under": 0.9999446871587888, "over": 5.531284114113853e-05, "metrics": {"loss": 1.8829617500305176, "acc": 0.6333333253860474, "AUC": 0.64124995470047, "number_of_bets_tested": 60}}, "ans": 0}}