{"2020020470.0": {"pred": {"under": 0.39434578451845126, "over": 0.6056273232880888, "metrics": {"loss": 2.493647813796997, "acc": 0.5737704634666443, "AUC": 0.4752754867076874, "number_of_bets_tested": 61}}, "ans": 1}, "2020020485.0": {"pred": {"under": 0.39434578451845126, "over": 0.6056273232880888, "metrics": {"loss": 2.493647813796997, "acc": 0.5737704634666443, "AUC": 0.4752754867076874, "number_of_bets_tested": 61}}, "ans": 0}, "2020020497.0": {"pred": {"under": 0.39434578451845126, "over": 0.6056273232880888, "metrics": {"loss": 2.493647813796997, "acc": 0.5737704634666443, "AUC": 0.4752754867076874, "number_of_bets_tested": 61}}, "ans": 0}, "2020020518.0": {"pred": {"under": 0.39434578451845126, "over": 0.6056273232880888, "metrics": {"loss": 2.493647813796997, "acc": 0.5737704634666443, "AUC": 0.4752754867076874, "number_of_bets_tested": 61}}, "ans": 1}, "2020020559.0": {"pred": {"under": 0.39434578451845126, "over": 0.6056273232880888, "metrics": {"loss": 2.493647813796997, "acc": 0.5737704634666443, "AUC": 0.4752754867076874, "number_of_bets_tested": 61}}, "ans": 0}, "2020020574.0": {"pred": {"under": 0.39434578451845126, "over": 0.6056273232880888, "metrics": {"loss": 2.493647813796997, "acc": 0.5737704634666443, "AUC": 0.4752754867076874, "number_of_bets_tested": 61}}, "ans": 0}, "2020020600.0": {"pred": {"under": 0.7629108385938862, "over": 0.23675399042859793, "metrics": {"loss": 2.493647813796997, "acc": 0.5737704634666443, "AUC": 0.4752754867076874, "number_of_bets_tested": 61}}, "ans": 0}, "2020020616.0": {"pred": {"under": 0.39434578451845126, "over": 0.6056273232880888, "metrics": {"loss": 2.493647813796997, "acc": 0.5737704634666443, "AUC": 0.4752754867076874, "number_of_bets_tested": 61}}, "ans": 1}, "2020020630.0": {"pred": {"under": 0.39434578451845126, "over": 0.6056273232880888, "metrics": {"loss": 2.493647813796997, "acc": 0.5737704634666443, "AUC": 0.4752754867076874, "number_of_bets_tested": 61}}, "ans": 1}, "2020020643.0": {"pred": {"under": 0.39434578451845126, "over": 0.6056273232880888, "metrics": {"loss": 2.493647813796997, "acc": 0.5737704634666443, "AUC": 0.4752754867076874, "number_of_bets_tested": 61}}, "ans": 0}, "2020020658.0": {"pred": {"under": 0.39434578451845126, "over": 0.6056273232880888, "metrics": {"loss": 2.493647813796997, "acc": 0.5737704634666443, "AUC": 0.4752754867076874, "number_of_bets_tested": 61}}, "ans": 1}, "2020020683.0": {"pred": {"under": 0.39434578451845126, "over": 0.6056273232880888, "metrics": {"loss": 2.493647813796997, "acc": 0.5737704634666443, "AUC": 0.4752754867076874, "number_of_bets_tested": 61}}, "ans": 0}, "2020020699.0": {"pred": {"under": 0.39434578451845126, "over": 0.6056273232880888, "metrics": {"loss": 2.493647813796997, "acc": 0.5737704634666443, "AUC": 0.4752754867076874, "number_of_bets_tested": 61}}, "ans": 0}, "2020020707.0": {"pred": {"under": 0.39434578451845126, "over": 0.6056273232880888, "metrics": {"loss": 2.493647813796997, "acc": 0.5737704634666443, "AUC": 0.4752754867076874, "number_of_bets_tested": 61}}, "ans": 1}, "2020020719.0": {"pred": {"under": 0.39434578451845126, "over": 0.6056273232880888, "metrics": {"loss": 2.493647813796997, "acc": 0.5737704634666443, "AUC": 0.4752754867076874, "number_of_bets_tested": 61}}, "ans": 1}, "2020020731.0": {"pred": {"under": 0.5240651744320904, "over": 0.4777343683962634, "metrics": {"loss": 2.493647813796997, "acc": 0.5737704634666443, "AUC": 0.4752754867076874, "number_of_bets_tested": 61}}, "ans": 0}, "2020020756.0": {"pred": {"under": 0.6983133954911674, "over": 0.3006045144075032, "metrics": {"loss": 2.493647813796997, "acc": 0.5737704634666443, "AUC": 0.4752754867076874, "number_of_bets_tested": 61}}, "ans": 1}, "2020020771.0": {"pred": {"under": 0.39434578451845126, "over": 0.6056273232880888, "metrics": {"loss": 2.493647813796997, "acc": 0.5737704634666443, "AUC": 0.4752754867076874, "number_of_bets_tested": 61}}, "ans": 1}, "2020020817.0": {"pred": {"under": 0.6585939106413641, "over": 0.34106431013342553, "metrics": {"loss": 2.493647813796997, "acc": 0.5737704634666443, "AUC": 0.4752754867076874, "number_of_bets_tested": 61}}, "ans": 1}, "2020020831.0": {"pred": {"under": 0.39434578451845126, "over": 0.6056273232880888, "metrics": {"loss": 2.493647813796997, "acc": 0.5737704634666443, "AUC": 0.4752754867076874, "number_of_bets_tested": 61}}, "ans": 1}, "2020020845.0": {"pred": {"under": 0.39434578451845126, "over": 0.6056273232880888, "metrics": {"loss": 2.493647813796997, "acc": 0.5737704634666443, "AUC": 0.4752754867076874, "number_of_bets_tested": 61}}, "ans": 0}}