{"2020020465.0": {"pred": {"under": 0.6881841163571499, "over": 0.3123118306671945, "metrics": {"loss": 1.1808208227157593, "acc": 0.5677965879440308, "AUC": 0.5905989408493042, "number_of_bets_tested": 118}}, "ans": 0}, "2020020480.0": {"pred": {"under": 0.7334120815297348, "over": 0.26826016270179376, "metrics": {"loss": 1.1808208227157593, "acc": 0.5677965879440308, "AUC": 0.5905989408493042, "number_of_bets_tested": 118}}, "ans": 0}, "2020020490.0": {"pred": {"under": 0.6094148758653272, "over": 0.39355242273991387, "metrics": {"loss": 1.1808208227157593, "acc": 0.5677965879440308, "AUC": 0.5905989408493042, "number_of_bets_tested": 118}}, "ans": 0}, "2020020499.0": {"pred": {"under": 0.7119119259365245, "over": 0.2901193287016388, "metrics": {"loss": 1.1808208227157593, "acc": 0.5677965879440308, "AUC": 0.5905989408493042, "number_of_bets_tested": 118}}, "ans": 0}, "2020020511.0": {"pred": {"under": 0.5238209068046041, "over": 0.47798545507821255, "metrics": {"loss": 1.1808208227157593, "acc": 0.5677965879440308, "AUC": 0.5905989408493042, "number_of_bets_tested": 118}}, "ans": 0}, "2020020527.0": {"pred": {"under": 0.6180661613435771, "over": 0.38486122839944364, "metrics": {"loss": 1.1808208227157593, "acc": 0.5677965879440308, "AUC": 0.5905989408493042, "number_of_bets_tested": 118}}, "ans": 0}, "2020020537.0": {"pred": {"under": 0.6416630800759285, "over": 0.36032920529826323, "metrics": {"loss": 1.1808208227157593, "acc": 0.5677965879440308, "AUC": 0.5905989408493042, "number_of_bets_tested": 118}}, "ans": 1}, "2020020552.0": {"pred": {"under": 0.6249560275192402, "over": 0.3781168321304644, "metrics": {"loss": 1.1808208227157593, "acc": 0.5677965879440308, "AUC": 0.5905989408493042, "number_of_bets_tested": 118}}, "ans": 1}, "2020020582.0": {"pred": {"under": 0.7675148651025637, "over": 0.234296589729651, "metrics": {"loss": 1.1808208227157593, "acc": 0.5677965879440308, "AUC": 0.5905989408493042, "number_of_bets_tested": 118}}, "ans": 0}, "2020020603.0": {"pred": {"under": 0.6707493298056788, "over": 0.33207949190232317, "metrics": {"loss": 1.1808208227157593, "acc": 0.5677965879440308, "AUC": 0.5905989408493042, "number_of_bets_tested": 118}}, "ans": 0}, "2020020608.0": {"pred": {"under": 0.6581636686178817, "over": 0.3448351203723714, "metrics": {"loss": 1.1808208227157593, "acc": 0.5677965879440308, "AUC": 0.5905989408493042, "number_of_bets_tested": 118}}, "ans": 0}, "2020020849.0": {"pred": {"under": 0.7643517109238885, "over": 0.23777139101467537, "metrics": {"loss": 1.1808208227157593, "acc": 0.5677965879440308, "AUC": 0.5905989408493042, "number_of_bets_tested": 118}}, "ans": 0}, "2020020671.0": {"pred": {"under": 0.7211887711056659, "over": 0.28071934033643425, "metrics": {"loss": 1.1808208227157593, "acc": 0.5677965879440308, "AUC": 0.5905989408493042, "number_of_bets_tested": 118}}, "ans": 0}, "2020020708.0": {"pred": {"under": 0.6184751667242819, "over": 0.38455829178163153, "metrics": {"loss": 1.1808208227157593, "acc": 0.5677965879440308, "AUC": 0.5905989408493042, "number_of_bets_tested": 118}}, "ans": 0}, "2020020789.0": {"pred": {"under": 0.6841013973680945, "over": 0.3185490400826525, "metrics": {"loss": 1.1808208227157593, "acc": 0.5677965879440308, "AUC": 0.5905989408493042, "number_of_bets_tested": 118}}, "ans": 0}}