{"2020020465.0": {"pred": {"under": 0.6275203619717918, "over": 0.37218923618870453, "metrics": {"loss": 0.9002879858016968, "acc": 0.5268816947937012, "AUC": 0.5851543545722961, "number_of_bets_tested": 93}}, "ans": 0}, "2020020491.0": {"pred": {"under": 0.679833094005009, "over": 0.3207635495013653, "metrics": {"loss": 0.9002879858016968, "acc": 0.5268816947937012, "AUC": 0.5851543545722961, "number_of_bets_tested": 93}}, "ans": 1}, "2020020536.0": {"pred": {"under": 0.0902710230213424, "over": 0.9097137966555177, "metrics": {"loss": 0.9002879858016968, "acc": 0.5268816947937012, "AUC": 0.5851543545722961, "number_of_bets_tested": 93}}, "ans": 0}, "2020020551.0": {"pred": {"under": 0.43607700084938794, "over": 0.5628995005352004, "metrics": {"loss": 0.9002879858016968, "acc": 0.5268816947937012, "AUC": 0.5851543545722961, "number_of_bets_tested": 93}}, "ans": 1}, "2020020498.0": {"pred": {"under": 0.7099670874252444, "over": 0.28912871521125183, "metrics": {"loss": 0.9002879858016968, "acc": 0.5268816947937012, "AUC": 0.5851543545722961, "number_of_bets_tested": 93}}, "ans": 0}, "2020020582.0": {"pred": {"under": 0.6369030448347018, "over": 0.3625660471444898, "metrics": {"loss": 0.9002879858016968, "acc": 0.5268816947937012, "AUC": 0.5851543545722961, "number_of_bets_tested": 93}}, "ans": 1}, "2020020607.0": {"pred": {"under": 0.5665386146343914, "over": 0.4332491497431638, "metrics": {"loss": 0.9002879858016968, "acc": 0.5268816947937012, "AUC": 0.5851543545722961, "number_of_bets_tested": 93}}, "ans": 1}, "2020020621.0": {"pred": {"under": 0.6099442209383633, "over": 0.3907921560973409, "metrics": {"loss": 0.9002879858016968, "acc": 0.5268816947937012, "AUC": 0.5851543545722961, "number_of_bets_tested": 93}}, "ans": 1}, "2020020638.0": {"pred": {"under": 0.1979139952349074, "over": 0.801986040262171, "metrics": {"loss": 0.9002879858016968, "acc": 0.5268816947937012, "AUC": 0.5851543545722961, "number_of_bets_tested": 93}}, "ans": 0}, "2020020849.0": {"pred": {"under": 0.4700923342544914, "over": 0.529840414922678, "metrics": {"loss": 0.9002879858016968, "acc": 0.5268816947937012, "AUC": 0.5851543545722961, "number_of_bets_tested": 93}}, "ans": 1}, "2020020696.0": {"pred": {"under": 0.8478037962356246, "over": 0.15221969760201776, "metrics": {"loss": 0.9002879858016968, "acc": 0.5268816947937012, "AUC": 0.5851543545722961, "number_of_bets_tested": 93}}, "ans": 1}, "2020020709.0": {"pred": {"under": 0.4700923342544914, "over": 0.529840414922678, "metrics": {"loss": 0.9002879858016968, "acc": 0.5268816947937012, "AUC": 0.5851543545722961, "number_of_bets_tested": 93}}, "ans": 1}, "2020020721.0": {"pred": {"under": 0.3465751939439084, "over": 0.6535009946240141, "metrics": {"loss": 0.9002879858016968, "acc": 0.5268816947937012, "AUC": 0.5851543545722961, "number_of_bets_tested": 93}}, "ans": 1}, "2020020760.0": {"pred": {"under": 0.5418114509662804, "over": 0.45795333264812255, "metrics": {"loss": 0.9002879858016968, "acc": 0.5268816947937012, "AUC": 0.5851543545722961, "number_of_bets_tested": 93}}, "ans": 0}, "2020020777.0": {"pred": {"under": 0.5150634057628355, "over": 0.48466991371229967, "metrics": {"loss": 0.9002879858016968, "acc": 0.5268816947937012, "AUC": 0.5851543545722961, "number_of_bets_tested": 93}}, "ans": 0}, "2020020789.0": {"pred": {"under": 0.4335392144531793, "over": 0.5668697514836945, "metrics": {"loss": 0.9002879858016968, "acc": 0.5268816947937012, "AUC": 0.5851543545722961, "number_of_bets_tested": 93}}, "ans": 1}, "2020020829.0": {"pred": {"under": 0.5935088876083223, "over": 0.40722098554905206, "metrics": {"loss": 0.9002879858016968, "acc": 0.5268816947937012, "AUC": 0.5851543545722961, "number_of_bets_tested": 93}}, "ans": 0}, "2020020844.0": {"pred": {"under": 0.09947109995662132, "over": 0.900514647308537, "metrics": {"loss": 0.9002879858016968, "acc": 0.5268816947937012, "AUC": 0.5851543545722961, "number_of_bets_tested": 93}}, "ans": 1}, "2020020593.0": {"pred": {"under": 0.3286887542584294, "over": 0.6712126555050795, "metrics": {"loss": 0.9002879858016968, "acc": 0.5268816947937012, "AUC": 0.5851543545722961, "number_of_bets_tested": 93}}, "ans": 1}, "2020020526.0": {"pred": {"under": 0.2467345102776533, "over": 0.7531343532466347, "metrics": {"loss": 0.9002879858016968, "acc": 0.5268816947937012, "AUC": 0.5851543545722961, "number_of_bets_tested": 93}}, "ans": 0}, "2020030181.0": {"pred": {"under": 0.9707332559511519, "over": 0.02926867377755001, "metrics": {"loss": 0.9002879858016968, "acc": 0.5268816947937012, "AUC": 0.5851543545722961, "number_of_bets_tested": 93}}, "ans": 1}, "2020030182.0": {"pred": {"under": 0.791845010739074, "over": 0.20767693284917563, "metrics": {"loss": 0.9002879858016968, "acc": 0.5268816947937012, "AUC": 0.5851543545722961, "number_of_bets_tested": 93}}, "ans": 1}, "2020030183.0": {"pred": {"under": 0.4894461477037631, "over": 0.5105180009583808, "metrics": {"loss": 0.9002879858016968, "acc": 0.5268816947937012, "AUC": 0.5851543545722961, "number_of_bets_tested": 93}}, "ans": 1}, "2020030184.0": {"pred": {"under": 0.3710583288998748, "over": 0.6288239630186656, "metrics": {"loss": 0.9002879858016968, "acc": 0.5268816947937012, "AUC": 0.5851543545722961, "number_of_bets_tested": 93}}, "ans": 1}}