{"2020020465.0": {"pred": {"under": 0.6934663586643754, "over": 0.30664118624534714, "metrics": {"loss": 0.9343581199645996, "acc": 0.5398229956626892, "AUC": 0.5558775067329407, "number_of_bets_tested": 113}}, "ans": 1}, "2020020480.0": {"pred": {"under": 0.6547970985127153, "over": 0.34632270747239424, "metrics": {"loss": 0.9343581199645996, "acc": 0.5398229956626892, "AUC": 0.5558775067329407, "number_of_bets_tested": 113}}, "ans": 0}, "2020020490.0": {"pred": {"under": 0.8728599470721722, "over": 0.12732659280477207, "metrics": {"loss": 0.9343581199645996, "acc": 0.5398229956626892, "AUC": 0.5558775067329407, "number_of_bets_tested": 113}}, "ans": 0}, "2020020499.0": {"pred": {"under": 0.7021551731758401, "over": 0.2979921541760578, "metrics": {"loss": 0.9343581199645996, "acc": 0.5398229956626892, "AUC": 0.5558775067329407, "number_of_bets_tested": 113}}, "ans": 1}, "2020020511.0": {"pred": {"under": 0.8855449296395161, "over": 0.11461016749793192, "metrics": {"loss": 0.9343581199645996, "acc": 0.5398229956626892, "AUC": 0.5558775067329407, "number_of_bets_tested": 113}}, "ans": 0}, "2020020527.0": {"pred": {"under": 0.5770853655883467, "over": 0.4227638719792704, "metrics": {"loss": 0.9343581199645996, "acc": 0.5398229956626892, "AUC": 0.5558775067329407, "number_of_bets_tested": 113}}, "ans": 0}, "2020020537.0": {"pred": {"under": 0.5770853655883467, "over": 0.4227638719792704, "metrics": {"loss": 0.9343581199645996, "acc": 0.5398229956626892, "AUC": 0.5558775067329407, "number_of_bets_tested": 113}}, "ans": 1}, "2020020552.0": {"pred": {"under": 0.58084485709343, "over": 0.41916512939909595, "metrics": {"loss": 0.9343581199645996, "acc": 0.5398229956626892, "AUC": 0.5558775067329407, "number_of_bets_tested": 113}}, "ans": 0}, "2020020582.0": {"pred": {"under": 0.5770853655883467, "over": 0.4227638719792704, "metrics": {"loss": 0.9343581199645996, "acc": 0.5398229956626892, "AUC": 0.5558775067329407, "number_of_bets_tested": 113}}, "ans": 1}, "2020020603.0": {"pred": {"under": 0.6327801852943918, "over": 0.36695038662310003, "metrics": {"loss": 0.9343581199645996, "acc": 0.5398229956626892, "AUC": 0.5558775067329407, "number_of_bets_tested": 113}}, "ans": 1}, "2020020608.0": {"pred": {"under": 0.49768704747649195, "over": 0.5024585867771045, "metrics": {"loss": 0.9343581199645996, "acc": 0.5398229956626892, "AUC": 0.5558775067329407, "number_of_bets_tested": 113}}, "ans": 0}, "2020020849.0": {"pred": {"under": 0.4945703181509354, "over": 0.5057520940130024, "metrics": {"loss": 0.9343581199645996, "acc": 0.5398229956626892, "AUC": 0.5558775067329407, "number_of_bets_tested": 113}}, "ans": 1}, "2020020669.0": {"pred": {"under": 0.5762227888361433, "over": 0.4236463568491452, "metrics": {"loss": 0.9343581199645996, "acc": 0.5398229956626892, "AUC": 0.5558775067329407, "number_of_bets_tested": 113}}, "ans": 1}, "2020020671.0": {"pred": {"under": 0.5758264212298304, "over": 0.4240518889071545, "metrics": {"loss": 0.9343581199645996, "acc": 0.5398229956626892, "AUC": 0.5558775067329407, "number_of_bets_tested": 113}}, "ans": 1}, "2020020686.0": {"pred": {"under": 0.9308249503219381, "over": 0.06922957217859228, "metrics": {"loss": 0.9343581199645996, "acc": 0.5398229956626892, "AUC": 0.5558775067329407, "number_of_bets_tested": 113}}, "ans": 1}, "2020020708.0": {"pred": {"under": 0.9604155784329108, "over": 0.039598601467431625, "metrics": {"loss": 0.9343581199645996, "acc": 0.5398229956626892, "AUC": 0.5558775067329407, "number_of_bets_tested": 113}}, "ans": 1}, "2020020736.0": {"pred": {"under": 0.7535919146098932, "over": 0.2469369932226614, "metrics": {"loss": 0.9343581199645996, "acc": 0.5398229956626892, "AUC": 0.5558775067329407, "number_of_bets_tested": 113}}, "ans": 1}, "2020020761.0": {"pred": {"under": 0.5800481825181331, "over": 0.4200007317694954, "metrics": {"loss": 0.9343581199645996, "acc": 0.5398229956626892, "AUC": 0.5558775067329407, "number_of_bets_tested": 113}}, "ans": 0}, "2020020789.0": {"pred": {"under": 0.6734622297953706, "over": 0.32656559312821015, "metrics": {"loss": 0.9343581199645996, "acc": 0.5398229956626892, "AUC": 0.5558775067329407, "number_of_bets_tested": 113}}, "ans": 1}, "2020020834.0": {"pred": {"under": 0.5119748331273604, "over": 0.4881264861238503, "metrics": {"loss": 0.9343581199645996, "acc": 0.5398229956626892, "AUC": 0.5558775067329407, "number_of_bets_tested": 113}}, "ans": 1}, "2020020720.0": {"pred": {"under": 0.7097015830668603, "over": 0.29048518961214453, "metrics": {"loss": 0.9343581199645996, "acc": 0.5398229956626892, "AUC": 0.5558775067329407, "number_of_bets_tested": 113}}, "ans": 0}, "2020020864.0": {"pred": {"under": 0.49945146351138375, "over": 0.5006790994379571, "metrics": {"loss": 0.9343581199645996, "acc": 0.5398229956626892, "AUC": 0.5558775067329407, "number_of_bets_tested": 113}}, "ans": 1}, "2020020634.0": {"pred": {"under": 0.7358502095524574, "over": 0.26370788988537525, "metrics": {"loss": 0.9343581199645996, "acc": 0.5398229956626892, "AUC": 0.5558775067329407, "number_of_bets_tested": 113}}, "ans": 0}}