{"2020020547.0": {"pred": {"under": 0.8961527672156048, "over": 0.10363706248095525, "metrics": {"loss": 1.6731561422348022, "acc": 0.5789473652839661, "AUC": 0.6675900220870972, "number_of_bets_tested": 19}}, "ans": 0}, "2020020560.0": {"pred": {"under": 0.8526676160925061, "over": 0.14720138249428333, "metrics": {"loss": 1.6731561422348022, "acc": 0.5789473652839661, "AUC": 0.6675900220870972, "number_of_bets_tested": 19}}, "ans": 1}, "2020020575.0": {"pred": {"under": 0.3958819819461481, "over": 0.607917630075408, "metrics": {"loss": 1.6731561422348022, "acc": 0.5789473652839661, "AUC": 0.6675900220870972, "number_of_bets_tested": 19}}, "ans": 0}, "2020020600.0": {"pred": {"under": 0.5507400593406893, "over": 0.4511169104316928, "metrics": {"loss": 1.6731561422348022, "acc": 0.5789473652839661, "AUC": 0.6675900220870972, "number_of_bets_tested": 19}}, "ans": 0}, "2020020615.0": {"pred": {"under": 0.232255063951465, "over": 0.7702692096280915, "metrics": {"loss": 1.6731561422348022, "acc": 0.5789473652839661, "AUC": 0.6675900220870972, "number_of_bets_tested": 19}}, "ans": 0}, "2020020629.0": {"pred": {"under": 0.022828477193353975, "over": 0.9771795571792264, "metrics": {"loss": 1.6731561422348022, "acc": 0.5789473652839661, "AUC": 0.6675900220870972, "number_of_bets_tested": 19}}, "ans": 1}, "2020030142.0": {"pred": {"under": 0.17838360472195683, "over": 0.8228979170601362, "metrics": {"loss": 1.6731561422348022, "acc": 0.5789473652839661, "AUC": 0.6675900220870972, "number_of_bets_tested": 19}}, "ans": 0}, "2020030143.0": {"pred": {"under": 0.008720930528448032, "over": 0.9912795279475246, "metrics": {"loss": 1.6731561422348022, "acc": 0.5789473652839661, "AUC": 0.6675900220870972, "number_of_bets_tested": 19}}, "ans": 1}, "2020030145.0": {"pred": {"under": 0.0010114837038214125, "over": 0.9989885169759064, "metrics": {"loss": 1.6731561422348022, "acc": 0.5789473652839661, "AUC": 0.6675900220870972, "number_of_bets_tested": 19}}, "ans": 0}}