{"2020020694.0": {"pred": {"under": 0.5299800007242401, "over": 0.46903484102231013, "metrics": {"loss": 1.4035488367080688, "acc": 0.529411792755127, "AUC": 0.5432525873184204, "number_of_bets_tested": 17}}, "ans": 1}, "2020020707.0": {"pred": {"under": 0.9589121014705013, "over": 0.04111486973938756, "metrics": {"loss": 1.4035488367080688, "acc": 0.529411792755127, "AUC": 0.5432525873184204, "number_of_bets_tested": 17}}, "ans": 1}, "2020020719.0": {"pred": {"under": 0.010388188420173066, "over": 0.9896128345186792, "metrics": {"loss": 1.4035488367080688, "acc": 0.529411792755127, "AUC": 0.5432525873184204, "number_of_bets_tested": 17}}, "ans": 1}, "2020020773.0": {"pred": {"under": 0.07840061819280782, "over": 0.9219328759025723, "metrics": {"loss": 1.4035488367080688, "acc": 0.529411792755127, "AUC": 0.5432525873184204, "number_of_bets_tested": 17}}, "ans": 0}}