{"2020020556.0": {"pred": {"under": 0.5372625697612602, "over": 0.46235028254323945, "metrics": {"loss": 1.706007719039917, "acc": 0.6166666746139526, "AUC": 0.657777726650238, "number_of_bets_tested": 60}}, "ans": 1}, "2020020611.0": {"pred": {"under": 0.03683620410806302, "over": 0.9631695130523891, "metrics": {"loss": 1.706007719039917, "acc": 0.6166666746139526, "AUC": 0.657777726650238, "number_of_bets_tested": 60}}, "ans": 1}, "2020020813.0": {"pred": {"under": 0.4411706626868353, "over": 0.5580975560302339, "metrics": {"loss": 1.706007719039917, "acc": 0.6166666746139526, "AUC": 0.657777726650238, "number_of_bets_tested": 60}}, "ans": 1}}