{"2020020787.0": {"pred": {"under": 0.02481661088139652, "over": 0.9751926116515011, "metrics": {"loss": 1.571506381034851, "acc": 0.6551724076271057, "AUC": 0.6722155809402466, "number_of_bets_tested": 87}}, "ans": 1}, "2020030145.0": {"pred": {"under": 0.02649227948811917, "over": 0.9735188119695851, "metrics": {"loss": 1.571506381034851, "acc": 0.6551724076271057, "AUC": 0.6722155809402466, "number_of_bets_tested": 87}}, "ans": 1}}