{"2020020828.0": {"pred": {"under": 0.6032143731979991, "over": 0.395796579214019, "metrics": {"loss": 2.424966812133789, "acc": 0.6116504669189453, "AUC": 0.6787633299827576, "number_of_bets_tested": 103}}, "ans": 0}, "2020020600.0": {"pred": {"under": 0.5536798906945005, "over": 0.44650745484006116, "metrics": {"loss": 2.424966812133789, "acc": 0.6116504669189453, "AUC": 0.6787633299827576, "number_of_bets_tested": 103}}, "ans": 1}, "2020020615.0": {"pred": {"under": 0.5536798906945005, "over": 0.44650745484006116, "metrics": {"loss": 2.424966812133789, "acc": 0.6116504669189453, "AUC": 0.6787633299827576, "number_of_bets_tested": 103}}, "ans": 1}, "2020020629.0": {"pred": {"under": 0.8328316483318345, "over": 0.16760506070237366, "metrics": {"loss": 2.424966812133789, "acc": 0.6116504669189453, "AUC": 0.6787633299827576, "number_of_bets_tested": 103}}, "ans": 1}, "2020020679.0": {"pred": {"under": 0.7822163593568776, "over": 0.21902469515358872, "metrics": {"loss": 2.424966812133789, "acc": 0.6116504669189453, "AUC": 0.6787633299827576, "number_of_bets_tested": 103}}, "ans": 1}, "2020020707.0": {"pred": {"under": 0.9404371276341822, "over": 0.05957862785877914, "metrics": {"loss": 2.424966812133789, "acc": 0.6116504669189453, "AUC": 0.6787633299827576, "number_of_bets_tested": 103}}, "ans": 1}, "2020020719.0": {"pred": {"under": 0.4651746493944104, "over": 0.536264470483299, "metrics": {"loss": 2.424966812133789, "acc": 0.6116504669189453, "AUC": 0.6787633299827576, "number_of_bets_tested": 103}}, "ans": 0}, "2020020758.0": {"pred": {"under": 0.5536798906945005, "over": 0.44650745484006116, "metrics": {"loss": 2.424966812133789, "acc": 0.6116504669189453, "AUC": 0.6787633299827576, "number_of_bets_tested": 103}}, "ans": 0}, "2020020773.0": {"pred": {"under": 0.7604684636268986, "over": 0.23980351879382852, "metrics": {"loss": 2.424966812133789, "acc": 0.6116504669189453, "AUC": 0.6787633299827576, "number_of_bets_tested": 103}}, "ans": 1}, "2020020787.0": {"pred": {"under": 0.4878412952731068, "over": 0.513293261893735, "metrics": {"loss": 2.424966812133789, "acc": 0.6116504669189453, "AUC": 0.6787633299827576, "number_of_bets_tested": 103}}, "ans": 0}, "2020020020.0": {"pred": {"under": 0.5536798906945005, "over": 0.44650745484006116, "metrics": {"loss": 2.424966812133789, "acc": 0.6116504669189453, "AUC": 0.6787633299827576, "number_of_bets_tested": 103}}, "ans": 1}, "2020030143.0": {"pred": {"under": 0.8702386710844061, "over": 0.12968096040812094, "metrics": {"loss": 2.424966812133789, "acc": 0.6116504669189453, "AUC": 0.6787633299827576, "number_of_bets_tested": 103}}, "ans": 1}, "2020030145.0": {"pred": {"under": 0.895489375805466, "over": 0.10445708156295071, "metrics": {"loss": 2.424966812133789, "acc": 0.6116504669189453, "AUC": 0.6787633299827576, "number_of_bets_tested": 103}}, "ans": 0}}