{"2020020840.0": {"pred": {"under": 0.41549656174998467, "over": 0.5846176690454202, "metrics": {"loss": 1.0676170587539673, "acc": 0.4444444477558136, "AUC": 0.4130658507347107, "number_of_bets_tested": 54}}, "ans": 0}}