{"2020020578.0": {"pred": {"under": 0.34984144300651454, "over": 0.6501274877522293, "metrics": {"loss": 2.104452610015869, "acc": 0.4482758641242981, "AUC": 0.4607609808444977, "number_of_bets_tested": 29}}, "ans": 0}, "2020020848.0": {"pred": {"under": 0.29037530464819333, "over": 0.7092378759830553, "metrics": {"loss": 2.104452610015869, "acc": 0.4482758641242981, "AUC": 0.4607609808444977, "number_of_bets_tested": 29}}, "ans": 0}, "2020020621.0": {"pred": {"under": 0.6136515793371632, "over": 0.38536592791731855, "metrics": {"loss": 2.104452610015869, "acc": 0.4482758641242981, "AUC": 0.4607609808444977, "number_of_bets_tested": 29}}, "ans": 0}, "2020020661.0": {"pred": {"under": 0.7222147732387966, "over": 0.27719910803204706, "metrics": {"loss": 2.104452610015869, "acc": 0.4482758641242981, "AUC": 0.4607609808444977, "number_of_bets_tested": 29}}, "ans": 0}, "2020020672.0": {"pred": {"under": 0.4732241218438141, "over": 0.5266077796546509, "metrics": {"loss": 2.104452610015869, "acc": 0.4482758641242981, "AUC": 0.4607609808444977, "number_of_bets_tested": 29}}, "ans": 0}, "2020020546.0": {"pred": {"under": 0.34984144300651454, "over": 0.6501274877522293, "metrics": {"loss": 2.104452610015869, "acc": 0.4482758641242981, "AUC": 0.4607609808444977, "number_of_bets_tested": 29}}, "ans": 0}, "2020020708.0": {"pred": {"under": 0.34984144300651454, "over": 0.6501274877522293, "metrics": {"loss": 2.104452610015869, "acc": 0.4482758641242981, "AUC": 0.4607609808444977, "number_of_bets_tested": 29}}, "ans": 1}, "2020020833.0": {"pred": {"under": 0.971270883816208, "over": 0.028726788277770955, "metrics": {"loss": 2.104452610015869, "acc": 0.4482758641242981, "AUC": 0.4607609808444977, "number_of_bets_tested": 29}}, "ans": 0}}