{"2020020557.0": {"pred": {"under": 0.823321288807602, "over": 0.17630357457316714, "metrics": {"loss": 0.9967215061187744, "acc": 0.5631067752838135, "AUC": 0.6096709966659546, "number_of_bets_tested": 103}}, "ans": 1}, "2020020572.0": {"pred": {"under": 0.994265401466293, "over": 0.00573456282131926, "metrics": {"loss": 0.9967215061187744, "acc": 0.5631067752838135, "AUC": 0.6096709966659546, "number_of_bets_tested": 103}}, "ans": 0}, "2020020611.0": {"pred": {"under": 0.8741470504393741, "over": 0.1257943523315895, "metrics": {"loss": 0.9967215061187744, "acc": 0.5631067752838135, "AUC": 0.6096709966659546, "number_of_bets_tested": 103}}, "ans": 0}, "2020020625.0": {"pred": {"under": 0.9253446238187366, "over": 0.07464718472023177, "metrics": {"loss": 0.9967215061187744, "acc": 0.5631067752838135, "AUC": 0.6096709966659546, "number_of_bets_tested": 103}}, "ans": 0}, "2020020677.0": {"pred": {"under": 0.5935541920856844, "over": 0.4067463975438983, "metrics": {"loss": 0.9967215061187744, "acc": 0.5631067752838135, "AUC": 0.6096709966659546, "number_of_bets_tested": 103}}, "ans": 0}, "2020020715.0": {"pred": {"under": 0.4339479594971282, "over": 0.5649623353966134, "metrics": {"loss": 0.9967215061187744, "acc": 0.5631067752838135, "AUC": 0.6096709966659546, "number_of_bets_tested": 103}}, "ans": 0}, "2020020768.0": {"pred": {"under": 0.9167659506541644, "over": 0.08319951220109233, "metrics": {"loss": 0.9967215061187744, "acc": 0.5631067752838135, "AUC": 0.6096709966659546, "number_of_bets_tested": 103}}, "ans": 0}, "2020020782.0": {"pred": {"under": 0.9771354096932718, "over": 0.02286130825836388, "metrics": {"loss": 0.9967215061187744, "acc": 0.5631067752838135, "AUC": 0.6096709966659546, "number_of_bets_tested": 103}}, "ans": 0}}