{"2020020679.0": {"pred": {"under": 0.7555760576348883, "over": 0.2441143494495746, "metrics": {"loss": 1.7235485315322876, "acc": 0.6105263233184814, "AUC": 0.6659279465675354, "number_of_bets_tested": 95}}, "ans": 0}, "2020020787.0": {"pred": {"under": 0.8311073856825054, "over": 0.16951077986387725, "metrics": {"loss": 1.7235485315322876, "acc": 0.6105263233184814, "AUC": 0.6659279465675354, "number_of_bets_tested": 95}}, "ans": 1}, "2020030145.0": {"pred": {"under": 0.9999979661470207, "over": 2.033852979366202e-06, "metrics": {"loss": 1.7235485315322876, "acc": 0.6105263233184814, "AUC": 0.6659279465675354, "number_of_bets_tested": 95}}, "ans": 0}}