{"2020020606.0": {"pred": {"under": 0.0010310040766359633, "over": 0.9989689961591537, "metrics": {"loss": 2.353233575820923, "acc": 0.75, "AUC": 0.7389987111091614, "number_of_bets_tested": 56}}, "ans": 1}}