{"2020020459.0": {"pred": {"under": 0.06331379163004978, "over": 0.936661880493829, "metrics": {"loss": 0.8413741588592529, "acc": 0.49450549483299255, "AUC": 0.5245139598846436, "number_of_bets_tested": 91}}, "ans": 1}, "2020020515.0": {"pred": {"under": 0.19365911517782472, "over": 0.8057264752959731, "metrics": {"loss": 0.8413741588592529, "acc": 0.49450549483299255, "AUC": 0.5245139598846436, "number_of_bets_tested": 91}}, "ans": 0}, "2020020541.0": {"pred": {"under": 0.33576858413604965, "over": 0.6627949503033508, "metrics": {"loss": 0.8413741588592529, "acc": 0.49450549483299255, "AUC": 0.5245139598846436, "number_of_bets_tested": 91}}, "ans": 1}, "2020020556.0": {"pred": {"under": 0.16165393836643366, "over": 0.8384950393418785, "metrics": {"loss": 0.8413741588592529, "acc": 0.49450549483299255, "AUC": 0.5245139598846436, "number_of_bets_tested": 91}}, "ans": 1}, "2020020571.0": {"pred": {"under": 0.5397343071814187, "over": 0.4600906195279424, "metrics": {"loss": 0.8413741588592529, "acc": 0.49450549483299255, "AUC": 0.5245139598846436, "number_of_bets_tested": 91}}, "ans": 0}, "2020020390.0": {"pred": {"under": 0.09810673791476189, "over": 0.901908157237676, "metrics": {"loss": 0.8413741588592529, "acc": 0.49450549483299255, "AUC": 0.5245139598846436, "number_of_bets_tested": 91}}, "ans": 0}, "2020020614.0": {"pred": {"under": 0.18326546472451324, "over": 0.8165435923790889, "metrics": {"loss": 0.8413741588592529, "acc": 0.49450549483299255, "AUC": 0.5245139598846436, "number_of_bets_tested": 91}}, "ans": 1}, "2020020628.0": {"pred": {"under": 0.33282052132550916, "over": 0.6674607603626225, "metrics": {"loss": 0.8413741588592529, "acc": 0.49450549483299255, "AUC": 0.5245139598846436, "number_of_bets_tested": 91}}, "ans": 0}, "2020020714.0": {"pred": {"under": 0.1892013993911346, "over": 0.8108630991969221, "metrics": {"loss": 0.8413741588592529, "acc": 0.49450549483299255, "AUC": 0.5245139598846436, "number_of_bets_tested": 91}}, "ans": 1}, "2020020195.0": {"pred": {"under": 0.006139582555668235, "over": 0.993860383177032, "metrics": {"loss": 0.8413741588592529, "acc": 0.49450549483299255, "AUC": 0.5245139598846436, "number_of_bets_tested": 91}}, "ans": 0}, "2020020665.0": {"pred": {"under": 0.23008436659748058, "over": 0.7703397424360634, "metrics": {"loss": 0.8413741588592529, "acc": 0.49450549483299255, "AUC": 0.5245139598846436, "number_of_bets_tested": 91}}, "ans": 0}, "2020020685.0": {"pred": {"under": 0.4643267483147643, "over": 0.5355784699825613, "metrics": {"loss": 0.8413741588592529, "acc": 0.49450549483299255, "AUC": 0.5245139598846436, "number_of_bets_tested": 91}}, "ans": 0}, "2020020701.0": {"pred": {"under": 0.5212048486903099, "over": 0.4789155833164743, "metrics": {"loss": 0.8413741588592529, "acc": 0.49450549483299255, "AUC": 0.5245139598846436, "number_of_bets_tested": 91}}, "ans": 0}, "2020020483.0": {"pred": {"under": 0.2629868631054493, "over": 0.7375966996791001, "metrics": {"loss": 0.8413741588592529, "acc": 0.49450549483299255, "AUC": 0.5245139598846436, "number_of_bets_tested": 91}}, "ans": 1}, "2020020729.0": {"pred": {"under": 0.20702603291594873, "over": 0.7937922248547721, "metrics": {"loss": 0.8413741588592529, "acc": 0.49450549483299255, "AUC": 0.5245139598846436, "number_of_bets_tested": 91}}, "ans": 0}, "2020020738.0": {"pred": {"under": 0.5564867827955089, "over": 0.4434570875756803, "metrics": {"loss": 0.8413741588592529, "acc": 0.49450549483299255, "AUC": 0.5245139598846436, "number_of_bets_tested": 91}}, "ans": 0}, "2020020757.0": {"pred": {"under": 0.08597454376181829, "over": 0.9140778468129249, "metrics": {"loss": 0.8413741588592529, "acc": 0.49450549483299255, "AUC": 0.5245139598846436, "number_of_bets_tested": 91}}, "ans": 1}, "2020020770.0": {"pred": {"under": 0.0008479112096207802, "over": 0.9991520887759199, "metrics": {"loss": 0.8413741588592529, "acc": 0.49450549483299255, "AUC": 0.5245139598846436, "number_of_bets_tested": 91}}, "ans": 1}, "2020020782.0": {"pred": {"under": 0.08268521038876418, "over": 0.9174039780194796, "metrics": {"loss": 0.8413741588592529, "acc": 0.49450549483299255, "AUC": 0.5245139598846436, "number_of_bets_tested": 91}}, "ans": 1}, "2020020813.0": {"pred": {"under": 0.39038561592874677, "over": 0.6099086592734474, "metrics": {"loss": 0.8413741588592529, "acc": 0.49450549483299255, "AUC": 0.5245139598846436, "number_of_bets_tested": 91}}, "ans": 0}, "2020020825.0": {"pred": {"under": 0.4669328982197692, "over": 0.532894479975788, "metrics": {"loss": 0.8413741588592529, "acc": 0.49450549483299255, "AUC": 0.5245139598846436, "number_of_bets_tested": 91}}, "ans": 0}, "2020020838.0": {"pred": {"under": 0.03054145502691514, "over": 0.9694628896648817, "metrics": {"loss": 0.8413741588592529, "acc": 0.49450549483299255, "AUC": 0.5245139598846436, "number_of_bets_tested": 91}}, "ans": 0}, "2020030122.0": {"pred": {"under": 0.19530302659276305, "over": 0.8047557650180199, "metrics": {"loss": 0.8413741588592529, "acc": 0.49450549483299255, "AUC": 0.5245139598846436, "number_of_bets_tested": 91}}, "ans": 1}, "2020030123.0": {"pred": {"under": 0.684640675848286, "over": 0.31519484993620794, "metrics": {"loss": 0.8413741588592529, "acc": 0.49450549483299255, "AUC": 0.5245139598846436, "number_of_bets_tested": 91}}, "ans": 1}, "2020030124.0": {"pred": {"under": 0.5874367318336673, "over": 0.4124395181493044, "metrics": {"loss": 0.8413741588592529, "acc": 0.49450549483299255, "AUC": 0.5245139598846436, "number_of_bets_tested": 91}}, "ans": 1}, "2020030125.0": {"pred": {"under": 0.891337218615699, "over": 0.10865203964216318, "metrics": {"loss": 0.8413741588592529, "acc": 0.49450549483299255, "AUC": 0.5245139598846436, "number_of_bets_tested": 91}}, "ans": 1}}