{"2020020613.0": {"pred": {"under": 0.3481543349564749, "over": 0.652375448618806, "metrics": {"loss": 1.119207739830017, "acc": 0.5671641826629639, "AUC": 0.5272889733314514, "number_of_bets_tested": 67}}, "ans": 1}, "2020020627.0": {"pred": {"under": 0.9523599740618304, "over": 0.04764808394214998, "metrics": {"loss": 1.119207739830017, "acc": 0.5671641826629639, "AUC": 0.5272889733314514, "number_of_bets_tested": 67}}, "ans": 1}, "2020020494.0": {"pred": {"under": 0.9511425405512373, "over": 0.048868906252416744, "metrics": {"loss": 1.119207739830017, "acc": 0.5671641826629639, "AUC": 0.5272889733314514, "number_of_bets_tested": 67}}, "ans": 1}, "2020020650.0": {"pred": {"under": 0.9963332707220317, "over": 0.0036667398330079907, "metrics": {"loss": 1.119207739830017, "acc": 0.5671641826629639, "AUC": 0.5272889733314514, "number_of_bets_tested": 67}}, "ans": 1}, "2020020680.0": {"pred": {"under": 0.9837500459524454, "over": 0.016250569365657504, "metrics": {"loss": 1.119207739830017, "acc": 0.5671641826629639, "AUC": 0.5272889733314514, "number_of_bets_tested": 67}}, "ans": 1}, "2020020690.0": {"pred": {"under": 0.993430105052, "over": 0.0065698646306894945, "metrics": {"loss": 1.119207739830017, "acc": 0.5671641826629639, "AUC": 0.5272889733314514, "number_of_bets_tested": 67}}, "ans": 1}, "2020020757.0": {"pred": {"under": 0.14700391474857205, "over": 0.8528993799252488, "metrics": {"loss": 1.119207739830017, "acc": 0.5671641826629639, "AUC": 0.5272889733314514, "number_of_bets_tested": 67}}, "ans": 0}, "2020020770.0": {"pred": {"under": 0.32675335748290846, "over": 0.6728446613619262, "metrics": {"loss": 1.119207739830017, "acc": 0.5671641826629639, "AUC": 0.5272889733314514, "number_of_bets_tested": 67}}, "ans": 1}, "2020020815.0": {"pred": {"under": 0.32399262923962135, "over": 0.676122448999537, "metrics": {"loss": 1.119207739830017, "acc": 0.5671641826629639, "AUC": 0.5272889733314514, "number_of_bets_tested": 67}}, "ans": 1}, "2020020826.0": {"pred": {"under": 0.19025643299172043, "over": 0.8096401840276526, "metrics": {"loss": 1.119207739830017, "acc": 0.5671641826629639, "AUC": 0.5272889733314514, "number_of_bets_tested": 67}}, "ans": 1}, "2020020842.0": {"pred": {"under": 0.21760444235643678, "over": 0.7818684446405622, "metrics": {"loss": 1.119207739830017, "acc": 0.5671641826629639, "AUC": 0.5272889733314514, "number_of_bets_tested": 67}}, "ans": 1}, "2020030114.0": {"pred": {"under": 0.26559882875125057, "over": 0.7339043041093679, "metrics": {"loss": 1.119207739830017, "acc": 0.5671641826629639, "AUC": 0.5272889733314514, "number_of_bets_tested": 67}}, "ans": 1}, "2020030115.0": {"pred": {"under": 0.19207808888776806, "over": 0.807911760442096, "metrics": {"loss": 1.119207739830017, "acc": 0.5671641826629639, "AUC": 0.5272889733314514, "number_of_bets_tested": 67}}, "ans": 1}}