{"2020020491.0": {"pred": {"under": 0.20177883332930455, "over": 0.7982842765200386, "metrics": {"loss": 2.6494929790496826, "acc": 0.5063291192054749, "AUC": 0.5141804218292236, "number_of_bets_tested": 79}}, "ans": 0}, "2020020536.0": {"pred": {"under": 0.04954152880352858, "over": 0.9504624499690847, "metrics": {"loss": 2.6494929790496826, "acc": 0.5063291192054749, "AUC": 0.5141804218292236, "number_of_bets_tested": 79}}, "ans": 1}, "2020020551.0": {"pred": {"under": 0.5051143489042581, "over": 0.4957389948874215, "metrics": {"loss": 2.6494929790496826, "acc": 0.5063291192054749, "AUC": 0.5141804218292236, "number_of_bets_tested": 79}}, "ans": 1}, "2020020498.0": {"pred": {"under": 0.6237917868886143, "over": 0.3771802339929538, "metrics": {"loss": 2.6494929790496826, "acc": 0.5063291192054749, "AUC": 0.5141804218292236, "number_of_bets_tested": 79}}, "ans": 1}, "2020020582.0": {"pred": {"under": 0.7330524764763667, "over": 0.26745698674484575, "metrics": {"loss": 2.6494929790496826, "acc": 0.5063291192054749, "AUC": 0.5141804218292236, "number_of_bets_tested": 79}}, "ans": 0}, "2020020607.0": {"pred": {"under": 0.46611382560595893, "over": 0.5338383395446114, "metrics": {"loss": 2.6494929790496826, "acc": 0.5063291192054749, "AUC": 0.5141804218292236, "number_of_bets_tested": 79}}, "ans": 1}, "2020020621.0": {"pred": {"under": 0.03204997264930511, "over": 0.9679524261009524, "metrics": {"loss": 2.6494929790496826, "acc": 0.5063291192054749, "AUC": 0.5141804218292236, "number_of_bets_tested": 79}}, "ans": 1}, "2020020638.0": {"pred": {"under": 0.5729588139040338, "over": 0.42692543681561274, "metrics": {"loss": 2.6494929790496826, "acc": 0.5063291192054749, "AUC": 0.5141804218292236, "number_of_bets_tested": 79}}, "ans": 1}, "2020020849.0": {"pred": {"under": 0.5731218406822729, "over": 0.4267637873958714, "metrics": {"loss": 2.6494929790496826, "acc": 0.5063291192054749, "AUC": 0.5141804218292236, "number_of_bets_tested": 79}}, "ans": 1}, "2020020696.0": {"pred": {"under": 0.5024721121824554, "over": 0.49745471331993735, "metrics": {"loss": 2.6494929790496826, "acc": 0.5063291192054749, "AUC": 0.5141804218292236, "number_of_bets_tested": 79}}, "ans": 1}, "2020020709.0": {"pred": {"under": 0.5024721121824554, "over": 0.49745471331993735, "metrics": {"loss": 2.6494929790496826, "acc": 0.5063291192054749, "AUC": 0.5141804218292236, "number_of_bets_tested": 79}}, "ans": 1}, "2020020721.0": {"pred": {"under": 0.6359299455121732, "over": 0.36395680913062795, "metrics": {"loss": 2.6494929790496826, "acc": 0.5063291192054749, "AUC": 0.5141804218292236, "number_of_bets_tested": 79}}, "ans": 0}, "2020020760.0": {"pred": {"under": 0.6121475936473874, "over": 0.38810738349908297, "metrics": {"loss": 2.6494929790496826, "acc": 0.5063291192054749, "AUC": 0.5141804218292236, "number_of_bets_tested": 79}}, "ans": 1}, "2020020777.0": {"pred": {"under": 0.7274502011522135, "over": 0.2733617087520116, "metrics": {"loss": 2.6494929790496826, "acc": 0.5063291192054749, "AUC": 0.5141804218292236, "number_of_bets_tested": 79}}, "ans": 0}, "2020020789.0": {"pred": {"under": 0.24126964686600783, "over": 0.7588023174702685, "metrics": {"loss": 2.6494929790496826, "acc": 0.5063291192054749, "AUC": 0.5141804218292236, "number_of_bets_tested": 79}}, "ans": 0}, "2020020829.0": {"pred": {"under": 0.663713398741857, "over": 0.3367204401512679, "metrics": {"loss": 2.6494929790496826, "acc": 0.5063291192054749, "AUC": 0.5141804218292236, "number_of_bets_tested": 79}}, "ans": 0}, "2020020844.0": {"pred": {"under": 0.3836043149492029, "over": 0.6171722155371123, "metrics": {"loss": 2.6494929790496826, "acc": 0.5063291192054749, "AUC": 0.5141804218292236, "number_of_bets_tested": 79}}, "ans": 1}, "2020020593.0": {"pred": {"under": 0.47892828327181264, "over": 0.520880889199853, "metrics": {"loss": 2.6494929790496826, "acc": 0.5063291192054749, "AUC": 0.5141804218292236, "number_of_bets_tested": 79}}, "ans": 1}, "2020020526.0": {"pred": {"under": 0.4985357676071377, "over": 0.5013576549954953, "metrics": {"loss": 2.6494929790496826, "acc": 0.5063291192054749, "AUC": 0.5141804218292236, "number_of_bets_tested": 79}}, "ans": 1}, "2020030181.0": {"pred": {"under": 0.5024721121824554, "over": 0.49745471331993735, "metrics": {"loss": 2.6494929790496826, "acc": 0.5063291192054749, "AUC": 0.5141804218292236, "number_of_bets_tested": 79}}, "ans": 0}, "2020030182.0": {"pred": {"under": 0.4870678080511819, "over": 0.5128695798565747, "metrics": {"loss": 2.6494929790496826, "acc": 0.5063291192054749, "AUC": 0.5141804218292236, "number_of_bets_tested": 79}}, "ans": 1}, "2020030183.0": {"pred": {"under": 0.47988476780470607, "over": 0.5199676635668518, "metrics": {"loss": 2.6494929790496826, "acc": 0.5063291192054749, "AUC": 0.5141804218292236, "number_of_bets_tested": 79}}, "ans": 0}, "2020030184.0": {"pred": {"under": 0.5024721121824554, "over": 0.49745471331993735, "metrics": {"loss": 2.6494929790496826, "acc": 0.5063291192054749, "AUC": 0.5141804218292236, "number_of_bets_tested": 79}}, "ans": 0}}