{"2020020495.0": {"pred": {"under": 0.18527777221038647, "over": 0.8146239016758875, "metrics": {"loss": 2.0837366580963135, "acc": 0.3571428656578064, "AUC": 0.36806121468544006, "number_of_bets_tested": 70}}, "ans": 1}, "2020020122.0": {"pred": {"under": 0.2333086083491633, "over": 0.7665856875808535, "metrics": {"loss": 2.0837366580963135, "acc": 0.3571428656578064, "AUC": 0.36806121468544006, "number_of_bets_tested": 70}}, "ans": 1}, "2020020523.0": {"pred": {"under": 0.31785531846609216, "over": 0.6822825372043505, "metrics": {"loss": 2.0837366580963135, "acc": 0.3571428656578064, "AUC": 0.36806121468544006, "number_of_bets_tested": 70}}, "ans": 0}, "2020020554.0": {"pred": {"under": 0.18459580783853063, "over": 0.8152922297435283, "metrics": {"loss": 2.0837366580963135, "acc": 0.3571428656578064, "AUC": 0.36806121468544006, "number_of_bets_tested": 70}}, "ans": 0}, "2020020569.0": {"pred": {"under": 0.21004310737467713, "over": 0.7898511316397564, "metrics": {"loss": 2.0837366580963135, "acc": 0.3571428656578064, "AUC": 0.36806121468544006, "number_of_bets_tested": 70}}, "ans": 1}, "2020020579.0": {"pred": {"under": 0.29883988323482547, "over": 0.702098157936267, "metrics": {"loss": 2.0837366580963135, "acc": 0.3571428656578064, "AUC": 0.36806121468544006, "number_of_bets_tested": 70}}, "ans": 1}, "2020020606.0": {"pred": {"under": 0.30897395423370316, "over": 0.6909761760233492, "metrics": {"loss": 2.0837366580963135, "acc": 0.3571428656578064, "AUC": 0.36806121468544006, "number_of_bets_tested": 70}}, "ans": 0}, "2020020620.0": {"pred": {"under": 0.18176615889611425, "over": 0.8181377919602479, "metrics": {"loss": 2.0837366580963135, "acc": 0.3571428656578064, "AUC": 0.36806121468544006, "number_of_bets_tested": 70}}, "ans": 1}, "2020020639.0": {"pred": {"under": 0.3042755863268887, "over": 0.6954512047799704, "metrics": {"loss": 2.0837366580963135, "acc": 0.3571428656578064, "AUC": 0.36806121468544006, "number_of_bets_tested": 70}}, "ans": 0}, "2020020655.0": {"pred": {"under": 0.30897395423370316, "over": 0.6909761760233492, "metrics": {"loss": 2.0837366580963135, "acc": 0.3571428656578064, "AUC": 0.36806121468544006, "number_of_bets_tested": 70}}, "ans": 1}, "2020020663.0": {"pred": {"under": 0.3123673303795436, "over": 0.6876998117943647, "metrics": {"loss": 2.0837366580963135, "acc": 0.3571428656578064, "AUC": 0.36806121468544006, "number_of_bets_tested": 70}}, "ans": 1}, "2020020674.0": {"pred": {"under": 0.2167576420036982, "over": 0.7831358599243626, "metrics": {"loss": 2.0837366580963135, "acc": 0.3571428656578064, "AUC": 0.36806121468544006, "number_of_bets_tested": 70}}, "ans": 0}, "2020020689.0": {"pred": {"under": 0.30897395423370316, "over": 0.6909761760233492, "metrics": {"loss": 2.0837366580963135, "acc": 0.3571428656578064, "AUC": 0.36806121468544006, "number_of_bets_tested": 70}}, "ans": 1}, "2020020705.0": {"pred": {"under": 0.17494516327944606, "over": 0.8249773679543273, "metrics": {"loss": 2.0837366580963135, "acc": 0.3571428656578064, "AUC": 0.36806121468544006, "number_of_bets_tested": 70}}, "ans": 1}, "2020020713.0": {"pred": {"under": 0.16095800434550853, "over": 0.8389967564935674, "metrics": {"loss": 2.0837366580963135, "acc": 0.3571428656578064, "AUC": 0.36806121468544006, "number_of_bets_tested": 70}}, "ans": 1}, "2020020728.0": {"pred": {"under": 0.30897395423370316, "over": 0.6909761760233492, "metrics": {"loss": 2.0837366580963135, "acc": 0.3571428656578064, "AUC": 0.36806121468544006, "number_of_bets_tested": 70}}, "ans": 1}, "2020020779.0": {"pred": {"under": 0.07198351930725941, "over": 0.9280307790750801, "metrics": {"loss": 2.0837366580963135, "acc": 0.3571428656578064, "AUC": 0.36806121468544006, "number_of_bets_tested": 70}}, "ans": 1}, "2020020821.0": {"pred": {"under": 0.30897395423370316, "over": 0.6909761760233492, "metrics": {"loss": 2.0837366580963135, "acc": 0.3571428656578064, "AUC": 0.36806121468544006, "number_of_bets_tested": 70}}, "ans": 1}, "2020020835.0": {"pred": {"under": 0.31082491725023675, "over": 0.6891885712241077, "metrics": {"loss": 2.0837366580963135, "acc": 0.3571428656578064, "AUC": 0.36806121468544006, "number_of_bets_tested": 70}}, "ans": 1}, "2020020851.0": {"pred": {"under": 0.30897395423370316, "over": 0.6909761760233492, "metrics": {"loss": 2.0837366580963135, "acc": 0.3571428656578064, "AUC": 0.36806121468544006, "number_of_bets_tested": 70}}, "ans": 1}, "2020020162.0": {"pred": {"under": 0.530516903923459, "over": 0.4691558546953737, "metrics": {"loss": 2.0837366580963135, "acc": 0.3571428656578064, "AUC": 0.36806121468544006, "number_of_bets_tested": 70}}, "ans": 0}, "2020030162.0": {"pred": {"under": 0.3900904368956585, "over": 0.6100401840583938, "metrics": {"loss": 2.0837366580963135, "acc": 0.3571428656578064, "AUC": 0.36806121468544006, "number_of_bets_tested": 70}}, "ans": 1}, "2020030163.0": {"pred": {"under": 0.3329263591309472, "over": 0.6672219474870004, "metrics": {"loss": 2.0837366580963135, "acc": 0.3571428656578064, "AUC": 0.36806121468544006, "number_of_bets_tested": 70}}, "ans": 1}, "2020030164.0": {"pred": {"under": 0.4580261139842666, "over": 0.5420563179533422, "metrics": {"loss": 2.0837366580963135, "acc": 0.3571428656578064, "AUC": 0.36806121468544006, "number_of_bets_tested": 70}}, "ans": 0}, "2020030165.0": {"pred": {"under": 0.30897395423370316, "over": 0.6909761760233492, "metrics": {"loss": 2.0837366580963135, "acc": 0.3571428656578064, "AUC": 0.36806121468544006, "number_of_bets_tested": 70}}, "ans": 1}}