{"2020020485.0": {"pred": {"under": 0.5816159778828748, "over": 0.41763135122138656, "metrics": {"loss": 0.8638764023780823, "acc": 0.4871794879436493, "AUC": 0.4502520263195038, "number_of_bets_tested": 117}}, "ans": 1}, "2020020497.0": {"pred": {"under": 0.5816159778828748, "over": 0.41763135122138656, "metrics": {"loss": 0.8638764023780823, "acc": 0.4871794879436493, "AUC": 0.4502520263195038, "number_of_bets_tested": 117}}, "ans": 0}, "2020020518.0": {"pred": {"under": 0.5816159778828748, "over": 0.41763135122138656, "metrics": {"loss": 0.8638764023780823, "acc": 0.4871794879436493, "AUC": 0.4502520263195038, "number_of_bets_tested": 117}}, "ans": 0}, "2020020559.0": {"pred": {"under": 0.6223797749105348, "over": 0.37711380721904975, "metrics": {"loss": 0.8638764023780823, "acc": 0.4871794879436493, "AUC": 0.4502520263195038, "number_of_bets_tested": 117}}, "ans": 0}, "2020020574.0": {"pred": {"under": 0.6217710687474711, "over": 0.37771893589776007, "metrics": {"loss": 0.8638764023780823, "acc": 0.4871794879436493, "AUC": 0.4502520263195038, "number_of_bets_tested": 117}}, "ans": 0}, "2020020600.0": {"pred": {"under": 0.7433749279510059, "over": 0.2566583600495906, "metrics": {"loss": 0.8638764023780823, "acc": 0.4871794879436493, "AUC": 0.4502520263195038, "number_of_bets_tested": 117}}, "ans": 1}, "2020020616.0": {"pred": {"under": 0.7242584576518145, "over": 0.27571948546520003, "metrics": {"loss": 0.8638764023780823, "acc": 0.4871794879436493, "AUC": 0.4502520263195038, "number_of_bets_tested": 117}}, "ans": 1}, "2020020630.0": {"pred": {"under": 0.7358140214515976, "over": 0.26419894376267355, "metrics": {"loss": 0.8638764023780823, "acc": 0.4871794879436493, "AUC": 0.4502520263195038, "number_of_bets_tested": 117}}, "ans": 1}, "2020020643.0": {"pred": {"under": 0.1028251930981637, "over": 0.8971037645049905, "metrics": {"loss": 0.8638764023780823, "acc": 0.4871794879436493, "AUC": 0.4502520263195038, "number_of_bets_tested": 117}}, "ans": 1}, "2020020658.0": {"pred": {"under": 0.631652403092229, "over": 0.368378290100081, "metrics": {"loss": 0.8638764023780823, "acc": 0.4871794879436493, "AUC": 0.4502520263195038, "number_of_bets_tested": 117}}, "ans": 1}, "2020020683.0": {"pred": {"under": 0.7820961816960946, "over": 0.21800888993140444, "metrics": {"loss": 0.8638764023780823, "acc": 0.4871794879436493, "AUC": 0.4502520263195038, "number_of_bets_tested": 117}}, "ans": 0}, "2020020699.0": {"pred": {"under": 0.6518782272965645, "over": 0.34778201675333226, "metrics": {"loss": 0.8638764023780823, "acc": 0.4871794879436493, "AUC": 0.4502520263195038, "number_of_bets_tested": 117}}, "ans": 0}, "2020020707.0": {"pred": {"under": 0.5816159778828748, "over": 0.41763135122138656, "metrics": {"loss": 0.8638764023780823, "acc": 0.4871794879436493, "AUC": 0.4502520263195038, "number_of_bets_tested": 117}}, "ans": 1}, "2020020719.0": {"pred": {"under": 0.6910750333647792, "over": 0.3087767962311504, "metrics": {"loss": 0.8638764023780823, "acc": 0.4871794879436493, "AUC": 0.4502520263195038, "number_of_bets_tested": 117}}, "ans": 0}, "2020020731.0": {"pred": {"under": 0.7433840545310311, "over": 0.25664925465867156, "metrics": {"loss": 0.8638764023780823, "acc": 0.4871794879436493, "AUC": 0.4502520263195038, "number_of_bets_tested": 117}}, "ans": 0}, "2020020756.0": {"pred": {"under": 0.766921748239234, "over": 0.23316157422454, "metrics": {"loss": 0.8638764023780823, "acc": 0.4871794879436493, "AUC": 0.4502520263195038, "number_of_bets_tested": 117}}, "ans": 1}, "2020020771.0": {"pred": {"under": 0.7068301546696444, "over": 0.29316246531639706, "metrics": {"loss": 0.8638764023780823, "acc": 0.4871794879436493, "AUC": 0.4502520263195038, "number_of_bets_tested": 117}}, "ans": 1}, "2020020817.0": {"pred": {"under": 0.5816159778828748, "over": 0.41763135122138656, "metrics": {"loss": 0.8638764023780823, "acc": 0.4871794879436493, "AUC": 0.4502520263195038, "number_of_bets_tested": 117}}, "ans": 0}, "2020020831.0": {"pred": {"under": 0.6363111815928125, "over": 0.36350762800170483, "metrics": {"loss": 0.8638764023780823, "acc": 0.4871794879436493, "AUC": 0.4502520263195038, "number_of_bets_tested": 117}}, "ans": 0}, "2020020845.0": {"pred": {"under": 0.4893414880632592, "over": 0.5099084681922375, "metrics": {"loss": 0.8638764023780823, "acc": 0.4871794879436493, "AUC": 0.4502520263195038, "number_of_bets_tested": 117}}, "ans": 1}}