{"2020020541.0": {"pred": {"under": 0.5969010395000627, "over": 0.4022189238838017, "metrics": {"loss": 0.9778953194618225, "acc": 0.7681159377098083, "AUC": 0.7706363797187805, "number_of_bets_tested": 69}}, "ans": 1}, "2020020556.0": {"pred": {"under": 0.6879100010438634, "over": 0.31210816748634373, "metrics": {"loss": 0.9778953194618225, "acc": 0.7681159377098083, "AUC": 0.7706363797187805, "number_of_bets_tested": 69}}, "ans": 1}, "2020020571.0": {"pred": {"under": 0.9906996567467761, "over": 0.009300203829910704, "metrics": {"loss": 0.9778953194618225, "acc": 0.7681159377098083, "AUC": 0.7706363797187805, "number_of_bets_tested": 69}}, "ans": 1}, "2020020390.0": {"pred": {"under": 0.9686533704258586, "over": 0.03134641704043863, "metrics": {"loss": 0.9778953194618225, "acc": 0.7681159377098083, "AUC": 0.7706363797187805, "number_of_bets_tested": 69}}, "ans": 1}, "2020020628.0": {"pred": {"under": 0.9952955560239186, "over": 0.004704458501387781, "metrics": {"loss": 0.9778953194618225, "acc": 0.7681159377098083, "AUC": 0.7706363797187805, "number_of_bets_tested": 69}}, "ans": 0}, "2020020714.0": {"pred": {"under": 0.3684398635428352, "over": 0.6307380461865234, "metrics": {"loss": 0.9778953194618225, "acc": 0.7681159377098083, "AUC": 0.7706363797187805, "number_of_bets_tested": 69}}, "ans": 1}, "2020020665.0": {"pred": {"under": 0.3634567200634255, "over": 0.6354315689667239, "metrics": {"loss": 0.9778953194618225, "acc": 0.7681159377098083, "AUC": 0.7706363797187805, "number_of_bets_tested": 69}}, "ans": 1}, "2020020701.0": {"pred": {"under": 0.9169094069771353, "over": 0.0831176098643542, "metrics": {"loss": 0.9778953194618225, "acc": 0.7681159377098083, "AUC": 0.7706363797187805, "number_of_bets_tested": 69}}, "ans": 0}}