{"2020020486.0": {"pred": {"under": 0.21946147083857653, "over": 0.7800534819156072, "metrics": {"loss": 1.171346664428711, "acc": 0.6081081032752991, "AUC": 0.5949597954750061, "number_of_bets_tested": 74}}, "ans": 1}, "2020020534.0": {"pred": {"under": 0.46517026385080584, "over": 0.5350984547888441, "metrics": {"loss": 1.171346664428711, "acc": 0.6081081032752991, "AUC": 0.5949597954750061, "number_of_bets_tested": 74}}, "ans": 1}, "2020020576.0": {"pred": {"under": 0.46517026385080584, "over": 0.5350984547888441, "metrics": {"loss": 1.171346664428711, "acc": 0.6081081032752991, "AUC": 0.5949597954750061, "number_of_bets_tested": 74}}, "ans": 0}, "2020020632.0": {"pred": {"under": 0.6006002009299104, "over": 0.399208395067666, "metrics": {"loss": 1.171346664428711, "acc": 0.6081081032752991, "AUC": 0.5949597954750061, "number_of_bets_tested": 74}}, "ans": 0}}