{"2020020464.0": {"pred": {"under": 0.1511225507930979, "over": 0.8492304454171299, "metrics": {"loss": 1.0545473098754883, "acc": 0.5714285969734192, "AUC": 0.5551303625106812, "number_of_bets_tested": 84}}, "ans": 0}, "2020020474.0": {"pred": {"under": 0.45182484648533566, "over": 0.5481235426561016, "metrics": {"loss": 1.0545473098754883, "acc": 0.5714285969734192, "AUC": 0.5551303625106812, "number_of_bets_tested": 84}}, "ans": 0}, "2020020491.0": {"pred": {"under": 0.2177894120193005, "over": 0.7828582289523285, "metrics": {"loss": 1.0545473098754883, "acc": 0.5714285969734192, "AUC": 0.5551303625106812, "number_of_bets_tested": 84}}, "ans": 1}, "2020020500.0": {"pred": {"under": 0.7583339437539879, "over": 0.2402974404535364, "metrics": {"loss": 1.0545473098754883, "acc": 0.5714285969734192, "AUC": 0.5551303625106812, "number_of_bets_tested": 84}}, "ans": 1}, "2020020512.0": {"pred": {"under": 0.38875567901847075, "over": 0.6132688108318477, "metrics": {"loss": 1.0545473098754883, "acc": 0.5714285969734192, "AUC": 0.5551303625106812, "number_of_bets_tested": 84}}, "ans": 1}, "2020020527.0": {"pred": {"under": 0.518377002355797, "over": 0.48422412332405723, "metrics": {"loss": 1.0545473098754883, "acc": 0.5714285969734192, "AUC": 0.5551303625106812, "number_of_bets_tested": 84}}, "ans": 0}, "2020020537.0": {"pred": {"under": 0.6943962578279561, "over": 0.30364947893609034, "metrics": {"loss": 1.0545473098754883, "acc": 0.5714285969734192, "AUC": 0.5551303625106812, "number_of_bets_tested": 84}}, "ans": 1}, "2020020552.0": {"pred": {"under": 0.45182484648533566, "over": 0.5481235426561016, "metrics": {"loss": 1.0545473098754883, "acc": 0.5714285969734192, "AUC": 0.5551303625106812, "number_of_bets_tested": 84}}, "ans": 0}, "2020020566.0": {"pred": {"under": 0.2524522028174051, "over": 0.7483233436539941, "metrics": {"loss": 1.0545473098754883, "acc": 0.5714285969734192, "AUC": 0.5551303625106812, "number_of_bets_tested": 84}}, "ans": 0}, "2020020581.0": {"pred": {"under": 0.23396463469244783, "over": 0.7668368483218065, "metrics": {"loss": 1.0545473098754883, "acc": 0.5714285969734192, "AUC": 0.5551303625106812, "number_of_bets_tested": 84}}, "ans": 0}, "2020020848.0": {"pred": {"under": 0.45182484648533566, "over": 0.5481235426561016, "metrics": {"loss": 1.0545473098754883, "acc": 0.5714285969734192, "AUC": 0.5551303625106812, "number_of_bets_tested": 84}}, "ans": 1}, "2020020633.0": {"pred": {"under": 0.21788931718881002, "over": 0.7830159138528835, "metrics": {"loss": 1.0545473098754883, "acc": 0.5714285969734192, "AUC": 0.5551303625106812, "number_of_bets_tested": 84}}, "ans": 1}, "2020020645.0": {"pred": {"under": 0.4492632518558153, "over": 0.5506844516009711, "metrics": {"loss": 1.0545473098754883, "acc": 0.5714285969734192, "AUC": 0.5551303625106812, "number_of_bets_tested": 84}}, "ans": 0}, "2020020661.0": {"pred": {"under": 0.14287048757869367, "over": 0.8575299532536729, "metrics": {"loss": 1.0545473098754883, "acc": 0.5714285969734192, "AUC": 0.5551303625106812, "number_of_bets_tested": 84}}, "ans": 1}, "2020020672.0": {"pred": {"under": 0.06258495033743113, "over": 0.9374709245206021, "metrics": {"loss": 1.0545473098754883, "acc": 0.5714285969734192, "AUC": 0.5551303625106812, "number_of_bets_tested": 84}}, "ans": 1}, "2020020682.0": {"pred": {"under": 0.029970175916394164, "over": 0.9700369187328458, "metrics": {"loss": 1.0545473098754883, "acc": 0.5714285969734192, "AUC": 0.5551303625106812, "number_of_bets_tested": 84}}, "ans": 1}, "2020020696.0": {"pred": {"under": 0.1232549578819327, "over": 0.8769954505788499, "metrics": {"loss": 1.0545473098754883, "acc": 0.5714285969734192, "AUC": 0.5551303625106812, "number_of_bets_tested": 84}}, "ans": 1}, "2020020726.0": {"pred": {"under": 0.05885308020899234, "over": 0.9411858646241834, "metrics": {"loss": 1.0545473098754883, "acc": 0.5714285969734192, "AUC": 0.5551303625106812, "number_of_bets_tested": 84}}, "ans": 1}, "2020030184.0": {"pred": {"under": 0.29184023415360816, "over": 0.7094842817237887, "metrics": {"loss": 1.0545473098754883, "acc": 0.5714285969734192, "AUC": 0.5551303625106812, "number_of_bets_tested": 84}}, "ans": 1}}