{"2020020515.0": {"pred": {"under": 0.4730129275052252, "over": 0.5273255322877954, "metrics": {"loss": 4.218517780303955, "acc": 0.6166666746139526, "AUC": 0.6774999499320984, "number_of_bets_tested": 60}}, "ans": 0}, "2020020549.0": {"pred": {"under": 0.48128113484086, "over": 0.5151723084595867, "metrics": {"loss": 4.218517780303955, "acc": 0.6166666746139526, "AUC": 0.6774999499320984, "number_of_bets_tested": 60}}, "ans": 0}, "2020020573.0": {"pred": {"under": 0.3084932370802534, "over": 0.6940666189618646, "metrics": {"loss": 4.218517780303955, "acc": 0.6166666746139526, "AUC": 0.6774999499320984, "number_of_bets_tested": 60}}, "ans": 0}, "2020020626.0": {"pred": {"under": 0.593001281534895, "over": 0.4045829720895883, "metrics": {"loss": 4.218517780303955, "acc": 0.6166666746139526, "AUC": 0.6774999499320984, "number_of_bets_tested": 60}}, "ans": 0}, "2020020651.0": {"pred": {"under": 0.5780268968642631, "over": 0.4191262104913837, "metrics": {"loss": 4.218517780303955, "acc": 0.6166666746139526, "AUC": 0.6774999499320984, "number_of_bets_tested": 60}}, "ans": 0}, "2020020665.0": {"pred": {"under": 0.7170459272442018, "over": 0.28094718551358794, "metrics": {"loss": 4.218517780303955, "acc": 0.6166666746139526, "AUC": 0.6774999499320984, "number_of_bets_tested": 60}}, "ans": 1}, "2020020685.0": {"pred": {"under": 0.2788756299880996, "over": 0.7225649651145899, "metrics": {"loss": 4.218517780303955, "acc": 0.6166666746139526, "AUC": 0.6774999499320984, "number_of_bets_tested": 60}}, "ans": 0}, "2020020703.0": {"pred": {"under": 0.15535409495851285, "over": 0.8456403173948293, "metrics": {"loss": 4.218517780303955, "acc": 0.6166666746139526, "AUC": 0.6774999499320984, "number_of_bets_tested": 60}}, "ans": 0}, "2020020717.0": {"pred": {"under": 0.5442325173860841, "over": 0.4547456689679203, "metrics": {"loss": 4.218517780303955, "acc": 0.6166666746139526, "AUC": 0.6774999499320984, "number_of_bets_tested": 60}}, "ans": 0}, "2020020730.0": {"pred": {"under": 0.589698962595166, "over": 0.40891271753217656, "metrics": {"loss": 4.218517780303955, "acc": 0.6166666746139526, "AUC": 0.6774999499320984, "number_of_bets_tested": 60}}, "ans": 0}, "2020020447.0": {"pred": {"under": 0.1591079555499336, "over": 0.8411606562290483, "metrics": {"loss": 4.218517780303955, "acc": 0.6166666746139526, "AUC": 0.6774999499320984, "number_of_bets_tested": 60}}, "ans": 1}, "2020020839.0": {"pred": {"under": 0.42737787461957655, "over": 0.5721804259874372, "metrics": {"loss": 4.218517780303955, "acc": 0.6166666746139526, "AUC": 0.6774999499320984, "number_of_bets_tested": 60}}, "ans": 1}, "2020030113.0": {"pred": {"under": 0.562904554917032, "over": 0.4364452755389359, "metrics": {"loss": 4.218517780303955, "acc": 0.6166666746139526, "AUC": 0.6774999499320984, "number_of_bets_tested": 60}}, "ans": 0}, "2020030114.0": {"pred": {"under": 0.9965256743661796, "over": 0.0034742976629947254, "metrics": {"loss": 4.218517780303955, "acc": 0.6166666746139526, "AUC": 0.6774999499320984, "number_of_bets_tested": 60}}, "ans": 1}, "2020030115.0": {"pred": {"under": 0.9830565296519642, "over": 0.01694221682190606, "metrics": {"loss": 4.218517780303955, "acc": 0.6166666746139526, "AUC": 0.6774999499320984, "number_of_bets_tested": 60}}, "ans": 1}}