{"2020020538.0": {"pred": {"under": 0.6029278410013494, "over": 0.3973585485028316, "metrics": {"loss": 1.789920449256897, "acc": 0.54666668176651, "AUC": 0.5797333121299744, "number_of_bets_tested": 75}}, "ans": 0}, "2020020547.0": {"pred": {"under": 0.2918749391567917, "over": 0.7091160417694453, "metrics": {"loss": 1.789920449256897, "acc": 0.54666668176651, "AUC": 0.5797333121299744, "number_of_bets_tested": 75}}, "ans": 1}, "2020020560.0": {"pred": {"under": 0.8156782737303993, "over": 0.18448425048477785, "metrics": {"loss": 1.789920449256897, "acc": 0.54666668176651, "AUC": 0.5797333121299744, "number_of_bets_tested": 75}}, "ans": 0}, "2020020679.0": {"pred": {"under": 0.18407024361297905, "over": 0.8163661685723989, "metrics": {"loss": 1.789920449256897, "acc": 0.54666668176651, "AUC": 0.5797333121299744, "number_of_bets_tested": 75}}, "ans": 1}, "2020020694.0": {"pred": {"under": 0.7786018808220719, "over": 0.22133752802357265, "metrics": {"loss": 1.789920449256897, "acc": 0.54666668176651, "AUC": 0.5797333121299744, "number_of_bets_tested": 75}}, "ans": 1}, "2020020707.0": {"pred": {"under": 0.685466604966957, "over": 0.31513567277480414, "metrics": {"loss": 1.789920449256897, "acc": 0.54666668176651, "AUC": 0.5797333121299744, "number_of_bets_tested": 75}}, "ans": 0}, "2020020719.0": {"pred": {"under": 0.46229668182554556, "over": 0.5392204974426307, "metrics": {"loss": 1.789920449256897, "acc": 0.54666668176651, "AUC": 0.5797333121299744, "number_of_bets_tested": 75}}, "ans": 0}, "2020020758.0": {"pred": {"under": 0.604109116033484, "over": 0.396190774476822, "metrics": {"loss": 1.789920449256897, "acc": 0.54666668176651, "AUC": 0.5797333121299744, "number_of_bets_tested": 75}}, "ans": 0}, "2020020773.0": {"pred": {"under": 0.5859213487666856, "over": 0.4141434678174221, "metrics": {"loss": 1.789920449256897, "acc": 0.54666668176651, "AUC": 0.5797333121299744, "number_of_bets_tested": 75}}, "ans": 1}, "2020020787.0": {"pred": {"under": 0.2932780732930661, "over": 0.7074648020288808, "metrics": {"loss": 1.789920449256897, "acc": 0.54666668176651, "AUC": 0.5797333121299744, "number_of_bets_tested": 75}}, "ans": 0}, "2020020020.0": {"pred": {"under": 0.7440948143129645, "over": 0.25481280924842403, "metrics": {"loss": 1.789920449256897, "acc": 0.54666668176651, "AUC": 0.5797333121299744, "number_of_bets_tested": 75}}, "ans": 1}}