{"2020020520.0": {"pred": {"under": 0.7796901041121765, "over": 0.22027529878619484, "metrics": {"loss": 1.451852798461914, "acc": 0.7169811129570007, "AUC": 0.740833044052124, "number_of_bets_tested": 53}}, "ans": 0}}