{"2020020628.0": {"pred": {"under": 0.5398110162532161, "over": 0.4572926524354977, "metrics": {"loss": 2.8959648609161377, "acc": 0.49295774102211, "AUC": 0.4812537431716919, "number_of_bets_tested": 71}}, "ans": 1}, "2020020195.0": {"pred": {"under": 0.508316659994862, "over": 0.4894034792235679, "metrics": {"loss": 2.8959648609161377, "acc": 0.49295774102211, "AUC": 0.4812537431716919, "number_of_bets_tested": 71}}, "ans": 0}, "2020020483.0": {"pred": {"under": 0.6038503968850589, "over": 0.3999741316308116, "metrics": {"loss": 2.8959648609161377, "acc": 0.49295774102211, "AUC": 0.4812537431716919, "number_of_bets_tested": 71}}, "ans": 0}, "2020030122.0": {"pred": {"under": 0.5385289848628, "over": 0.458585424885667, "metrics": {"loss": 2.8959648609161377, "acc": 0.49295774102211, "AUC": 0.4812537431716919, "number_of_bets_tested": 71}}, "ans": 0}}