{"2020020676.0": {"pred": {"under": 0.5041412541205483, "over": 0.4956590462342349, "metrics": {"loss": 5.822155952453613, "acc": 0.47457626461982727, "AUC": 0.449870765209198, "number_of_bets_tested": 59}}, "ans": 0}, "2020020702.0": {"pred": {"under": 0.5886070484330613, "over": 0.41476441885491466, "metrics": {"loss": 5.822155952453613, "acc": 0.47457626461982727, "AUC": 0.449870765209198, "number_of_bets_tested": 59}}, "ans": 1}, "2020020784.0": {"pred": {"under": 0.5408347307720187, "over": 0.46081109388902874, "metrics": {"loss": 5.822155952453613, "acc": 0.47457626461982727, "AUC": 0.449870765209198, "number_of_bets_tested": 59}}, "ans": 0}, "2020020814.0": {"pred": {"under": 0.4621929180257889, "over": 0.537395781087869, "metrics": {"loss": 5.822155952453613, "acc": 0.47457626461982727, "AUC": 0.449870765209198, "number_of_bets_tested": 59}}, "ans": 0}, "2020020830.0": {"pred": {"under": 0.05809208445125692, "over": 0.9419121676456768, "metrics": {"loss": 5.822155952453613, "acc": 0.47457626461982727, "AUC": 0.449870765209198, "number_of_bets_tested": 59}}, "ans": 0}}