{"2020020460.0": {"pred": {"under": 0.5592973478839923, "over": 0.4407686325904827, "metrics": {"loss": 0.8460956811904907, "acc": 0.5263158082962036, "AUC": 0.5624807476997375, "number_of_bets_tested": 57}}, "ans": 0}, "2020020473.0": {"pred": {"under": 0.9942384222110008, "over": 0.005761533098078776, "metrics": {"loss": 0.8460956811904907, "acc": 0.5263158082962036, "AUC": 0.5624807476997375, "number_of_bets_tested": 57}}, "ans": 0}, "2020020488.0": {"pred": {"under": 0.9435602343304186, "over": 0.056438133096699254, "metrics": {"loss": 0.8460956811904907, "acc": 0.5263158082962036, "AUC": 0.5624807476997375, "number_of_bets_tested": 57}}, "ans": 0}, "2020020506.0": {"pred": {"under": 0.836931100515142, "over": 0.16333725257007412, "metrics": {"loss": 0.8460956811904907, "acc": 0.5263158082962036, "AUC": 0.5624807476997375, "number_of_bets_tested": 57}}, "ans": 0}, "2020020520.0": {"pred": {"under": 0.72943666461846, "over": 0.2717546505139213, "metrics": {"loss": 0.8460956811904907, "acc": 0.5263158082962036, "AUC": 0.5624807476997375, "number_of_bets_tested": 57}}, "ans": 0}, "2020020560.0": {"pred": {"under": 0.8108608360933157, "over": 0.1896580441334117, "metrics": {"loss": 0.8460956811904907, "acc": 0.5263158082962036, "AUC": 0.5624807476997375, "number_of_bets_tested": 57}}, "ans": 0}, "2020020575.0": {"pred": {"under": 0.1967918920395924, "over": 0.8039519880877184, "metrics": {"loss": 0.8460956811904907, "acc": 0.5263158082962036, "AUC": 0.5624807476997375, "number_of_bets_tested": 57}}, "ans": 0}, "2020020617.0": {"pred": {"under": 0.9124775807554173, "over": 0.08754667804145948, "metrics": {"loss": 0.8460956811904907, "acc": 0.5263158082962036, "AUC": 0.5624807476997375, "number_of_bets_tested": 57}}, "ans": 1}, "2020020631.0": {"pred": {"under": 0.9426025007240321, "over": 0.057426217994626376, "metrics": {"loss": 0.8460956811904907, "acc": 0.5263158082962036, "AUC": 0.5624807476997375, "number_of_bets_tested": 57}}, "ans": 0}, "2020020642.0": {"pred": {"under": 0.9167974365603992, "over": 0.08332988982369655, "metrics": {"loss": 0.8460956811904907, "acc": 0.5263158082962036, "AUC": 0.5624807476997375, "number_of_bets_tested": 57}}, "ans": 1}, "2020020677.0": {"pred": {"under": 0.9827212073323758, "over": 0.01727963959667015, "metrics": {"loss": 0.8460956811904907, "acc": 0.5263158082962036, "AUC": 0.5624807476997375, "number_of_bets_tested": 57}}, "ans": 0}, "2020020692.0": {"pred": {"under": 0.5290324024482606, "over": 0.47132033661668743, "metrics": {"loss": 0.8460956811904907, "acc": 0.5263158082962036, "AUC": 0.5624807476997375, "number_of_bets_tested": 57}}, "ans": 1}, "2020020701.0": {"pred": {"under": 0.597978435836207, "over": 0.4029295080273823, "metrics": {"loss": 0.8460956811904907, "acc": 0.5263158082962036, "AUC": 0.5624807476997375, "number_of_bets_tested": 57}}, "ans": 0}, "2020020730.0": {"pred": {"under": 0.6372261556430183, "over": 0.36295269216007586, "metrics": {"loss": 0.8460956811904907, "acc": 0.5263158082962036, "AUC": 0.5624807476997375, "number_of_bets_tested": 57}}, "ans": 0}, "2020020830.0": {"pred": {"under": 0.802963769017164, "over": 0.1973331776795771, "metrics": {"loss": 0.8460956811904907, "acc": 0.5263158082962036, "AUC": 0.5624807476997375, "number_of_bets_tested": 57}}, "ans": 1}, "2020020840.0": {"pred": {"under": 0.4353487480382448, "over": 0.56493301226815, "metrics": {"loss": 0.8460956811904907, "acc": 0.5263158082962036, "AUC": 0.5624807476997375, "number_of_bets_tested": 57}}, "ans": 0}, "2020030122.0": {"pred": {"under": 0.4587055635091573, "over": 0.5436958210791654, "metrics": {"loss": 0.8460956811904907, "acc": 0.5263158082962036, "AUC": 0.5624807476997375, "number_of_bets_tested": 57}}, "ans": 1}, "2020030123.0": {"pred": {"under": 0.5847097342459441, "over": 0.41578125338852284, "metrics": {"loss": 0.8460956811904907, "acc": 0.5263158082962036, "AUC": 0.5624807476997375, "number_of_bets_tested": 57}}, "ans": 1}, "2020030124.0": {"pred": {"under": 0.2605913229163082, "over": 0.7409713623737223, "metrics": {"loss": 0.8460956811904907, "acc": 0.5263158082962036, "AUC": 0.5624807476997375, "number_of_bets_tested": 57}}, "ans": 0}, "2020030125.0": {"pred": {"under": 0.05411651802713163, "over": 0.9459355426970723, "metrics": {"loss": 0.8460956811904907, "acc": 0.5263158082962036, "AUC": 0.5624807476997375, "number_of_bets_tested": 57}}, "ans": 1}}