{"2020020552.0": {"pred": {"under": 0.4733661092854551, "over": 0.5271677762411182, "metrics": {"loss": 1.2858442068099976, "acc": 0.4492753744125366, "AUC": 0.4230203926563263, "number_of_bets_tested": 69}}, "ans": 1}, "2020020566.0": {"pred": {"under": 0.6328710105083196, "over": 0.36724004844964553, "metrics": {"loss": 1.2858442068099976, "acc": 0.4492753744125366, "AUC": 0.4230203926563263, "number_of_bets_tested": 69}}, "ans": 0}, "2020020581.0": {"pred": {"under": 0.25005142070969016, "over": 0.749581979078071, "metrics": {"loss": 1.2858442068099976, "acc": 0.4492753744125366, "AUC": 0.4230203926563263, "number_of_bets_tested": 69}}, "ans": 0}, "2020020848.0": {"pred": {"under": 0.3129634412646165, "over": 0.6869589327971518, "metrics": {"loss": 1.2858442068099976, "acc": 0.4492753744125366, "AUC": 0.4230203926563263, "number_of_bets_tested": 69}}, "ans": 1}, "2020020645.0": {"pred": {"under": 0.561280173613439, "over": 0.43792557000280946, "metrics": {"loss": 1.2858442068099976, "acc": 0.4492753744125366, "AUC": 0.4230203926563263, "number_of_bets_tested": 69}}, "ans": 0}, "2020020661.0": {"pred": {"under": 0.2680703012838338, "over": 0.7310428172090283, "metrics": {"loss": 1.2858442068099976, "acc": 0.4492753744125366, "AUC": 0.4230203926563263, "number_of_bets_tested": 69}}, "ans": 0}, "2020020672.0": {"pred": {"under": 0.37157007461325836, "over": 0.6278119162875354, "metrics": {"loss": 1.2858442068099976, "acc": 0.4492753744125366, "AUC": 0.4230203926563263, "number_of_bets_tested": 69}}, "ans": 1}, "2020020696.0": {"pred": {"under": 0.3968342196499423, "over": 0.6034455160772701, "metrics": {"loss": 1.2858442068099976, "acc": 0.4492753744125366, "AUC": 0.4230203926563263, "number_of_bets_tested": 69}}, "ans": 0}, "2020020726.0": {"pred": {"under": 0.4480556737511739, "over": 0.5524975510575746, "metrics": {"loss": 1.2858442068099976, "acc": 0.4492753744125366, "AUC": 0.4230203926563263, "number_of_bets_tested": 69}}, "ans": 1}, "2020020760.0": {"pred": {"under": 0.3905837939675435, "over": 0.6096641448534517, "metrics": {"loss": 1.2858442068099976, "acc": 0.4492753744125366, "AUC": 0.4230203926563263, "number_of_bets_tested": 69}}, "ans": 1}, "2020020777.0": {"pred": {"under": 0.45593507464068794, "over": 0.5446606295814785, "metrics": {"loss": 1.2858442068099976, "acc": 0.4492753744125366, "AUC": 0.4230203926563263, "number_of_bets_tested": 69}}, "ans": 1}, "2020020820.0": {"pred": {"under": 0.7272577881677549, "over": 0.27255256537061007, "metrics": {"loss": 1.2858442068099976, "acc": 0.4492753744125366, "AUC": 0.4230203926563263, "number_of_bets_tested": 69}}, "ans": 1}, "2020020834.0": {"pred": {"under": 0.29748537829877786, "over": 0.7012250271032137, "metrics": {"loss": 1.2858442068099976, "acc": 0.4492753744125366, "AUC": 0.4230203926563263, "number_of_bets_tested": 69}}, "ans": 0}, "2020030184.0": {"pred": {"under": 0.3039393752349243, "over": 0.6980885233903737, "metrics": {"loss": 1.2858442068099976, "acc": 0.4492753744125366, "AUC": 0.4230203926563263, "number_of_bets_tested": 69}}, "ans": 0}}