{"2020020477.0": {"pred": {"under": 0.3607584871159117, "over": 0.6405917383711203, "metrics": {"loss": 0.8885101079940796, "acc": 0.5600000023841858, "AUC": 0.5685999989509583, "number_of_bets_tested": 50}}, "ans": 0}, "2020020151.0": {"pred": {"under": 0.26919821370036956, "over": 0.7306486925748917, "metrics": {"loss": 0.8885101079940796, "acc": 0.5600000023841858, "AUC": 0.5685999989509583, "number_of_bets_tested": 50}}, "ans": 1}, "2020020770.0": {"pred": {"under": 0.5702470889649561, "over": 0.4300956831987985, "metrics": {"loss": 0.8885101079940796, "acc": 0.5600000023841858, "AUC": 0.5685999989509583, "number_of_bets_tested": 50}}, "ans": 0}, "2020020785.0": {"pred": {"under": 0.5702470889649561, "over": 0.4300956831987985, "metrics": {"loss": 0.8885101079940796, "acc": 0.5600000023841858, "AUC": 0.5685999989509583, "number_of_bets_tested": 50}}, "ans": 1}}