{"2020020558.0": {"pred": {"under": 0.6291018138916372, "over": 0.3710081471850672, "metrics": {"loss": 1.5144582986831665, "acc": 0.4920634925365448, "AUC": 0.4674980938434601, "number_of_bets_tested": 63}}, "ans": 1}, "2020020573.0": {"pred": {"under": 0.4432726838186669, "over": 0.5575706763281855, "metrics": {"loss": 1.5144582986831665, "acc": 0.4920634925365448, "AUC": 0.4674980938434601, "number_of_bets_tested": 63}}, "ans": 0}, "2020020229.0": {"pred": {"under": 0.38768950617063974, "over": 0.612390871188743, "metrics": {"loss": 1.5144582986831665, "acc": 0.4920634925365448, "AUC": 0.4674980938434601, "number_of_bets_tested": 63}}, "ans": 0}, "2020020714.0": {"pred": {"under": 0.38768950617063974, "over": 0.612390871188743, "metrics": {"loss": 1.5144582986831665, "acc": 0.4920634925365448, "AUC": 0.4674980938434601, "number_of_bets_tested": 63}}, "ans": 0}}