{"2020030125.0": {"pred": {"under": 0.4622739998881796, "over": 0.5381565690960457, "metrics": {"loss": 1.1210953533649444, "acc": 0.5170454531908035, "AUC": 0.5211454033851624, "number_of_bets_tested": 88}}, "ans": 1}}