{"2020020186.0": {"pred": {"under": 0.48862061488889996, "over": 0.5114976765682635, "metrics": {"loss": 1.2118371725082397, "acc": 0.4285714328289032, "AUC": 0.44451528787612915, "number_of_bets_tested": 56}}, "ans": 1}, "2020020461.0": {"pred": {"under": 0.15691961876341784, "over": 0.8427641056664166, "metrics": {"loss": 1.2118371725082397, "acc": 0.4285714328289032, "AUC": 0.44451528787612915, "number_of_bets_tested": 56}}, "ans": 0}, "2020020502.0": {"pred": {"under": 0.41675272637942873, "over": 0.5829431104311618, "metrics": {"loss": 1.2118371725082397, "acc": 0.4285714328289032, "AUC": 0.44451528787612915, "number_of_bets_tested": 56}}, "ans": 1}, "2020020508.0": {"pred": {"under": 0.49699556806549516, "over": 0.5037322881026951, "metrics": {"loss": 1.2118371725082397, "acc": 0.4285714328289032, "AUC": 0.44451528787612915, "number_of_bets_tested": 56}}, "ans": 1}, "2020020528.0": {"pred": {"under": 0.7117584921594698, "over": 0.2881395157248667, "metrics": {"loss": 1.2118371725082397, "acc": 0.4285714328289032, "AUC": 0.44451528787612915, "number_of_bets_tested": 56}}, "ans": 1}, "2020020540.0": {"pred": {"under": 0.48862061488889996, "over": 0.5114976765682635, "metrics": {"loss": 1.2118371725082397, "acc": 0.4285714328289032, "AUC": 0.44451528787612915, "number_of_bets_tested": 56}}, "ans": 1}, "2020020209.0": {"pred": {"under": 0.907699072233753, "over": 0.09230233463873885, "metrics": {"loss": 1.2118371725082397, "acc": 0.4285714328289032, "AUC": 0.44451528787612915, "number_of_bets_tested": 56}}, "ans": 0}, "2020020583.0": {"pred": {"under": 0.48862061488889996, "over": 0.5114976765682635, "metrics": {"loss": 1.2118371725082397, "acc": 0.4285714328289032, "AUC": 0.44451528787612915, "number_of_bets_tested": 56}}, "ans": 1}, "2020020604.0": {"pred": {"under": 0.48862061488889996, "over": 0.5114976765682635, "metrics": {"loss": 1.2118371725082397, "acc": 0.4285714328289032, "AUC": 0.44451528787612915, "number_of_bets_tested": 56}}, "ans": 0}, "2020020610.0": {"pred": {"under": 0.48862061488889996, "over": 0.5114976765682635, "metrics": {"loss": 1.2118371725082397, "acc": 0.4285714328289032, "AUC": 0.44451528787612915, "number_of_bets_tested": 56}}, "ans": 1}, "2020020624.0": {"pred": {"under": 0.7529876025349672, "over": 0.2469624877911278, "metrics": {"loss": 1.2118371725082397, "acc": 0.4285714328289032, "AUC": 0.44451528787612915, "number_of_bets_tested": 56}}, "ans": 1}, "2020020639.0": {"pred": {"under": 0.48862061488889996, "over": 0.5114976765682635, "metrics": {"loss": 1.2118371725082397, "acc": 0.4285714328289032, "AUC": 0.44451528787612915, "number_of_bets_tested": 56}}, "ans": 1}, "2020020655.0": {"pred": {"under": 0.5086924907686395, "over": 0.4910329636497368, "metrics": {"loss": 1.2118371725082397, "acc": 0.4285714328289032, "AUC": 0.44451528787612915, "number_of_bets_tested": 56}}, "ans": 0}, "2020020225.0": {"pred": {"under": 0.597566172715645, "over": 0.39990367016538714, "metrics": {"loss": 1.2118371725082397, "acc": 0.4285714328289032, "AUC": 0.44451528787612915, "number_of_bets_tested": 56}}, "ans": 0}, "2020020700.0": {"pred": {"under": 0.3692228923856433, "over": 0.6319731405743771, "metrics": {"loss": 1.2118371725082397, "acc": 0.4285714328289032, "AUC": 0.44451528787612915, "number_of_bets_tested": 56}}, "ans": 1}, "2020020712.0": {"pred": {"under": 0.4660097816970139, "over": 0.5354137869073589, "metrics": {"loss": 1.2118371725082397, "acc": 0.4285714328289032, "AUC": 0.44451528787612915, "number_of_bets_tested": 56}}, "ans": 0}, "2020020727.0": {"pred": {"under": 0.48862061488889996, "over": 0.5114976765682635, "metrics": {"loss": 1.2118371725082397, "acc": 0.4285714328289032, "AUC": 0.44451528787612915, "number_of_bets_tested": 56}}, "ans": 1}, "2020020766.0": {"pred": {"under": 0.6063307233555717, "over": 0.39454276296906876, "metrics": {"loss": 1.2118371725082397, "acc": 0.4285714328289032, "AUC": 0.44451528787612915, "number_of_bets_tested": 56}}, "ans": 0}, "2020020781.0": {"pred": {"under": 0.48862061488889996, "over": 0.5114976765682635, "metrics": {"loss": 1.2118371725082397, "acc": 0.4285714328289032, "AUC": 0.44451528787612915, "number_of_bets_tested": 56}}, "ans": 0}, "2020020822.0": {"pred": {"under": 0.5756488429545075, "over": 0.4226614667329263, "metrics": {"loss": 1.2118371725082397, "acc": 0.4285714328289032, "AUC": 0.44451528787612915, "number_of_bets_tested": 56}}, "ans": 0}, "2020020836.0": {"pred": {"under": 0.48862061488889996, "over": 0.5114976765682635, "metrics": {"loss": 1.2118371725082397, "acc": 0.4285714328289032, "AUC": 0.44451528787612915, "number_of_bets_tested": 56}}, "ans": 0}, "2020020853.0": {"pred": {"under": 0.48862061488889996, "over": 0.5114976765682635, "metrics": {"loss": 1.2118371725082397, "acc": 0.4285714328289032, "AUC": 0.44451528787612915, "number_of_bets_tested": 56}}, "ans": 1}}