{"2020020471.0": {"pred": {"under": 0.5843450524326612, "over": 0.4142136041984075, "metrics": {"loss": 4.285866737365723, "acc": 0.6190476417541504, "AUC": 0.5283446907997131, "number_of_bets_tested": 21}}, "ans": 0}, "2020020486.0": {"pred": {"under": 0.5843450524326612, "over": 0.4142136041984075, "metrics": {"loss": 4.285866737365723, "acc": 0.6190476417541504, "AUC": 0.5283446907997131, "number_of_bets_tested": 21}}, "ans": 1}, "2020020505.0": {"pred": {"under": 0.5843450524326612, "over": 0.4142136041984075, "metrics": {"loss": 4.285866737365723, "acc": 0.6190476417541504, "AUC": 0.5283446907997131, "number_of_bets_tested": 21}}, "ans": 0}, "2020020519.0": {"pred": {"under": 0.21425236569803116, "over": 0.7844384612945525, "metrics": {"loss": 4.285866737365723, "acc": 0.6190476417541504, "AUC": 0.5283446907997131, "number_of_bets_tested": 21}}, "ans": 0}, "2020020534.0": {"pred": {"under": 0.14957184324004805, "over": 0.849850720175356, "metrics": {"loss": 4.285866737365723, "acc": 0.6190476417541504, "AUC": 0.5283446907997131, "number_of_bets_tested": 21}}, "ans": 0}, "2020020545.0": {"pred": {"under": 0.10883294558648707, "over": 0.8910283814109002, "metrics": {"loss": 4.285866737365723, "acc": 0.6190476417541504, "AUC": 0.5283446907997131, "number_of_bets_tested": 21}}, "ans": 0}, "2020020562.0": {"pred": {"under": 0.025056066787534394, "over": 0.974944769944747, "metrics": {"loss": 4.285866737365723, "acc": 0.6190476417541504, "AUC": 0.5283446907997131, "number_of_bets_tested": 21}}, "ans": 0}, "2020020576.0": {"pred": {"under": 0.341708829581596, "over": 0.6557188974845871, "metrics": {"loss": 4.285866737365723, "acc": 0.6190476417541504, "AUC": 0.5283446907997131, "number_of_bets_tested": 21}}, "ans": 1}, "2020020618.0": {"pred": {"under": 0.21263211701835538, "over": 0.7860977649988554, "metrics": {"loss": 4.285866737365723, "acc": 0.6190476417541504, "AUC": 0.5283446907997131, "number_of_bets_tested": 21}}, "ans": 0}, "2020020632.0": {"pred": {"under": 0.0843955330159182, "over": 0.9155809288114249, "metrics": {"loss": 4.285866737365723, "acc": 0.6190476417541504, "AUC": 0.5283446907997131, "number_of_bets_tested": 21}}, "ans": 1}, "2020020643.0": {"pred": {"under": 0.20536688076914522, "over": 0.7939547917365449, "metrics": {"loss": 4.285866737365723, "acc": 0.6190476417541504, "AUC": 0.5283446907997131, "number_of_bets_tested": 21}}, "ans": 0}, "2020020658.0": {"pred": {"under": 0.3390216048691799, "over": 0.6578827880056434, "metrics": {"loss": 4.285866737365723, "acc": 0.6190476417541504, "AUC": 0.5283446907997131, "number_of_bets_tested": 21}}, "ans": 0}, "2020020681.0": {"pred": {"under": 0.18094878192646957, "over": 0.8182310143590208, "metrics": {"loss": 4.285866737365723, "acc": 0.6190476417541504, "AUC": 0.5283446907997131, "number_of_bets_tested": 21}}, "ans": 1}, "2020020695.0": {"pred": {"under": 0.5843450524326612, "over": 0.4142136041984075, "metrics": {"loss": 4.285866737365723, "acc": 0.6190476417541504, "AUC": 0.5283446907997131, "number_of_bets_tested": 21}}, "ans": 0}, "2020020601.0": {"pred": {"under": 0.21931953608870355, "over": 0.7794610040140675, "metrics": {"loss": 4.285866737365723, "acc": 0.6190476417541504, "AUC": 0.5283446907997131, "number_of_bets_tested": 21}}, "ans": 1}, "2020020725.0": {"pred": {"under": 0.4246832322849938, "over": 0.5693533775175661, "metrics": {"loss": 4.285866737365723, "acc": 0.6190476417541504, "AUC": 0.5283446907997131, "number_of_bets_tested": 21}}, "ans": 1}, "2020020740.0": {"pred": {"under": 0.2836131187698138, "over": 0.7124478225424501, "metrics": {"loss": 4.285866737365723, "acc": 0.6190476417541504, "AUC": 0.5283446907997131, "number_of_bets_tested": 21}}, "ans": 1}, "2020020772.0": {"pred": {"under": 0.05516047848638005, "over": 0.9448321729450255, "metrics": {"loss": 4.285866737365723, "acc": 0.6190476417541504, "AUC": 0.5283446907997131, "number_of_bets_tested": 21}}, "ans": 1}, "2020020787.0": {"pred": {"under": 0.03863110701224056, "over": 0.9613086167417669, "metrics": {"loss": 4.285866737365723, "acc": 0.6190476417541504, "AUC": 0.5283446907997131, "number_of_bets_tested": 21}}, "ans": 0}, "2020020816.0": {"pred": {"under": 0.18567531634956472, "over": 0.8126356607787777, "metrics": {"loss": 4.285866737365723, "acc": 0.6190476417541504, "AUC": 0.5283446907997131, "number_of_bets_tested": 21}}, "ans": 1}, "2020020827.0": {"pred": {"under": 0.221504665609272, "over": 0.7760894062690051, "metrics": {"loss": 4.285866737365723, "acc": 0.6190476417541504, "AUC": 0.5283446907997131, "number_of_bets_tested": 21}}, "ans": 0}, "2020020280.0": {"pred": {"under": 0.26540933590064697, "over": 0.7324880063800105, "metrics": {"loss": 4.285866737365723, "acc": 0.6190476417541504, "AUC": 0.5283446907997131, "number_of_bets_tested": 21}}, "ans": 1}, "2020020843.0": {"pred": {"under": 0.06392034536053032, "over": 0.9360688806471605, "metrics": {"loss": 4.285866737365723, "acc": 0.6190476417541504, "AUC": 0.5283446907997131, "number_of_bets_tested": 21}}, "ans": 1}}