{"2020020621.0": {"pred": {"under": 0.5912706066563427, "over": 0.4089412593238537, "metrics": {"loss": 1.169298768043518, "acc": 0.5394737124443054, "AUC": 0.49965372681617737, "number_of_bets_tested": 76}}, "ans": 1}, "2020020638.0": {"pred": {"under": 0.6093801857029133, "over": 0.39064346191775035, "metrics": {"loss": 1.169298768043518, "acc": 0.5394737124443054, "AUC": 0.49965372681617737, "number_of_bets_tested": 76}}, "ans": 1}, "2020020646.0": {"pred": {"under": 0.6093801857029133, "over": 0.39064346191775035, "metrics": {"loss": 1.169298768043518, "acc": 0.5394737124443054, "AUC": 0.49965372681617737, "number_of_bets_tested": 76}}, "ans": 1}, "2020020661.0": {"pred": {"under": 0.5063382481178107, "over": 0.4939413249478698, "metrics": {"loss": 1.169298768043518, "acc": 0.5394737124443054, "AUC": 0.49965372681617737, "number_of_bets_tested": 76}}, "ans": 0}, "2020020672.0": {"pred": {"under": 0.4607839681171838, "over": 0.539354895065536, "metrics": {"loss": 1.169298768043518, "acc": 0.5394737124443054, "AUC": 0.49965372681617737, "number_of_bets_tested": 76}}, "ans": 0}, "2020020546.0": {"pred": {"under": 0.7753312498166219, "over": 0.22532359779975963, "metrics": {"loss": 1.169298768043518, "acc": 0.5394737124443054, "AUC": 0.49965372681617737, "number_of_bets_tested": 76}}, "ans": 0}, "2020020708.0": {"pred": {"under": 0.6044019754637036, "over": 0.3956780907079333, "metrics": {"loss": 1.169298768043518, "acc": 0.5394737124443054, "AUC": 0.49965372681617737, "number_of_bets_tested": 76}}, "ans": 0}, "2020020737.0": {"pred": {"under": 0.10430523490794613, "over": 0.8959110355767184, "metrics": {"loss": 1.169298768043518, "acc": 0.5394737124443054, "AUC": 0.49965372681617737, "number_of_bets_tested": 76}}, "ans": 1}, "2020020759.0": {"pred": {"under": 0.6093801857029133, "over": 0.39064346191775035, "metrics": {"loss": 1.169298768043518, "acc": 0.5394737124443054, "AUC": 0.49965372681617737, "number_of_bets_tested": 76}}, "ans": 0}, "2020020776.0": {"pred": {"under": 0.6093801857029133, "over": 0.39064346191775035, "metrics": {"loss": 1.169298768043518, "acc": 0.5394737124443054, "AUC": 0.49965372681617737, "number_of_bets_tested": 76}}, "ans": 0}, "2020020564.0": {"pred": {"under": 0.4357914504903801, "over": 0.566269500841803, "metrics": {"loss": 1.169298768043518, "acc": 0.5394737124443054, "AUC": 0.49965372681617737, "number_of_bets_tested": 76}}, "ans": 0}, "2020020720.0": {"pred": {"under": 0.9294841315632357, "over": 0.07055491328159494, "metrics": {"loss": 1.169298768043518, "acc": 0.5394737124443054, "AUC": 0.49965372681617737, "number_of_bets_tested": 76}}, "ans": 0}}