{"2020020559.0": {"pred": {"under": 0.5576248710965596, "over": 0.4422808847343507, "metrics": {"loss": 0.7801491618156433, "acc": 0.5421686768531799, "AUC": 0.5433299541473389, "number_of_bets_tested": 83}}, "ans": 0}, "2020020658.0": {"pred": {"under": 0.30816884785429827, "over": 0.6941828205611084, "metrics": {"loss": 0.7801491618156433, "acc": 0.5421686768531799, "AUC": 0.5433299541473389, "number_of_bets_tested": 83}}, "ans": 0}, "2020020683.0": {"pred": {"under": 0.39718247806724394, "over": 0.6044756052902217, "metrics": {"loss": 0.7801491618156433, "acc": 0.5421686768531799, "AUC": 0.5433299541473389, "number_of_bets_tested": 83}}, "ans": 0}, "2020020771.0": {"pred": {"under": 0.5188818480415306, "over": 0.48216077231110693, "metrics": {"loss": 0.7801491618156433, "acc": 0.5421686768531799, "AUC": 0.5433299541473389, "number_of_bets_tested": 83}}, "ans": 1}, "2020020831.0": {"pred": {"under": 0.5135253305645806, "over": 0.48612237919724843, "metrics": {"loss": 0.7801491618156433, "acc": 0.5421686768531799, "AUC": 0.5433299541473389, "number_of_bets_tested": 83}}, "ans": 1}, "2020020845.0": {"pred": {"under": 0.3262323633180009, "over": 0.6754568485863539, "metrics": {"loss": 0.7801491618156433, "acc": 0.5421686768531799, "AUC": 0.5433299541473389, "number_of_bets_tested": 83}}, "ans": 1}}