{"2020020478.0": {"pred": {"under": 0.5151052363800173, "over": 0.484991558832706, "metrics": {"loss": 8.333100318908691, "acc": 0.4642857015132904, "AUC": 0.49792730808258057, "number_of_bets_tested": 56}}, "ans": 0}, "2020020291.0": {"pred": {"under": 0.5151052363800173, "over": 0.484991558832706, "metrics": {"loss": 8.333100318908691, "acc": 0.4642857015132904, "AUC": 0.49792730808258057, "number_of_bets_tested": 56}}, "ans": 1}, "2020020496.0": {"pred": {"under": 0.5151052363800173, "over": 0.484991558832706, "metrics": {"loss": 8.333100318908691, "acc": 0.4642857015132904, "AUC": 0.49792730808258057, "number_of_bets_tested": 56}}, "ans": 0}, "2020020516.0": {"pred": {"under": 0.5151052363800173, "over": 0.484991558832706, "metrics": {"loss": 8.333100318908691, "acc": 0.4642857015132904, "AUC": 0.49792730808258057, "number_of_bets_tested": 56}}, "ans": 1}, "2020020558.0": {"pred": {"under": 0.5151052363800173, "over": 0.484991558832706, "metrics": {"loss": 8.333100318908691, "acc": 0.4642857015132904, "AUC": 0.49792730808258057, "number_of_bets_tested": 56}}, "ans": 1}, "2020020572.0": {"pred": {"under": 0.5151052363800173, "over": 0.484991558832706, "metrics": {"loss": 8.333100318908691, "acc": 0.4642857015132904, "AUC": 0.49792730808258057, "number_of_bets_tested": 56}}, "ans": 0}, "2020020613.0": {"pred": {"under": 0.5151052363800173, "over": 0.484991558832706, "metrics": {"loss": 8.333100318908691, "acc": 0.4642857015132904, "AUC": 0.49792730808258057, "number_of_bets_tested": 56}}, "ans": 1}, "2020020627.0": {"pred": {"under": 0.5151052363800173, "over": 0.484991558832706, "metrics": {"loss": 8.333100318908691, "acc": 0.4642857015132904, "AUC": 0.49792730808258057, "number_of_bets_tested": 56}}, "ans": 0}, "2020020636.0": {"pred": {"under": 0.5151052363800173, "over": 0.484991558832706, "metrics": {"loss": 8.333100318908691, "acc": 0.4642857015132904, "AUC": 0.49792730808258057, "number_of_bets_tested": 56}}, "ans": 0}, "2020020651.0": {"pred": {"under": 0.5151052363800173, "over": 0.484991558832706, "metrics": {"loss": 8.333100318908691, "acc": 0.4642857015132904, "AUC": 0.49792730808258057, "number_of_bets_tested": 56}}, "ans": 0}, "2020020666.0": {"pred": {"under": 0.5151052363800173, "over": 0.484991558832706, "metrics": {"loss": 8.333100318908691, "acc": 0.4642857015132904, "AUC": 0.49792730808258057, "number_of_bets_tested": 56}}, "ans": 0}, "2020020676.0": {"pred": {"under": 0.5151052363800173, "over": 0.484991558832706, "metrics": {"loss": 8.333100318908691, "acc": 0.4642857015132904, "AUC": 0.49792730808258057, "number_of_bets_tested": 56}}, "ans": 0}, "2020020691.0": {"pred": {"under": 0.5151052363800173, "over": 0.484991558832706, "metrics": {"loss": 8.333100318908691, "acc": 0.4642857015132904, "AUC": 0.49792730808258057, "number_of_bets_tested": 56}}, "ans": 1}, "2020020717.0": {"pred": {"under": 0.5151052363800173, "over": 0.484991558832706, "metrics": {"loss": 8.333100318908691, "acc": 0.4642857015132904, "AUC": 0.49792730808258057, "number_of_bets_tested": 56}}, "ans": 0}, "2020020254.0": {"pred": {"under": 0.5151052363800173, "over": 0.484991558832706, "metrics": {"loss": 8.333100318908691, "acc": 0.4642857015132904, "AUC": 0.49792730808258057, "number_of_bets_tested": 56}}, "ans": 1}, "2020020739.0": {"pred": {"under": 0.5151052363800173, "over": 0.484991558832706, "metrics": {"loss": 8.333100318908691, "acc": 0.4642857015132904, "AUC": 0.49792730808258057, "number_of_bets_tested": 56}}, "ans": 0}, "2020020754.0": {"pred": {"under": 0.5151052363800173, "over": 0.484991558832706, "metrics": {"loss": 8.333100318908691, "acc": 0.4642857015132904, "AUC": 0.49792730808258057, "number_of_bets_tested": 56}}, "ans": 0}, "2020020768.0": {"pred": {"under": 0.5151052363800173, "over": 0.484991558832706, "metrics": {"loss": 8.333100318908691, "acc": 0.4642857015132904, "AUC": 0.49792730808258057, "number_of_bets_tested": 56}}, "ans": 0}, "2020020784.0": {"pred": {"under": 0.5151052363800173, "over": 0.484991558832706, "metrics": {"loss": 8.333100318908691, "acc": 0.4642857015132904, "AUC": 0.49792730808258057, "number_of_bets_tested": 56}}, "ans": 0}, "2020020830.0": {"pred": {"under": 0.5151052363800173, "over": 0.484991558832706, "metrics": {"loss": 8.333100318908691, "acc": 0.4642857015132904, "AUC": 0.49792730808258057, "number_of_bets_tested": 56}}, "ans": 0}}