{"2020020578.0": {"pred": {"under": 0.0002487712167015472, "over": 0.999751228785278, "metrics": {"loss": 1.9744913578033447, "acc": 0.4933333396911621, "AUC": 0.47982218861579895, "number_of_bets_tested": 75}}, "ans": 1}, "2020020848.0": {"pred": {"under": 0.007415766510167495, "over": 0.9925842632953701, "metrics": {"loss": 1.9744913578033447, "acc": 0.4933333396911621, "AUC": 0.47982218861579895, "number_of_bets_tested": 75}}, "ans": 1}, "2020020820.0": {"pred": {"under": 0.10824799912718733, "over": 0.8917001108324926, "metrics": {"loss": 1.9744913578033447, "acc": 0.4933333396911621, "AUC": 0.47982218861579895, "number_of_bets_tested": 75}}, "ans": 1}, "2020020833.0": {"pred": {"under": 0.02348119454322462, "over": 0.9765168820864918, "metrics": {"loss": 1.9744913578033447, "acc": 0.4933333396911621, "AUC": 0.47982218861579895, "number_of_bets_tested": 75}}, "ans": 1}}