{"2020030153.0": {"pred": {"under": 0.48552246094909357, "over": 0.5144216424452415, "metrics": {"loss": 1.616312026977539, "acc": 0.5346534848213196, "AUC": 0.5482795834541321, "number_of_bets_tested": 101}}, "ans": 0}, "2020030154.0": {"pred": {"under": 0.48552246094909357, "over": 0.5144216424452415, "metrics": {"loss": 1.616312026977539, "acc": 0.5346534848213196, "AUC": 0.5482795834541321, "number_of_bets_tested": 101}}, "ans": 0}}