{"2020020554.0": {"pred": {"under": 0.144045066513611, "over": 0.8557699588427485, "metrics": {"loss": 2.4312164783477783, "acc": 0.4655172526836395, "AUC": 0.3717300593852997, "number_of_bets_tested": 58}}, "ans": 0}, "2020020663.0": {"pred": {"under": 0.21316716445000738, "over": 0.7866083121602375, "metrics": {"loss": 2.4312164783477783, "acc": 0.4655172526836395, "AUC": 0.3717300593852997, "number_of_bets_tested": 58}}, "ans": 0}, "2020020674.0": {"pred": {"under": 0.20093496938455205, "over": 0.798835241163206, "metrics": {"loss": 2.4312164783477783, "acc": 0.4655172526836395, "AUC": 0.3717300593852997, "number_of_bets_tested": 58}}, "ans": 1}, "2020020240.0": {"pred": {"under": 0.2721875759065314, "over": 0.7277087394669541, "metrics": {"loss": 2.4312164783477783, "acc": 0.4655172526836395, "AUC": 0.3717300593852997, "number_of_bets_tested": 58}}, "ans": 1}, "2020020688.0": {"pred": {"under": 0.3337383545899774, "over": 0.6664574259537638, "metrics": {"loss": 2.4312164783477783, "acc": 0.4655172526836395, "AUC": 0.3717300593852997, "number_of_bets_tested": 58}}, "ans": 0}}