{"2020030152.0": {"pred": {"under": 0.837979320398548, "over": 0.16215377636632405, "metrics": {"loss": 0.8800036311149597, "acc": 0.49180328845977783, "AUC": 0.5086670517921448, "number_of_bets_tested": 122}}, "ans": 0}, "2020030153.0": {"pred": {"under": 0.4828964334305713, "over": 0.5172952626928373, "metrics": {"loss": 0.8800036311149597, "acc": 0.49180328845977783, "AUC": 0.5086670517921448, "number_of_bets_tested": 122}}, "ans": 0}, "2020030154.0": {"pred": {"under": 0.4828964334305713, "over": 0.5172952626928373, "metrics": {"loss": 0.8800036311149597, "acc": 0.49180328845977783, "AUC": 0.5086670517921448, "number_of_bets_tested": 122}}, "ans": 0}}