{"2020020472.0": {"pred": {"under": 0.13821480138782258, "over": 0.8615175327643447, "metrics": {"loss": 1.3544577360153198, "acc": 0.5196078419685364, "AUC": 0.5058150291442871, "number_of_bets_tested": 102}}, "ans": 1}, "2020020487.0": {"pred": {"under": 0.17167583484492802, "over": 0.8279324871195215, "metrics": {"loss": 1.3544577360153198, "acc": 0.5196078419685364, "AUC": 0.5058150291442871, "number_of_bets_tested": 102}}, "ans": 1}, "2020020828.0": {"pred": {"under": 0.00036308139384647227, "over": 0.9996369186366455, "metrics": {"loss": 1.3544577360153198, "acc": 0.5196078419685364, "AUC": 0.5058150291442871, "number_of_bets_tested": 102}}, "ans": 0}, "2020020600.0": {"pred": {"under": 0.06224481077832643, "over": 0.937714930031349, "metrics": {"loss": 1.3544577360153198, "acc": 0.5196078419685364, "AUC": 0.5058150291442871, "number_of_bets_tested": 102}}, "ans": 1}, "2020020615.0": {"pred": {"under": 0.34609489689337436, "over": 0.6538756416047975, "metrics": {"loss": 1.3544577360153198, "acc": 0.5196078419685364, "AUC": 0.5058150291442871, "number_of_bets_tested": 102}}, "ans": 1}, "2020020629.0": {"pred": {"under": 0.16686731183118614, "over": 0.8336063335843417, "metrics": {"loss": 1.3544577360153198, "acc": 0.5196078419685364, "AUC": 0.5058150291442871, "number_of_bets_tested": 102}}, "ans": 1}, "2020020670.0": {"pred": {"under": 0.009143639515051644, "over": 0.9908566383257055, "metrics": {"loss": 1.3544577360153198, "acc": 0.5196078419685364, "AUC": 0.5058150291442871, "number_of_bets_tested": 102}}, "ans": 0}, "2020020679.0": {"pred": {"under": 0.006493440378125631, "over": 0.9935066573656138, "metrics": {"loss": 1.3544577360153198, "acc": 0.5196078419685364, "AUC": 0.5058150291442871, "number_of_bets_tested": 102}}, "ans": 1}, "2020020694.0": {"pred": {"under": 0.16631520412046408, "over": 0.8341783419657396, "metrics": {"loss": 1.3544577360153198, "acc": 0.5196078419685364, "AUC": 0.5058150291442871, "number_of_bets_tested": 102}}, "ans": 1}, "2020020707.0": {"pred": {"under": 0.00782370157795505, "over": 0.9921764915078276, "metrics": {"loss": 1.3544577360153198, "acc": 0.5196078419685364, "AUC": 0.5058150291442871, "number_of_bets_tested": 102}}, "ans": 1}, "2020020719.0": {"pred": {"under": 0.03277110338602141, "over": 0.967240178792358, "metrics": {"loss": 1.3544577360153198, "acc": 0.5196078419685364, "AUC": 0.5058150291442871, "number_of_bets_tested": 102}}, "ans": 0}, "2020020732.0": {"pred": {"under": 0.08442151935209859, "over": 0.9155986062914472, "metrics": {"loss": 1.3544577360153198, "acc": 0.5196078419685364, "AUC": 0.5058150291442871, "number_of_bets_tested": 102}}, "ans": 1}, "2020020758.0": {"pred": {"under": 0.002587418168595813, "over": 0.9974125914772118, "metrics": {"loss": 1.3544577360153198, "acc": 0.5196078419685364, "AUC": 0.5058150291442871, "number_of_bets_tested": 102}}, "ans": 0}, "2020020773.0": {"pred": {"under": 0.0633312237371788, "over": 0.9367377658821192, "metrics": {"loss": 1.3544577360153198, "acc": 0.5196078419685364, "AUC": 0.5058150291442871, "number_of_bets_tested": 102}}, "ans": 1}, "2020020787.0": {"pred": {"under": 0.10971782892363453, "over": 0.8904781991259716, "metrics": {"loss": 1.3544577360153198, "acc": 0.5196078419685364, "AUC": 0.5058150291442871, "number_of_bets_tested": 102}}, "ans": 0}, "2020020020.0": {"pred": {"under": 0.25025142044193205, "over": 0.7494921793722538, "metrics": {"loss": 1.3544577360153198, "acc": 0.5196078419685364, "AUC": 0.5058150291442871, "number_of_bets_tested": 102}}, "ans": 1}, "2020030142.0": {"pred": {"under": 2.045222394334284e-05, "over": 0.999979547776063, "metrics": {"loss": 1.3544577360153198, "acc": 0.5196078419685364, "AUC": 0.5058150291442871, "number_of_bets_tested": 102}}, "ans": 1}, "2020030143.0": {"pred": {"under": 0.004340709096655398, "over": 0.9956593306873065, "metrics": {"loss": 1.3544577360153198, "acc": 0.5196078419685364, "AUC": 0.5058150291442871, "number_of_bets_tested": 102}}, "ans": 1}, "2020030145.0": {"pred": {"under": 1.2286067402244195e-06, "over": 0.9999987713932598, "metrics": {"loss": 1.3544577360153198, "acc": 0.5196078419685364, "AUC": 0.5058150291442871, "number_of_bets_tested": 102}}, "ans": 0}}