{"2020020569.0": {"pred": {"under": 0.4969385229722427, "over": 0.5035851675532107, "metrics": {"loss": 6.559902191162109, "acc": 0.4909090995788574, "AUC": 0.43619832396507263, "number_of_bets_tested": 55}}, "ans": 1}, "2020020579.0": {"pred": {"under": 0.5181951117689095, "over": 0.48245245334781484, "metrics": {"loss": 6.559902191162109, "acc": 0.4909090995788574, "AUC": 0.43619832396507263, "number_of_bets_tested": 55}}, "ans": 0}, "2020020620.0": {"pred": {"under": 0.14691871047081212, "over": 0.85364114331879, "metrics": {"loss": 6.559902191162109, "acc": 0.4909090995788574, "AUC": 0.43619832396507263, "number_of_bets_tested": 55}}, "ans": 0}, "2020020639.0": {"pred": {"under": 0.4312127643120796, "over": 0.5698969703292628, "metrics": {"loss": 6.559902191162109, "acc": 0.4909090995788574, "AUC": 0.43619832396507263, "number_of_bets_tested": 55}}, "ans": 1}, "2020020655.0": {"pred": {"under": 0.32296636631727305, "over": 0.6816521438071562, "metrics": {"loss": 6.559902191162109, "acc": 0.4909090995788574, "AUC": 0.43619832396507263, "number_of_bets_tested": 55}}, "ans": 0}, "2020020663.0": {"pred": {"under": 0.4294811772512843, "over": 0.5706313226739175, "metrics": {"loss": 6.559902191162109, "acc": 0.4909090995788574, "AUC": 0.43619832396507263, "number_of_bets_tested": 55}}, "ans": 1}, "2020020674.0": {"pred": {"under": 0.14097435483436133, "over": 0.8597477636034306, "metrics": {"loss": 6.559902191162109, "acc": 0.4909090995788574, "AUC": 0.43619832396507263, "number_of_bets_tested": 55}}, "ans": 0}, "2020020689.0": {"pred": {"under": 0.08688519527961261, "over": 0.9132798099268928, "metrics": {"loss": 6.559902191162109, "acc": 0.4909090995788574, "AUC": 0.43619832396507263, "number_of_bets_tested": 55}}, "ans": 1}, "2020020705.0": {"pred": {"under": 0.1522309430332109, "over": 0.8490496182209003, "metrics": {"loss": 6.559902191162109, "acc": 0.4909090995788574, "AUC": 0.43619832396507263, "number_of_bets_tested": 55}}, "ans": 1}, "2020020713.0": {"pred": {"under": 0.14045246045613463, "over": 0.8605200314434076, "metrics": {"loss": 6.559902191162109, "acc": 0.4909090995788574, "AUC": 0.43619832396507263, "number_of_bets_tested": 55}}, "ans": 1}, "2020020728.0": {"pred": {"under": 0.35860700483136715, "over": 0.6385154433499471, "metrics": {"loss": 6.559902191162109, "acc": 0.4909090995788574, "AUC": 0.43619832396507263, "number_of_bets_tested": 55}}, "ans": 1}, "2020020779.0": {"pred": {"under": 0.06018336516619945, "over": 0.9399116050160706, "metrics": {"loss": 6.559902191162109, "acc": 0.4909090995788574, "AUC": 0.43619832396507263, "number_of_bets_tested": 55}}, "ans": 0}, "2020020835.0": {"pred": {"under": 0.08922668681714593, "over": 0.9110651315725228, "metrics": {"loss": 6.559902191162109, "acc": 0.4909090995788574, "AUC": 0.43619832396507263, "number_of_bets_tested": 55}}, "ans": 0}, "2020020851.0": {"pred": {"under": 0.017732532884751125, "over": 0.9822712109969315, "metrics": {"loss": 6.559902191162109, "acc": 0.4909090995788574, "AUC": 0.43619832396507263, "number_of_bets_tested": 55}}, "ans": 0}, "2020020162.0": {"pred": {"under": 0.5181951117689095, "over": 0.48245245334781484, "metrics": {"loss": 6.559902191162109, "acc": 0.4909090995788574, "AUC": 0.43619832396507263, "number_of_bets_tested": 55}}, "ans": 1}, "2020030162.0": {"pred": {"under": 0.5181951117689095, "over": 0.48245245334781484, "metrics": {"loss": 6.559902191162109, "acc": 0.4909090995788574, "AUC": 0.43619832396507263, "number_of_bets_tested": 55}}, "ans": 1}, "2020030163.0": {"pred": {"under": 0.7692124373092278, "over": 0.23055264818008597, "metrics": {"loss": 6.559902191162109, "acc": 0.4909090995788574, "AUC": 0.43619832396507263, "number_of_bets_tested": 55}}, "ans": 1}, "2020030164.0": {"pred": {"under": 0.8819249896502833, "over": 0.11771466109064989, "metrics": {"loss": 6.559902191162109, "acc": 0.4909090995788574, "AUC": 0.43619832396507263, "number_of_bets_tested": 55}}, "ans": 0}, "2020030165.0": {"pred": {"under": 0.6740241285771646, "over": 0.32753744788200473, "metrics": {"loss": 6.559902191162109, "acc": 0.4909090995788574, "AUC": 0.43619832396507263, "number_of_bets_tested": 55}}, "ans": 0}}