{"2020020515.0": {"pred": {"under": 0.16281511984034897, "over": 0.8372701925264762, "metrics": {"loss": 1.084499716758728, "acc": 0.6304348111152649, "AUC": 0.6255907416343689, "number_of_bets_tested": 92}}, "ans": 0}}