{"2020020611.0": {"pred": {"under": 0.5840041326709334, "over": 0.4155936840677401, "metrics": {"loss": 2.183377504348755, "acc": 0.4285714328289032, "AUC": 0.45918363332748413, "number_of_bets_tested": 35}}, "ans": 0}}