{"2020020472.0": {"pred": {"under": 0.26767311917543957, "over": 0.7350543564318756, "metrics": {"loss": 0.7603117227554321, "acc": 0.4897959232330322, "AUC": 0.5254060626029968, "number_of_bets_tested": 98}}, "ans": 1}, "2020020487.0": {"pred": {"under": 0.3936753060999476, "over": 0.6078744535917359, "metrics": {"loss": 0.7603117227554321, "acc": 0.4897959232330322, "AUC": 0.5254060626029968, "number_of_bets_tested": 98}}, "ans": 1}, "2020020828.0": {"pred": {"under": 0.844363420024487, "over": 0.1537082363645625, "metrics": {"loss": 0.7603117227554321, "acc": 0.4897959232330322, "AUC": 0.5254060626029968, "number_of_bets_tested": 98}}, "ans": 0}, "2020020505.0": {"pred": {"under": 0.49008576644319335, "over": 0.5101955789940565, "metrics": {"loss": 0.7603117227554321, "acc": 0.4897959232330322, "AUC": 0.5254060626029968, "number_of_bets_tested": 98}}, "ans": 1}, "2020020519.0": {"pred": {"under": 0.649623662244562, "over": 0.3434321976004725, "metrics": {"loss": 0.7603117227554321, "acc": 0.4897959232330322, "AUC": 0.5254060626029968, "number_of_bets_tested": 98}}, "ans": 1}, "2020020538.0": {"pred": {"under": 0.9544790569912345, "over": 0.045201222897418625, "metrics": {"loss": 0.7603117227554321, "acc": 0.4897959232330322, "AUC": 0.5254060626029968, "number_of_bets_tested": 98}}, "ans": 0}, "2020020547.0": {"pred": {"under": 0.9479670929513268, "over": 0.05199250971550088, "metrics": {"loss": 0.7603117227554321, "acc": 0.4897959232330322, "AUC": 0.5254060626029968, "number_of_bets_tested": 98}}, "ans": 0}}