{"2020020488.0": {"pred": {"under": 0.44577450627188087, "over": 0.5537754466637855, "metrics": {"loss": 2.0822715759277344, "acc": 0.4150943458080292, "AUC": 0.4328942596912384, "number_of_bets_tested": 53}}, "ans": 1}, "2020020560.0": {"pred": {"under": 0.44268168937823726, "over": 0.5549040931462245, "metrics": {"loss": 2.0822715759277344, "acc": 0.4150943458080292, "AUC": 0.4328942596912384, "number_of_bets_tested": 53}}, "ans": 1}, "2020020575.0": {"pred": {"under": 0.44577450627188087, "over": 0.5537754466637855, "metrics": {"loss": 2.0822715759277344, "acc": 0.4150943458080292, "AUC": 0.4328942596912384, "number_of_bets_tested": 53}}, "ans": 1}}