{"2020020457.0": {"pred": {"under": 0.4454958474292506, "over": 0.5537179940842196, "metrics": {"loss": 1.3657925128936768, "acc": 0.5544554591178894, "AUC": 0.5855308175086975, "number_of_bets_tested": 101}}, "ans": 1}, "2020020509.0": {"pred": {"under": 0.163072490655978, "over": 0.8369437704726512, "metrics": {"loss": 1.3657925128936768, "acc": 0.5544554591178894, "AUC": 0.5855308175086975, "number_of_bets_tested": 101}}, "ans": 0}, "2020020532.0": {"pred": {"under": 0.12760746044184101, "over": 0.8721664123610909, "metrics": {"loss": 1.3657925128936768, "acc": 0.5544554591178894, "AUC": 0.5855308175086975, "number_of_bets_tested": 101}}, "ans": 1}, "2020020548.0": {"pred": {"under": 0.21294060086160732, "over": 0.7870974992306584, "metrics": {"loss": 1.3657925128936768, "acc": 0.5544554591178894, "AUC": 0.5855308175086975, "number_of_bets_tested": 101}}, "ans": 0}, "2020020557.0": {"pred": {"under": 0.4985185201019182, "over": 0.5011754559997847, "metrics": {"loss": 1.3657925128936768, "acc": 0.5544554591178894, "AUC": 0.5855308175086975, "number_of_bets_tested": 101}}, "ans": 1}, "2020020572.0": {"pred": {"under": 0.8878216604568755, "over": 0.11217526299590085, "metrics": {"loss": 1.3657925128936768, "acc": 0.5544554591178894, "AUC": 0.5855308175086975, "number_of_bets_tested": 101}}, "ans": 0}, "2020020611.0": {"pred": {"under": 0.6313195278361328, "over": 0.36817539504284164, "metrics": {"loss": 1.3657925128936768, "acc": 0.5544554591178894, "AUC": 0.5855308175086975, "number_of_bets_tested": 101}}, "ans": 1}, "2020020625.0": {"pred": {"under": 0.9217139699449947, "over": 0.07828530791135051, "metrics": {"loss": 1.3657925128936768, "acc": 0.5544554591178894, "AUC": 0.5855308175086975, "number_of_bets_tested": 101}}, "ans": 1}, "2020020229.0": {"pred": {"under": 0.7141605296440514, "over": 0.2854580248570975, "metrics": {"loss": 1.3657925128936768, "acc": 0.5544554591178894, "AUC": 0.5855308175086975, "number_of_bets_tested": 101}}, "ans": 0}, "2020020195.0": {"pred": {"under": 0.8391873401067369, "over": 0.16081003720987405, "metrics": {"loss": 1.3657925128936768, "acc": 0.5544554591178894, "AUC": 0.5855308175086975, "number_of_bets_tested": 101}}, "ans": 0}, "2020020677.0": {"pred": {"under": 0.6765790344353588, "over": 0.32343042211934686, "metrics": {"loss": 1.3657925128936768, "acc": 0.5544554591178894, "AUC": 0.5855308175086975, "number_of_bets_tested": 101}}, "ans": 0}, "2020020690.0": {"pred": {"under": 0.7470120800790431, "over": 0.25300694481692443, "metrics": {"loss": 1.3657925128936768, "acc": 0.5544554591178894, "AUC": 0.5855308175086975, "number_of_bets_tested": 101}}, "ans": 0}, "2020020483.0": {"pred": {"under": 0.4050803951633062, "over": 0.5947053345169082, "metrics": {"loss": 1.3657925128936768, "acc": 0.5544554591178894, "AUC": 0.5855308175086975, "number_of_bets_tested": 101}}, "ans": 1}, "2020020729.0": {"pred": {"under": 0.2061091523539077, "over": 0.7925525756862163, "metrics": {"loss": 1.3657925128936768, "acc": 0.5544554591178894, "AUC": 0.5855308175086975, "number_of_bets_tested": 101}}, "ans": 1}, "2020020738.0": {"pred": {"under": 0.7653752719046751, "over": 0.23452492486157922, "metrics": {"loss": 1.3657925128936768, "acc": 0.5544554591178894, "AUC": 0.5855308175086975, "number_of_bets_tested": 101}}, "ans": 0}, "2020020842.0": {"pred": {"under": 0.956728564304283, "over": 0.043271979320992214, "metrics": {"loss": 1.3657925128936768, "acc": 0.5544554591178894, "AUC": 0.5855308175086975, "number_of_bets_tested": 101}}, "ans": 0}}