{"2020020633.0": {"pred": {"under": 0.5956290114195043, "over": 0.4045218292648652, "metrics": {"loss": 2.1120128631591797, "acc": 0.6714285612106323, "AUC": 0.6757142543792725, "number_of_bets_tested": 70}}, "ans": 0}, "2020020645.0": {"pred": {"under": 0.9246464049919549, "over": 0.07531859964617361, "metrics": {"loss": 2.1120128631591797, "acc": 0.6714285612106323, "AUC": 0.6757142543792725, "number_of_bets_tested": 70}}, "ans": 0}, "2020020672.0": {"pred": {"under": 0.816441442667971, "over": 0.18365544315888074, "metrics": {"loss": 2.1120128631591797, "acc": 0.6714285612106323, "AUC": 0.6757142543792725, "number_of_bets_tested": 70}}, "ans": 0}, "2020020682.0": {"pred": {"under": 0.8633547208905664, "over": 0.13644056644871194, "metrics": {"loss": 2.1120128631591797, "acc": 0.6714285612106323, "AUC": 0.6757142543792725, "number_of_bets_tested": 70}}, "ans": 0}, "2020020777.0": {"pred": {"under": 0.4973357518194, "over": 0.5029540733120755, "metrics": {"loss": 2.1120128631591797, "acc": 0.6714285612106323, "AUC": 0.6757142543792725, "number_of_bets_tested": 70}}, "ans": 1}, "2020030182.0": {"pred": {"under": 0.08643987522521193, "over": 0.9134964915127354, "metrics": {"loss": 2.1120128631591797, "acc": 0.6714285612106323, "AUC": 0.6757142543792725, "number_of_bets_tested": 70}}, "ans": 0}}