{"2020020540.0": {"pred": {"under": 0.6272865008117372, "over": 0.3732262484850785, "metrics": {"loss": 1.379435658454895, "acc": 0.6122449040412903, "AUC": 0.647230327129364, "number_of_bets_tested": 49}}, "ans": 0}}