{"2020020568.0": {"pred": {"under": 0.3355328940619516, "over": 0.6644583065648827, "metrics": {"loss": 1.440330982208252, "acc": 0.5775862336158752, "AUC": 0.5825653672218323, "number_of_bets_tested": 116}}, "ans": 1}, "2020020492.0": {"pred": {"under": 0.3228439103651471, "over": 0.6772536167092867, "metrics": {"loss": 1.440330982208252, "acc": 0.5775862336158752, "AUC": 0.5825653672218323, "number_of_bets_tested": 116}}, "ans": 0}, "2020020502.0": {"pred": {"under": 0.33613366129186295, "over": 0.6637435800102922, "metrics": {"loss": 1.440330982208252, "acc": 0.5775862336158752, "AUC": 0.5825653672218323, "number_of_bets_tested": 116}}, "ans": 0}, "2020020508.0": {"pred": {"under": 0.3228439103651471, "over": 0.6772536167092867, "metrics": {"loss": 1.440330982208252, "acc": 0.5775862336158752, "AUC": 0.5825653672218323, "number_of_bets_tested": 116}}, "ans": 1}, "2020020523.0": {"pred": {"under": 0.3228439103651471, "over": 0.6772536167092867, "metrics": {"loss": 1.440330982208252, "acc": 0.5775862336158752, "AUC": 0.5825653672218323, "number_of_bets_tested": 116}}, "ans": 0}, "2020020553.0": {"pred": {"under": 0.17475536827467592, "over": 0.8252009251584375, "metrics": {"loss": 1.440330982208252, "acc": 0.5775862336158752, "AUC": 0.5825653672218323, "number_of_bets_tested": 116}}, "ans": 1}, "2020020209.0": {"pred": {"under": 0.39778881078101674, "over": 0.6028139316067076, "metrics": {"loss": 1.440330982208252, "acc": 0.5775862336158752, "AUC": 0.5825653672218323, "number_of_bets_tested": 116}}, "ans": 0}, "2020020723.0": {"pred": {"under": 0.3228439103651471, "over": 0.6772536167092867, "metrics": {"loss": 1.440330982208252, "acc": 0.5775862336158752, "AUC": 0.5825653672218323, "number_of_bets_tested": 116}}, "ans": 1}, "2020020609.0": {"pred": {"under": 0.3679775559545556, "over": 0.6318994435065017, "metrics": {"loss": 1.440330982208252, "acc": 0.5775862336158752, "AUC": 0.5825653672218323, "number_of_bets_tested": 116}}, "ans": 0}, "2020020623.0": {"pred": {"under": 0.04843290274641166, "over": 0.9515641934358839, "metrics": {"loss": 1.440330982208252, "acc": 0.5775862336158752, "AUC": 0.5825653672218323, "number_of_bets_tested": 116}}, "ans": 0}, "2020020640.0": {"pred": {"under": 0.012907839313011775, "over": 0.9870919466430004, "metrics": {"loss": 1.440330982208252, "acc": 0.5775862336158752, "AUC": 0.5825653672218323, "number_of_bets_tested": 116}}, "ans": 1}, "2020020656.0": {"pred": {"under": 0.432720695331661, "over": 0.5668747896076308, "metrics": {"loss": 1.440330982208252, "acc": 0.5775862336158752, "AUC": 0.5825653672218323, "number_of_bets_tested": 116}}, "ans": 1}, "2020020225.0": {"pred": {"under": 0.593582089172591, "over": 0.40521340764650465, "metrics": {"loss": 1.440330982208252, "acc": 0.5775862336158752, "AUC": 0.5825653672218323, "number_of_bets_tested": 116}}, "ans": 0}, "2020020182.0": {"pred": {"under": 0.1880308377553749, "over": 0.8119206413891732, "metrics": {"loss": 1.440330982208252, "acc": 0.5775862336158752, "AUC": 0.5825653672218323, "number_of_bets_tested": 116}}, "ans": 1}, "2020020735.0": {"pred": {"under": 0.1126073058374353, "over": 0.8873727786386854, "metrics": {"loss": 1.440330982208252, "acc": 0.5775862336158752, "AUC": 0.5825653672218323, "number_of_bets_tested": 116}}, "ans": 1}, "2020020191.0": {"pred": {"under": 0.19840457635981673, "over": 0.8015433835335849, "metrics": {"loss": 1.440330982208252, "acc": 0.5775862336158752, "AUC": 0.5825653672218323, "number_of_bets_tested": 116}}, "ans": 1}, "2020020779.0": {"pred": {"under": 0.3228439103651471, "over": 0.6772536167092867, "metrics": {"loss": 1.440330982208252, "acc": 0.5775862336158752, "AUC": 0.5825653672218323, "number_of_bets_tested": 116}}, "ans": 1}, "2020020823.0": {"pred": {"under": 0.5049932333823308, "over": 0.4948545750109544, "metrics": {"loss": 1.440330982208252, "acc": 0.5775862336158752, "AUC": 0.5825653672218323, "number_of_bets_tested": 116}}, "ans": 1}, "2020020837.0": {"pred": {"under": 0.6516502801696268, "over": 0.3481290339786309, "metrics": {"loss": 1.440330982208252, "acc": 0.5775862336158752, "AUC": 0.5825653672218323, "number_of_bets_tested": 116}}, "ans": 0}, "2020030151.0": {"pred": {"under": 0.3228439103651471, "over": 0.6772536167092867, "metrics": {"loss": 1.440330982208252, "acc": 0.5775862336158752, "AUC": 0.5825653672218323, "number_of_bets_tested": 116}}, "ans": 1}, "2020030152.0": {"pred": {"under": 0.3203158935051584, "over": 0.679801530834615, "metrics": {"loss": 1.440330982208252, "acc": 0.5775862336158752, "AUC": 0.5825653672218323, "number_of_bets_tested": 116}}, "ans": 1}, "2020030153.0": {"pred": {"under": 0.32543118967260964, "over": 0.6746455173221675, "metrics": {"loss": 1.440330982208252, "acc": 0.5775862336158752, "AUC": 0.5825653672218323, "number_of_bets_tested": 116}}, "ans": 0}, "2020030154.0": {"pred": {"under": 0.3228439103651471, "over": 0.6772536167092867, "metrics": {"loss": 1.440330982208252, "acc": 0.5775862336158752, "AUC": 0.5825653672218323, "number_of_bets_tested": 116}}, "ans": 0}}