{"2020020498.0": {"pred": {"under": 0.4036678082676095, "over": 0.5958947818606446, "metrics": {"loss": 1.6575785875320435, "acc": 0.4878048896789551, "AUC": 0.535841703414917, "number_of_bets_tested": 82}}, "ans": 1}, "2020020578.0": {"pred": {"under": 0.4819313210508997, "over": 0.5200213163064553, "metrics": {"loss": 1.6575785875320435, "acc": 0.4878048896789551, "AUC": 0.535841703414917, "number_of_bets_tested": 82}}, "ans": 1}, "2020020607.0": {"pred": {"under": 0.2866637314484293, "over": 0.7128875567662097, "metrics": {"loss": 1.6575785875320435, "acc": 0.4878048896789551, "AUC": 0.535841703414917, "number_of_bets_tested": 82}}, "ans": 1}, "2020020622.0": {"pred": {"under": 0.4669363607885872, "over": 0.5329461988289823, "metrics": {"loss": 1.6575785875320435, "acc": 0.4878048896789551, "AUC": 0.535841703414917, "number_of_bets_tested": 82}}, "ans": 1}, "2020020633.0": {"pred": {"under": 0.7518562158268309, "over": 0.2487136961074643, "metrics": {"loss": 1.6575785875320435, "acc": 0.4878048896789551, "AUC": 0.535841703414917, "number_of_bets_tested": 82}}, "ans": 1}, "2020020645.0": {"pred": {"under": 0.8129041032639266, "over": 0.18696960524077655, "metrics": {"loss": 1.6575785875320435, "acc": 0.4878048896789551, "AUC": 0.535841703414917, "number_of_bets_tested": 82}}, "ans": 0}, "2020020660.0": {"pred": {"under": 0.04893936587926672, "over": 0.9510693999118773, "metrics": {"loss": 1.6575785875320435, "acc": 0.4878048896789551, "AUC": 0.535841703414917, "number_of_bets_tested": 82}}, "ans": 0}, "2020020671.0": {"pred": {"under": 0.3230043857194042, "over": 0.6762089720722011, "metrics": {"loss": 1.6575785875320435, "acc": 0.4878048896789551, "AUC": 0.535841703414917, "number_of_bets_tested": 82}}, "ans": 0}, "2020020686.0": {"pred": {"under": 0.20049648405521814, "over": 0.7997285361076036, "metrics": {"loss": 1.6575785875320435, "acc": 0.4878048896789551, "AUC": 0.535841703414917, "number_of_bets_tested": 82}}, "ans": 0}, "2020020546.0": {"pred": {"under": 0.1433636603122319, "over": 0.8565875248437711, "metrics": {"loss": 1.6575785875320435, "acc": 0.4878048896789551, "AUC": 0.535841703414917, "number_of_bets_tested": 82}}, "ans": 0}, "2020020709.0": {"pred": {"under": 0.400562527089864, "over": 0.5983458144201051, "metrics": {"loss": 1.6575785875320435, "acc": 0.4878048896789551, "AUC": 0.535841703414917, "number_of_bets_tested": 82}}, "ans": 1}, "2020020721.0": {"pred": {"under": 0.5857189508809078, "over": 0.413791880959444, "metrics": {"loss": 1.6575785875320435, "acc": 0.4878048896789551, "AUC": 0.535841703414917, "number_of_bets_tested": 82}}, "ans": 1}}