{"2020020186.0": {"pred": {"under": 0.3364885445398074, "over": 0.6635262460011871, "metrics": {"loss": 2.841291666030884, "acc": 0.4307692348957062, "AUC": 0.41053256392478943, "number_of_bets_tested": 65}}, "ans": 0}, "2020020492.0": {"pred": {"under": 0.7668738106385291, "over": 0.233043769908504, "metrics": {"loss": 2.841291666030884, "acc": 0.4307692348957062, "AUC": 0.41053256392478943, "number_of_bets_tested": 65}}, "ans": 0}, "2020020501.0": {"pred": {"under": 0.6770047484919922, "over": 0.32228598943251807, "metrics": {"loss": 2.841291666030884, "acc": 0.4307692348957062, "AUC": 0.41053256392478943, "number_of_bets_tested": 65}}, "ans": 0}, "2020020513.0": {"pred": {"under": 0.6132146337011621, "over": 0.3855768599897538, "metrics": {"loss": 2.841291666030884, "acc": 0.4307692348957062, "AUC": 0.41053256392478943, "number_of_bets_tested": 65}}, "ans": 1}, "2020020223.0": {"pred": {"under": 0.5179856810219609, "over": 0.48105837068627577, "metrics": {"loss": 2.841291666030884, "acc": 0.4307692348957062, "AUC": 0.41053256392478943, "number_of_bets_tested": 65}}, "ans": 0}, "2020020555.0": {"pred": {"under": 0.3288761998263953, "over": 0.671176765193902, "metrics": {"loss": 2.841291666030884, "acc": 0.4307692348957062, "AUC": 0.41053256392478943, "number_of_bets_tested": 65}}, "ans": 0}, "2020020570.0": {"pred": {"under": 0.44192221037880497, "over": 0.5574945837300381, "metrics": {"loss": 2.841291666030884, "acc": 0.4307692348957062, "AUC": 0.41053256392478943, "number_of_bets_tested": 65}}, "ans": 1}, "2020020579.0": {"pred": {"under": 0.43910703684797975, "over": 0.5603246940008473, "metrics": {"loss": 2.841291666030884, "acc": 0.4307692348957062, "AUC": 0.41053256392478943, "number_of_bets_tested": 65}}, "ans": 1}, "2020020609.0": {"pred": {"under": 0.496160604489293, "over": 0.5029808954365403, "metrics": {"loss": 2.841291666030884, "acc": 0.4307692348957062, "AUC": 0.41053256392478943, "number_of_bets_tested": 65}}, "ans": 1}, "2020020623.0": {"pred": {"under": 0.3570966462515715, "over": 0.6428040950286983, "metrics": {"loss": 2.841291666030884, "acc": 0.4307692348957062, "AUC": 0.41053256392478943, "number_of_bets_tested": 65}}, "ans": 1}, "2020020637.0": {"pred": {"under": 0.2896617348201126, "over": 0.7105511392370042, "metrics": {"loss": 2.841291666030884, "acc": 0.4307692348957062, "AUC": 0.41053256392478943, "number_of_bets_tested": 65}}, "ans": 1}, "2020020687.0": {"pred": {"under": 0.4983770784128652, "over": 0.5007540534998739, "metrics": {"loss": 2.841291666030884, "acc": 0.4307692348957062, "AUC": 0.41053256392478943, "number_of_bets_tested": 65}}, "ans": 1}, "2020020698.0": {"pred": {"under": 0.5712360659702137, "over": 0.4276261131425786, "metrics": {"loss": 2.841291666030884, "acc": 0.4307692348957062, "AUC": 0.41053256392478943, "number_of_bets_tested": 65}}, "ans": 0}, "2020020712.0": {"pred": {"under": 0.564033840850591, "over": 0.4348474107014716, "metrics": {"loss": 2.841291666030884, "acc": 0.4307692348957062, "AUC": 0.41053256392478943, "number_of_bets_tested": 65}}, "ans": 0}, "2020020727.0": {"pred": {"under": 0.507937407804669, "over": 0.49115017370979036, "metrics": {"loss": 2.841291666030884, "acc": 0.4307692348957062, "AUC": 0.41053256392478943, "number_of_bets_tested": 65}}, "ans": 1}, "2020020240.0": {"pred": {"under": 0.560579554887546, "over": 0.4383115116839951, "metrics": {"loss": 2.841291666030884, "acc": 0.4307692348957062, "AUC": 0.41053256392478943, "number_of_bets_tested": 65}}, "ans": 0}, "2020020778.0": {"pred": {"under": 0.5306887071859939, "over": 0.4678847476817359, "metrics": {"loss": 2.841291666030884, "acc": 0.4307692348957062, "AUC": 0.41053256392478943, "number_of_bets_tested": 65}}, "ans": 1}, "2020020762.0": {"pred": {"under": 0.7772266202175907, "over": 0.22258054405892116, "metrics": {"loss": 2.841291666030884, "acc": 0.4307692348957062, "AUC": 0.41053256392478943, "number_of_bets_tested": 65}}, "ans": 1}, "2020020821.0": {"pred": {"under": 0.6109029858685175, "over": 0.38789050820233245, "metrics": {"loss": 2.841291666030884, "acc": 0.4307692348957062, "AUC": 0.41053256392478943, "number_of_bets_tested": 65}}, "ans": 1}, "2020020850.0": {"pred": {"under": 0.9143625299758491, "over": 0.08565926054014904, "metrics": {"loss": 2.841291666030884, "acc": 0.4307692348957062, "AUC": 0.41053256392478943, "number_of_bets_tested": 65}}, "ans": 1}, "2020020790.0": {"pred": {"under": 0.6467824790014857, "over": 0.3522086506298727, "metrics": {"loss": 2.841291666030884, "acc": 0.4307692348957062, "AUC": 0.41053256392478943, "number_of_bets_tested": 65}}, "ans": 0}, "2020030162.0": {"pred": {"under": 0.8010394248134228, "over": 0.19883068994986922, "metrics": {"loss": 2.841291666030884, "acc": 0.4307692348957062, "AUC": 0.41053256392478943, "number_of_bets_tested": 65}}, "ans": 1}, "2020030163.0": {"pred": {"under": 0.96238210560657, "over": 0.03762880175646075, "metrics": {"loss": 2.841291666030884, "acc": 0.4307692348957062, "AUC": 0.41053256392478943, "number_of_bets_tested": 65}}, "ans": 0}, "2020030164.0": {"pred": {"under": 0.9213024625681593, "over": 0.07877584252251237, "metrics": {"loss": 2.841291666030884, "acc": 0.4307692348957062, "AUC": 0.41053256392478943, "number_of_bets_tested": 65}}, "ans": 1}, "2020030165.0": {"pred": {"under": 0.906535951894682, "over": 0.09353763829025676, "metrics": {"loss": 2.841291666030884, "acc": 0.4307692348957062, "AUC": 0.41053256392478943, "number_of_bets_tested": 65}}, "ans": 0}}