{"2020020669.0": {"pred": {"under": 0.45029254511382555, "over": 0.5497377022310709, "metrics": {"loss": 0.7135935425758362, "acc": 0.5950413346290588, "AUC": 0.6513557434082031, "number_of_bets_tested": 121}}, "ans": 0}, "2020020671.0": {"pred": {"under": 0.42426220477081467, "over": 0.5757655299133714, "metrics": {"loss": 0.7135935425758362, "acc": 0.5950413346290588, "AUC": 0.6513557434082031, "number_of_bets_tested": 121}}, "ans": 0}, "2020020686.0": {"pred": {"under": 0.3037731732888753, "over": 0.6962104110786084, "metrics": {"loss": 0.7135935425758362, "acc": 0.5950413346290588, "AUC": 0.6513557434082031, "number_of_bets_tested": 121}}, "ans": 0}, "2020020736.0": {"pred": {"under": 0.1431525380920087, "over": 0.8569396125791147, "metrics": {"loss": 0.7135935425758362, "acc": 0.5950413346290588, "AUC": 0.6513557434082031, "number_of_bets_tested": 121}}, "ans": 0}, "2020020761.0": {"pred": {"under": 0.29716846858161994, "over": 0.7028137335086412, "metrics": {"loss": 0.7135935425758362, "acc": 0.5950413346290588, "AUC": 0.6513557434082031, "number_of_bets_tested": 121}}, "ans": 0}, "2020020789.0": {"pred": {"under": 0.2915982083611043, "over": 0.7083500260294774, "metrics": {"loss": 0.7135935425758362, "acc": 0.5950413346290588, "AUC": 0.6513557434082031, "number_of_bets_tested": 121}}, "ans": 0}, "2020020834.0": {"pred": {"under": 0.07063620772246156, "over": 0.9293840047411064, "metrics": {"loss": 0.7135935425758362, "acc": 0.5950413346290588, "AUC": 0.6513557434082031, "number_of_bets_tested": 121}}, "ans": 0}, "2020020720.0": {"pred": {"under": 0.017160391516365482, "over": 0.9828397918347198, "metrics": {"loss": 0.7135935425758362, "acc": 0.5950413346290588, "AUC": 0.6513557434082031, "number_of_bets_tested": 121}}, "ans": 1}}