{"2020020291.0": {"pred": {"under": 0.5943293613339499, "over": 0.4056259545612192, "metrics": {"loss": 1.4811053276062012, "acc": 0.4677419364452362, "AUC": 0.40127474069595337, "number_of_bets_tested": 62}}, "ans": 0}, "2020020695.0": {"pred": {"under": 0.7930762976590715, "over": 0.2068854251104976, "metrics": {"loss": 1.4811053276062012, "acc": 0.4677419364452362, "AUC": 0.40127474069595337, "number_of_bets_tested": 62}}, "ans": 0}, "2020020771.0": {"pred": {"under": 0.48098636435193615, "over": 0.5190016672868106, "metrics": {"loss": 1.4811053276062012, "acc": 0.4677419364452362, "AUC": 0.40127474069595337, "number_of_bets_tested": 62}}, "ans": 1}, "2020020786.0": {"pred": {"under": 0.5884698270201635, "over": 0.4114868060391491, "metrics": {"loss": 1.4811053276062012, "acc": 0.4677419364452362, "AUC": 0.40127474069595337, "number_of_bets_tested": 62}}, "ans": 1}, "2020020811.0": {"pred": {"under": 0.5769605358744728, "over": 0.4230006776545465, "metrics": {"loss": 1.4811053276062012, "acc": 0.4677419364452362, "AUC": 0.40127474069595337, "number_of_bets_tested": 62}}, "ans": 1}, "2020020845.0": {"pred": {"under": 0.5357379263328198, "over": 0.46424202005366316, "metrics": {"loss": 1.4811053276062012, "acc": 0.4677419364452362, "AUC": 0.40127474069595337, "number_of_bets_tested": 62}}, "ans": 0}}