{"2020020186.0": {"pred": {"under": 0.3888600461587016, "over": 0.6097386971660794, "metrics": {"loss": 2.825885534286499, "acc": 0.4642857015132904, "AUC": 0.42044001817703247, "number_of_bets_tested": 56}}, "ans": 1}, "2020020461.0": {"pred": {"under": 0.49083974574782585, "over": 0.5087928551007672, "metrics": {"loss": 2.825885534286499, "acc": 0.4642857015132904, "AUC": 0.42044001817703247, "number_of_bets_tested": 56}}, "ans": 1}, "2020020508.0": {"pred": {"under": 0.233232698585528, "over": 0.7659263614521993, "metrics": {"loss": 2.825885534286499, "acc": 0.4642857015132904, "AUC": 0.42044001817703247, "number_of_bets_tested": 56}}, "ans": 0}, "2020020540.0": {"pred": {"under": 0.4589390282165028, "over": 0.5419984480231368, "metrics": {"loss": 2.825885534286499, "acc": 0.4642857015132904, "AUC": 0.42044001817703247, "number_of_bets_tested": 56}}, "ans": 1}, "2020020209.0": {"pred": {"under": 0.2742299062043859, "over": 0.7258251416111398, "metrics": {"loss": 2.825885534286499, "acc": 0.4642857015132904, "AUC": 0.42044001817703247, "number_of_bets_tested": 56}}, "ans": 1}, "2020020583.0": {"pred": {"under": 0.4358718516258737, "over": 0.5628613303136836, "metrics": {"loss": 2.825885534286499, "acc": 0.4642857015132904, "AUC": 0.42044001817703247, "number_of_bets_tested": 56}}, "ans": 1}, "2020020604.0": {"pred": {"under": 0.4863536708785123, "over": 0.51388555946015, "metrics": {"loss": 2.825885534286499, "acc": 0.4642857015132904, "AUC": 0.42044001817703247, "number_of_bets_tested": 56}}, "ans": 1}, "2020020610.0": {"pred": {"under": 0.47569376078748826, "over": 0.523890370039586, "metrics": {"loss": 2.825885534286499, "acc": 0.4642857015132904, "AUC": 0.42044001817703247, "number_of_bets_tested": 56}}, "ans": 1}, "2020020624.0": {"pred": {"under": 0.4863536708785123, "over": 0.51388555946015, "metrics": {"loss": 2.825885534286499, "acc": 0.4642857015132904, "AUC": 0.42044001817703247, "number_of_bets_tested": 56}}, "ans": 0}, "2020020639.0": {"pred": {"under": 0.302281121940082, "over": 0.6976300053932775, "metrics": {"loss": 2.825885534286499, "acc": 0.4642857015132904, "AUC": 0.42044001817703247, "number_of_bets_tested": 56}}, "ans": 1}, "2020020655.0": {"pred": {"under": 0.015087446833238241, "over": 0.9849129094936697, "metrics": {"loss": 2.825885534286499, "acc": 0.4642857015132904, "AUC": 0.42044001817703247, "number_of_bets_tested": 56}}, "ans": 0}, "2020020225.0": {"pred": {"under": 0.07180807156503138, "over": 0.9282892867257031, "metrics": {"loss": 2.825885534286499, "acc": 0.4642857015132904, "AUC": 0.42044001817703247, "number_of_bets_tested": 56}}, "ans": 0}, "2020020700.0": {"pred": {"under": 0.24022280659348808, "over": 0.7602131973240907, "metrics": {"loss": 2.825885534286499, "acc": 0.4642857015132904, "AUC": 0.42044001817703247, "number_of_bets_tested": 56}}, "ans": 0}, "2020020712.0": {"pred": {"under": 0.4863536708785123, "over": 0.51388555946015, "metrics": {"loss": 2.825885534286499, "acc": 0.4642857015132904, "AUC": 0.42044001817703247, "number_of_bets_tested": 56}}, "ans": 0}, "2020020727.0": {"pred": {"under": 0.007962776225013292, "over": 0.9920369897989519, "metrics": {"loss": 2.825885534286499, "acc": 0.4642857015132904, "AUC": 0.42044001817703247, "number_of_bets_tested": 56}}, "ans": 1}}