{"2020020480.0": {"pred": {"under": 0.7794098010796716, "over": 0.21900366086424963, "metrics": {"loss": 1.1371177434921265, "acc": 0.4444444477558136, "AUC": 0.4113618731498718, "number_of_bets_tested": 72}}, "ans": 1}, "2020020490.0": {"pred": {"under": 0.7136276269425279, "over": 0.2846359283684622, "metrics": {"loss": 1.1371177434921265, "acc": 0.4444444477558136, "AUC": 0.4113618731498718, "number_of_bets_tested": 72}}, "ans": 0}, "2020020521.0": {"pred": {"under": 0.5354428757292751, "over": 0.46305163845313596, "metrics": {"loss": 1.1371177434921265, "acc": 0.4444444477558136, "AUC": 0.4113618731498718, "number_of_bets_tested": 72}}, "ans": 0}, "2020020536.0": {"pred": {"under": 0.7354247099171382, "over": 0.2625718403239147, "metrics": {"loss": 1.1371177434921265, "acc": 0.4444444477558136, "AUC": 0.4113618731498718, "number_of_bets_tested": 72}}, "ans": 0}, "2020020551.0": {"pred": {"under": 0.586849528164, "over": 0.4116866962155049, "metrics": {"loss": 1.1371177434921265, "acc": 0.4444444477558136, "AUC": 0.4113618731498718, "number_of_bets_tested": 72}}, "ans": 0}, "2020020566.0": {"pred": {"under": 0.5856940109370642, "over": 0.4133491350550606, "metrics": {"loss": 1.1371177434921265, "acc": 0.4444444477558136, "AUC": 0.4113618731498718, "number_of_bets_tested": 72}}, "ans": 0}, "2020020581.0": {"pred": {"under": 0.5908100380083251, "over": 0.40817451949331784, "metrics": {"loss": 1.1371177434921265, "acc": 0.4444444477558136, "AUC": 0.4113618731498718, "number_of_bets_tested": 72}}, "ans": 1}, "2020020603.0": {"pred": {"under": 0.6783570044529679, "over": 0.320131535617649, "metrics": {"loss": 1.1371177434921265, "acc": 0.4444444477558136, "AUC": 0.4113618731498718, "number_of_bets_tested": 72}}, "ans": 0}, "2020020608.0": {"pred": {"under": 0.49623489542392873, "over": 0.5040376121262394, "metrics": {"loss": 1.1371177434921265, "acc": 0.4444444477558136, "AUC": 0.4113618731498718, "number_of_bets_tested": 72}}, "ans": 0}, "2020020697.0": {"pred": {"under": 0.6390588303607301, "over": 0.36155058306422333, "metrics": {"loss": 1.1371177434921265, "acc": 0.4444444477558136, "AUC": 0.4113618731498718, "number_of_bets_tested": 72}}, "ans": 1}, "2020020726.0": {"pred": {"under": 0.6285910157178002, "over": 0.3703804218237677, "metrics": {"loss": 1.1371177434921265, "acc": 0.4444444477558136, "AUC": 0.4113618731498718, "number_of_bets_tested": 72}}, "ans": 0}, "2020020775.0": {"pred": {"under": 0.8606626654545566, "over": 0.1392435429984308, "metrics": {"loss": 1.1371177434921265, "acc": 0.4444444477558136, "AUC": 0.4113618731498718, "number_of_bets_tested": 72}}, "ans": 0}, "2020020792.0": {"pred": {"under": 0.49623489542392873, "over": 0.5040376121262394, "metrics": {"loss": 1.1371177434921265, "acc": 0.4444444477558136, "AUC": 0.4113618731498718, "number_of_bets_tested": 72}}, "ans": 0}, "2020020819.0": {"pred": {"under": 0.57181088325424, "over": 0.4271390721342177, "metrics": {"loss": 1.1371177434921265, "acc": 0.4444444477558136, "AUC": 0.4113618731498718, "number_of_bets_tested": 72}}, "ans": 1}, "2020020847.0": {"pred": {"under": 0.5186537414105615, "over": 0.4797659364768971, "metrics": {"loss": 1.1371177434921265, "acc": 0.4444444477558136, "AUC": 0.4113618731498718, "number_of_bets_tested": 72}}, "ans": 1}, "2020020833.0": {"pred": {"under": 0.4977892602547722, "over": 0.5024339616629374, "metrics": {"loss": 1.1371177434921265, "acc": 0.4444444477558136, "AUC": 0.4113618731498718, "number_of_bets_tested": 72}}, "ans": 0}, "2020030171.0": {"pred": {"under": 0.5301879981632533, "over": 0.4693429213446325, "metrics": {"loss": 1.1371177434921265, "acc": 0.4444444477558136, "AUC": 0.4113618731498718, "number_of_bets_tested": 72}}, "ans": 1}, "2020030172.0": {"pred": {"under": 0.6572332928508166, "over": 0.3407543848045287, "metrics": {"loss": 1.1371177434921265, "acc": 0.4444444477558136, "AUC": 0.4113618731498718, "number_of_bets_tested": 72}}, "ans": 1}, "2020030173.0": {"pred": {"under": 0.5230519607233943, "over": 0.476792855408853, "metrics": {"loss": 1.1371177434921265, "acc": 0.4444444477558136, "AUC": 0.4113618731498718, "number_of_bets_tested": 72}}, "ans": 0}}