{"2020020608.0": {"pred": {"under": 0.16734790284923395, "over": 0.8326883765632629, "metrics": {"loss": 1.9791631698608398, "acc": 0.7123287916183472, "AUC": 0.7094201445579529, "number_of_bets_tested": 73}}, "ans": 1}}