{"2020020680.0": {"pred": {"under": 0.9491597420660797, "over": 0.050818298332357036, "metrics": {"loss": 2.7868635654449463, "acc": 0.6029411554336548, "AUC": 0.5728806257247925, "number_of_bets_tested": 68}}, "ans": 1}, "2020020715.0": {"pred": {"under": 0.9877136234532442, "over": 0.012285737485170272, "metrics": {"loss": 2.7868635654449463, "acc": 0.6029411554336548, "AUC": 0.5728806257247925, "number_of_bets_tested": 68}}, "ans": 0}, "2020020166.0": {"pred": {"under": 0.5804663393249524, "over": 0.42096483452243777, "metrics": {"loss": 2.7868635654449463, "acc": 0.6029411554336548, "AUC": 0.5728806257247925, "number_of_bets_tested": 68}}, "ans": 0}, "2020020733.0": {"pred": {"under": 0.5123319283044895, "over": 0.48873877304870966, "metrics": {"loss": 2.7868635654449463, "acc": 0.6029411554336548, "AUC": 0.5728806257247925, "number_of_bets_tested": 68}}, "ans": 0}, "2020030112.0": {"pred": {"under": 0.8748326848227236, "over": 0.12510234194297487, "metrics": {"loss": 2.7868635654449463, "acc": 0.6029411554336548, "AUC": 0.5728806257247925, "number_of_bets_tested": 68}}, "ans": 1}, "2020030113.0": {"pred": {"under": 0.8717452203024783, "over": 0.12809059971877781, "metrics": {"loss": 2.7868635654449463, "acc": 0.6029411554336548, "AUC": 0.5728806257247925, "number_of_bets_tested": 68}}, "ans": 0}}