{"2020020457.0": {"pred": {"under": 0.7785501612679393, "over": 0.22154920806139838, "metrics": {"loss": 0.930512011051178, "acc": 0.6904761791229248, "AUC": 0.7041524648666382, "number_of_bets_tested": 84}}, "ans": 0}, "2020020496.0": {"pred": {"under": 0.9377036460122905, "over": 0.062294463334792334, "metrics": {"loss": 0.930512011051178, "acc": 0.6904761791229248, "AUC": 0.7041524648666382, "number_of_bets_tested": 84}}, "ans": 0}, "2020020509.0": {"pred": {"under": 0.9589610583970076, "over": 0.04103745821657234, "metrics": {"loss": 0.930512011051178, "acc": 0.6904761791229248, "AUC": 0.7041524648666382, "number_of_bets_tested": 84}}, "ans": 1}, "2020020532.0": {"pred": {"under": 0.9746114614944028, "over": 0.025386840319352927, "metrics": {"loss": 0.930512011051178, "acc": 0.6904761791229248, "AUC": 0.7041524648666382, "number_of_bets_tested": 84}}, "ans": 1}, "2020020548.0": {"pred": {"under": 0.8718381777351367, "over": 0.12804978119231453, "metrics": {"loss": 0.930512011051178, "acc": 0.6904761791229248, "AUC": 0.7041524648666382, "number_of_bets_tested": 84}}, "ans": 0}, "2020020557.0": {"pred": {"under": 0.9122708851245315, "over": 0.08776016258922255, "metrics": {"loss": 0.930512011051178, "acc": 0.6904761791229248, "AUC": 0.7041524648666382, "number_of_bets_tested": 84}}, "ans": 1}, "2020020572.0": {"pred": {"under": 0.9760657769986323, "over": 0.0239378286284396, "metrics": {"loss": 0.930512011051178, "acc": 0.6904761791229248, "AUC": 0.7041524648666382, "number_of_bets_tested": 84}}, "ans": 0}, "2020020611.0": {"pred": {"under": 0.9356495864592901, "over": 0.0643053624452022, "metrics": {"loss": 0.930512011051178, "acc": 0.6904761791229248, "AUC": 0.7041524648666382, "number_of_bets_tested": 84}}, "ans": 0}, "2020020625.0": {"pred": {"under": 0.9939964349768777, "over": 0.0060034827978377335, "metrics": {"loss": 0.930512011051178, "acc": 0.6904761791229248, "AUC": 0.7041524648666382, "number_of_bets_tested": 84}}, "ans": 0}, "2020020229.0": {"pred": {"under": 0.9954107183786783, "over": 0.004589234910475275, "metrics": {"loss": 0.930512011051178, "acc": 0.6904761791229248, "AUC": 0.7041524648666382, "number_of_bets_tested": 84}}, "ans": 1}, "2020020195.0": {"pred": {"under": 0.8994679341711471, "over": 0.10045170281881641, "metrics": {"loss": 0.930512011051178, "acc": 0.6904761791229248, "AUC": 0.7041524648666382, "number_of_bets_tested": 84}}, "ans": 1}, "2020020677.0": {"pred": {"under": 0.5055497450415781, "over": 0.494112449269299, "metrics": {"loss": 0.930512011051178, "acc": 0.6904761791229248, "AUC": 0.7041524648666382, "number_of_bets_tested": 84}}, "ans": 1}, "2020020690.0": {"pred": {"under": 0.6284006502516457, "over": 0.37038835988611185, "metrics": {"loss": 0.930512011051178, "acc": 0.6904761791229248, "AUC": 0.7041524648666382, "number_of_bets_tested": 84}}, "ans": 1}, "2020020715.0": {"pred": {"under": 0.9954554667042953, "over": 0.004544523633036325, "metrics": {"loss": 0.930512011051178, "acc": 0.6904761791229248, "AUC": 0.7041524648666382, "number_of_bets_tested": 84}}, "ans": 0}, "2020020483.0": {"pred": {"under": 0.9336673121362113, "over": 0.06631156109525545, "metrics": {"loss": 0.930512011051178, "acc": 0.6904761791229248, "AUC": 0.7041524648666382, "number_of_bets_tested": 84}}, "ans": 0}, "2020020729.0": {"pred": {"under": 0.30793634830179867, "over": 0.6933393580309477, "metrics": {"loss": 0.930512011051178, "acc": 0.6904761791229248, "AUC": 0.7041524648666382, "number_of_bets_tested": 84}}, "ans": 1}, "2020020738.0": {"pred": {"under": 0.6698537467877905, "over": 0.32931613082398126, "metrics": {"loss": 0.930512011051178, "acc": 0.6904761791229248, "AUC": 0.7041524648666382, "number_of_bets_tested": 84}}, "ans": 1}, "2020020754.0": {"pred": {"under": 0.996402963489913, "over": 0.0035970378569695097, "metrics": {"loss": 0.930512011051178, "acc": 0.6904761791229248, "AUC": 0.7041524648666382, "number_of_bets_tested": 84}}, "ans": 1}, "2020020768.0": {"pred": {"under": 0.9327808213744362, "over": 0.067190773747759, "metrics": {"loss": 0.930512011051178, "acc": 0.6904761791229248, "AUC": 0.7041524648666382, "number_of_bets_tested": 84}}, "ans": 1}, "2020020782.0": {"pred": {"under": 0.9303192036563329, "over": 0.06964629993056534, "metrics": {"loss": 0.930512011051178, "acc": 0.6904761791229248, "AUC": 0.7041524648666382, "number_of_bets_tested": 84}}, "ans": 1}, "2020020812.0": {"pred": {"under": 0.9836860208292514, "over": 0.016313361182176207, "metrics": {"loss": 0.930512011051178, "acc": 0.6904761791229248, "AUC": 0.7041524648666382, "number_of_bets_tested": 84}}, "ans": 1}, "2020020824.0": {"pred": {"under": 0.9920151437562791, "over": 0.007984754412666408, "metrics": {"loss": 0.930512011051178, "acc": 0.6904761791229248, "AUC": 0.7041524648666382, "number_of_bets_tested": 84}}, "ans": 0}, "2020020842.0": {"pred": {"under": 0.946039844428244, "over": 0.05395950553171251, "metrics": {"loss": 0.930512011051178, "acc": 0.6904761791229248, "AUC": 0.7041524648666382, "number_of_bets_tested": 84}}, "ans": 1}}