{"2020020790.0": {"pred": {"under": 0.46833968909595525, "over": 0.5318025768169077, "metrics": {"loss": 8.881608963012695, "acc": 0.4647887349128723, "AUC": 0.4778813421726227, "number_of_bets_tested": 71}}, "ans": 0}}