{"2020020481.0": {"pred": {"under": 0.6331584125321221, "over": 0.366772331304428, "metrics": {"loss": 1.9732283353805542, "acc": 0.4736842215061188, "AUC": 0.5292397141456604, "number_of_bets_tested": 57}}, "ans": 0}, "2020020495.0": {"pred": {"under": 0.6331584125321221, "over": 0.366772331304428, "metrics": {"loss": 1.9732283353805542, "acc": 0.4736842215061188, "AUC": 0.5292397141456604, "number_of_bets_tested": 57}}, "ans": 0}, "2020020514.0": {"pred": {"under": 0.6331584125321221, "over": 0.366772331304428, "metrics": {"loss": 1.9732283353805542, "acc": 0.4736842215061188, "AUC": 0.5292397141456604, "number_of_bets_tested": 57}}, "ans": 0}, "2020020569.0": {"pred": {"under": 0.6331584125321221, "over": 0.366772331304428, "metrics": {"loss": 1.9732283353805542, "acc": 0.4736842215061188, "AUC": 0.5292397141456604, "number_of_bets_tested": 57}}, "ans": 1}, "2020020584.0": {"pred": {"under": 0.6331584125321221, "over": 0.366772331304428, "metrics": {"loss": 1.9732283353805542, "acc": 0.4736842215061188, "AUC": 0.5292397141456604, "number_of_bets_tested": 57}}, "ans": 1}, "2020020610.0": {"pred": {"under": 0.6331584125321221, "over": 0.366772331304428, "metrics": {"loss": 1.9732283353805542, "acc": 0.4736842215061188, "AUC": 0.5292397141456604, "number_of_bets_tested": 57}}, "ans": 0}, "2020020624.0": {"pred": {"under": 0.257507530931823, "over": 0.7426317597645046, "metrics": {"loss": 1.9732283353805542, "acc": 0.4736842215061188, "AUC": 0.5292397141456604, "number_of_bets_tested": 57}}, "ans": 0}, "2020020649.0": {"pred": {"under": 0.4061782141277884, "over": 0.594377548982617, "metrics": {"loss": 1.9732283353805542, "acc": 0.4736842215061188, "AUC": 0.5292397141456604, "number_of_bets_tested": 57}}, "ans": 0}, "2020020663.0": {"pred": {"under": 0.4373147899334976, "over": 0.5631824824575107, "metrics": {"loss": 1.9732283353805542, "acc": 0.4736842215061188, "AUC": 0.5292397141456604, "number_of_bets_tested": 57}}, "ans": 0}, "2020020674.0": {"pred": {"under": 0.6331584125321221, "over": 0.366772331304428, "metrics": {"loss": 1.9732283353805542, "acc": 0.4736842215061188, "AUC": 0.5292397141456604, "number_of_bets_tested": 57}}, "ans": 1}, "2020020724.0": {"pred": {"under": 0.6331584125321221, "over": 0.366772331304428, "metrics": {"loss": 1.9732283353805542, "acc": 0.4736842215061188, "AUC": 0.5292397141456604, "number_of_bets_tested": 57}}, "ans": 0}, "2020020780.0": {"pred": {"under": 0.6331584125321221, "over": 0.366772331304428, "metrics": {"loss": 1.9732283353805542, "acc": 0.4736842215061188, "AUC": 0.5292397141456604, "number_of_bets_tested": 57}}, "ans": 1}, "2020020822.0": {"pred": {"under": 0.6331584125321221, "over": 0.366772331304428, "metrics": {"loss": 1.9732283353805542, "acc": 0.4736842215061188, "AUC": 0.5292397141456604, "number_of_bets_tested": 57}}, "ans": 0}, "2020020836.0": {"pred": {"under": 0.6331584125321221, "over": 0.366772331304428, "metrics": {"loss": 1.9732283353805542, "acc": 0.4736842215061188, "AUC": 0.5292397141456604, "number_of_bets_tested": 57}}, "ans": 1}, "2020020852.0": {"pred": {"under": 0.6331584125321221, "over": 0.366772331304428, "metrics": {"loss": 1.9732283353805542, "acc": 0.4736842215061188, "AUC": 0.5292397141456604, "number_of_bets_tested": 57}}, "ans": 0}}