{"2020020488.0": {"pred": {"under": 0.5552193519029209, "over": 0.44525201785298907, "metrics": {"loss": 0.6652386784553528, "acc": 0.6746987700462341, "AUC": 0.717157781124115, "number_of_bets_tested": 83}}, "ans": 0}, "2020020506.0": {"pred": {"under": 0.5377699608519593, "over": 0.46260825609803713, "metrics": {"loss": 0.6652386784553528, "acc": 0.6746987700462341, "AUC": 0.717157781124115, "number_of_bets_tested": 83}}, "ans": 0}, "2020020520.0": {"pred": {"under": 0.4892606480373776, "over": 0.5115686058780408, "metrics": {"loss": 0.6652386784553528, "acc": 0.6746987700462341, "AUC": 0.717157781124115, "number_of_bets_tested": 83}}, "ans": 0}}