{"2020020463.0": {"pred": {"under": 0.5554846254545364, "over": 0.44380776468640415, "metrics": {"loss": 1.2341840267181396, "acc": 0.49494948983192444, "AUC": 0.4713294804096222, "number_of_bets_tested": 99}}, "ans": 0}, "2020020479.0": {"pred": {"under": 0.5457295712815889, "over": 0.45347405609042113, "metrics": {"loss": 1.2341840267181396, "acc": 0.49494948983192444, "AUC": 0.4713294804096222, "number_of_bets_tested": 99}}, "ans": 0}, "2020020489.0": {"pred": {"under": 0.5696091412824638, "over": 0.4298114400716803, "metrics": {"loss": 1.2341840267181396, "acc": 0.49494948983192444, "AUC": 0.4713294804096222, "number_of_bets_tested": 99}}, "ans": 0}, "2020020500.0": {"pred": {"under": 0.618256900483577, "over": 0.3815815475406501, "metrics": {"loss": 1.2341840267181396, "acc": 0.49494948983192444, "AUC": 0.4713294804096222, "number_of_bets_tested": 99}}, "ans": 0}, "2020020512.0": {"pred": {"under": 0.588958159022907, "over": 0.41063473864796335, "metrics": {"loss": 1.2341840267181396, "acc": 0.49494948983192444, "AUC": 0.4713294804096222, "number_of_bets_tested": 99}}, "ans": 0}, "2020020697.0": {"pred": {"under": 0.5336777569247529, "over": 0.46541686011945066, "metrics": {"loss": 1.2341840267181396, "acc": 0.49494948983192444, "AUC": 0.4713294804096222, "number_of_bets_tested": 99}}, "ans": 0}, "2020020710.0": {"pred": {"under": 0.5747127544962735, "over": 0.42475377973547507, "metrics": {"loss": 1.2341840267181396, "acc": 0.49494948983192444, "AUC": 0.4713294804096222, "number_of_bets_tested": 99}}, "ans": 0}, "2020020737.0": {"pred": {"under": 0.5960682324276113, "over": 0.4035863267958323, "metrics": {"loss": 1.2341840267181396, "acc": 0.49494948983192444, "AUC": 0.4713294804096222, "number_of_bets_tested": 99}}, "ans": 1}, "2020020759.0": {"pred": {"under": 0.5398763476041302, "over": 0.45927989334957975, "metrics": {"loss": 1.2341840267181396, "acc": 0.49494948983192444, "AUC": 0.4713294804096222, "number_of_bets_tested": 99}}, "ans": 1}, "2020020776.0": {"pred": {"under": 0.5319862434032537, "over": 0.46709577235565863, "metrics": {"loss": 1.2341840267181396, "acc": 0.49494948983192444, "AUC": 0.4713294804096222, "number_of_bets_tested": 99}}, "ans": 0}, "2020020792.0": {"pred": {"under": 0.5597768586299237, "over": 0.4395545851579207, "metrics": {"loss": 1.2341840267181396, "acc": 0.49494948983192444, "AUC": 0.4713294804096222, "number_of_bets_tested": 99}}, "ans": 0}, "2020020829.0": {"pred": {"under": 0.5564655447503927, "over": 0.44283577570200544, "metrics": {"loss": 1.2341840267181396, "acc": 0.49494948983192444, "AUC": 0.4713294804096222, "number_of_bets_tested": 99}}, "ans": 1}, "2020020844.0": {"pred": {"under": 0.5625247622949942, "over": 0.4368316522694806, "metrics": {"loss": 1.2341840267181396, "acc": 0.49494948983192444, "AUC": 0.4713294804096222, "number_of_bets_tested": 99}}, "ans": 0}, "2020020593.0": {"pred": {"under": 0.5469543707985073, "over": 0.4522603941286632, "metrics": {"loss": 1.2341840267181396, "acc": 0.49494948983192444, "AUC": 0.4713294804096222, "number_of_bets_tested": 99}}, "ans": 0}, "2020020864.0": {"pred": {"under": 0.6893526346709039, "over": 0.31096071173038253, "metrics": {"loss": 1.2341840267181396, "acc": 0.49494948983192444, "AUC": 0.4713294804096222, "number_of_bets_tested": 99}}, "ans": 0}, "2020020634.0": {"pred": {"under": 0.5671906363663961, "over": 0.43220808420668555, "metrics": {"loss": 1.2341840267181396, "acc": 0.49494948983192444, "AUC": 0.4713294804096222, "number_of_bets_tested": 99}}, "ans": 1}}