{"2020020721.0": {"pred": {"under": 0.8990922868513807, "over": 0.10082340132182745, "metrics": {"loss": 0.7298994064331055, "acc": 0.5520833134651184, "AUC": 0.6297743320465088, "number_of_bets_tested": 96}}, "ans": 1}, "2020030184.0": {"pred": {"under": 0.3635296883872878, "over": 0.6350940438256263, "metrics": {"loss": 0.7298994064331055, "acc": 0.5520833134651184, "AUC": 0.6297743320465088, "number_of_bets_tested": 96}}, "ans": 1}}