{"2020020459.0": {"pred": {"under": 0.46956844552804855, "over": 0.5299027519737431, "metrics": {"loss": 0.8449446558952332, "acc": 0.5714285969734192, "AUC": 0.5803728699684143, "number_of_bets_tested": 63}}, "ans": 1}, "2020020477.0": {"pred": {"under": 0.5903052743785394, "over": 0.41095648890226216, "metrics": {"loss": 0.8449446558952332, "acc": 0.5714285969734192, "AUC": 0.5803728699684143, "number_of_bets_tested": 63}}, "ans": 1}, "2020020151.0": {"pred": {"under": 0.1588140192312477, "over": 0.8408714465234386, "metrics": {"loss": 0.8449446558952332, "acc": 0.5714285969734192, "AUC": 0.5803728699684143, "number_of_bets_tested": 63}}, "ans": 0}, "2020020509.0": {"pred": {"under": 0.5389227544183967, "over": 0.4614874891541747, "metrics": {"loss": 0.8449446558952332, "acc": 0.5714285969734192, "AUC": 0.5803728699684143, "number_of_bets_tested": 63}}, "ans": 0}, "2020020532.0": {"pred": {"under": 0.6239307844118054, "over": 0.3773978098201748, "metrics": {"loss": 0.8449446558952332, "acc": 0.5714285969734192, "AUC": 0.5803728699684143, "number_of_bets_tested": 63}}, "ans": 1}, "2020020561.0": {"pred": {"under": 0.7299448814700221, "over": 0.2716046087154036, "metrics": {"loss": 0.8449446558952332, "acc": 0.5714285969734192, "AUC": 0.5803728699684143, "number_of_bets_tested": 63}}, "ans": 0}, "2020020549.0": {"pred": {"under": 0.5633658107455343, "over": 0.4373545968209503, "metrics": {"loss": 0.8449446558952332, "acc": 0.5714285969734192, "AUC": 0.5803728699684143, "number_of_bets_tested": 63}}, "ans": 0}, "2020020571.0": {"pred": {"under": 0.8155744773993141, "over": 0.18541397399387502, "metrics": {"loss": 0.8449446558952332, "acc": 0.5714285969734192, "AUC": 0.5803728699684143, "number_of_bets_tested": 63}}, "ans": 1}, "2020020613.0": {"pred": {"under": 0.4448862484247412, "over": 0.5542714967544378, "metrics": {"loss": 0.8449446558952332, "acc": 0.5714285969734192, "AUC": 0.5803728699684143, "number_of_bets_tested": 63}}, "ans": 0}, "2020020627.0": {"pred": {"under": 0.33707705959908163, "over": 0.6624439479679758, "metrics": {"loss": 0.8449446558952332, "acc": 0.5714285969734192, "AUC": 0.5803728699684143, "number_of_bets_tested": 63}}, "ans": 0}, "2020020494.0": {"pred": {"under": 0.3659968531108081, "over": 0.6339869062856408, "metrics": {"loss": 0.8449446558952332, "acc": 0.5714285969734192, "AUC": 0.5803728699684143, "number_of_bets_tested": 63}}, "ans": 0}, "2020020650.0": {"pred": {"under": 0.10772272656537943, "over": 0.892138361934035, "metrics": {"loss": 0.8449446558952332, "acc": 0.5714285969734192, "AUC": 0.5803728699684143, "number_of_bets_tested": 63}}, "ans": 1}, "2020020680.0": {"pred": {"under": 0.04233032365262086, "over": 0.9576549278569502, "metrics": {"loss": 0.8449446558952332, "acc": 0.5714285969734192, "AUC": 0.5803728699684143, "number_of_bets_tested": 63}}, "ans": 1}, "2020020690.0": {"pred": {"under": 0.6246096302711655, "over": 0.37672406448738827, "metrics": {"loss": 0.8449446558952332, "acc": 0.5714285969734192, "AUC": 0.5803728699684143, "number_of_bets_tested": 63}}, "ans": 0}, "2020020715.0": {"pred": {"under": 0.7164852955317288, "over": 0.2851009606896962, "metrics": {"loss": 0.8449446558952332, "acc": 0.5714285969734192, "AUC": 0.5803728699684143, "number_of_bets_tested": 63}}, "ans": 1}, "2020020166.0": {"pred": {"under": 0.8270978630848556, "over": 0.17378946424906885, "metrics": {"loss": 0.8449446558952332, "acc": 0.5714285969734192, "AUC": 0.5803728699684143, "number_of_bets_tested": 63}}, "ans": 0}, "2020020733.0": {"pred": {"under": 0.5762530934254765, "over": 0.4246188284116996, "metrics": {"loss": 0.8449446558952332, "acc": 0.5714285969734192, "AUC": 0.5803728699684143, "number_of_bets_tested": 63}}, "ans": 0}, "2020020757.0": {"pred": {"under": 0.5932469115349334, "over": 0.40631980381290156, "metrics": {"loss": 0.8449446558952332, "acc": 0.5714285969734192, "AUC": 0.5803728699684143, "number_of_bets_tested": 63}}, "ans": 0}, "2020020770.0": {"pred": {"under": 0.7732521617948698, "over": 0.22736888378807854, "metrics": {"loss": 0.8449446558952332, "acc": 0.5714285969734192, "AUC": 0.5803728699684143, "number_of_bets_tested": 63}}, "ans": 1}, "2020020785.0": {"pred": {"under": 0.7131890249994869, "over": 0.28840350953324984, "metrics": {"loss": 0.8449446558952332, "acc": 0.5714285969734192, "AUC": 0.5803728699684143, "number_of_bets_tested": 63}}, "ans": 1}, "2020020815.0": {"pred": {"under": 0.5322282070104676, "over": 0.46819156368860926, "metrics": {"loss": 0.8449446558952332, "acc": 0.5714285969734192, "AUC": 0.5803728699684143, "number_of_bets_tested": 63}}, "ans": 1}, "2020020826.0": {"pred": {"under": 0.534671743706114, "over": 0.4656822462830449, "metrics": {"loss": 0.8449446558952332, "acc": 0.5714285969734192, "AUC": 0.5803728699684143, "number_of_bets_tested": 63}}, "ans": 0}, "2020020842.0": {"pred": {"under": 0.7152311982634033, "over": 0.28533002391967827, "metrics": {"loss": 0.8449446558952332, "acc": 0.5714285969734192, "AUC": 0.5803728699684143, "number_of_bets_tested": 63}}, "ans": 1}, "2020030112.0": {"pred": {"under": 0.7277966700008589, "over": 0.27378730216470615, "metrics": {"loss": 0.8449446558952332, "acc": 0.5714285969734192, "AUC": 0.5803728699684143, "number_of_bets_tested": 63}}, "ans": 1}, "2020030113.0": {"pred": {"under": 0.9925260604584701, "over": 0.007474123513061606, "metrics": {"loss": 0.8449446558952332, "acc": 0.5714285969734192, "AUC": 0.5803728699684143, "number_of_bets_tested": 63}}, "ans": 0}, "2020030114.0": {"pred": {"under": 0.7446339482937225, "over": 0.2564900800459849, "metrics": {"loss": 0.8449446558952332, "acc": 0.5714285969734192, "AUC": 0.5803728699684143, "number_of_bets_tested": 63}}, "ans": 1}, "2020030115.0": {"pred": {"under": 0.6930202258376608, "over": 0.30835384044477077, "metrics": {"loss": 0.8449446558952332, "acc": 0.5714285969734192, "AUC": 0.5803728699684143, "number_of_bets_tested": 63}}, "ans": 1}}