{"2020020460.0": {"pred": {"under": 0.3687180527168412, "over": 0.6326800898492031, "metrics": {"loss": 0.8580817580223083, "acc": 0.5542168617248535, "AUC": 0.6381913423538208, "number_of_bets_tested": 83}}, "ans": 0}, "2020020473.0": {"pred": {"under": 0.00047188190022954104, "over": 0.9995281181451507, "metrics": {"loss": 0.8580817580223083, "acc": 0.5542168617248535, "AUC": 0.6381913423538208, "number_of_bets_tested": 83}}, "ans": 0}, "2020020488.0": {"pred": {"under": 0.353922998722096, "over": 0.6477882201573334, "metrics": {"loss": 0.8580817580223083, "acc": 0.5542168617248535, "AUC": 0.6381913423538208, "number_of_bets_tested": 83}}, "ans": 0}, "2020020506.0": {"pred": {"under": 0.050229837840108545, "over": 0.9498228084210912, "metrics": {"loss": 0.8580817580223083, "acc": 0.5542168617248535, "AUC": 0.6381913423538208, "number_of_bets_tested": 83}}, "ans": 0}, "2020020520.0": {"pred": {"under": 0.0021456122105992176, "over": 0.9978543925558101, "metrics": {"loss": 0.8580817580223083, "acc": 0.5542168617248535, "AUC": 0.6381913423538208, "number_of_bets_tested": 83}}, "ans": 0}, "2020020560.0": {"pred": {"under": 0.40995420161157553, "over": 0.5901250645510585, "metrics": {"loss": 0.8580817580223083, "acc": 0.5542168617248535, "AUC": 0.6381913423538208, "number_of_bets_tested": 83}}, "ans": 1}, "2020020575.0": {"pred": {"under": 0.1184509135549471, "over": 0.8818871738000195, "metrics": {"loss": 0.8580817580223083, "acc": 0.5542168617248535, "AUC": 0.6381913423538208, "number_of_bets_tested": 83}}, "ans": 1}, "2020020617.0": {"pred": {"under": 0.48033557356450196, "over": 0.5199245621351867, "metrics": {"loss": 0.8580817580223083, "acc": 0.5542168617248535, "AUC": 0.6381913423538208, "number_of_bets_tested": 83}}, "ans": 0}, "2020020631.0": {"pred": {"under": 0.48147798137094217, "over": 0.5186978446715409, "metrics": {"loss": 0.8580817580223083, "acc": 0.5542168617248535, "AUC": 0.6381913423538208, "number_of_bets_tested": 83}}, "ans": 0}, "2020020642.0": {"pred": {"under": 0.22287476030106979, "over": 0.7775708232474945, "metrics": {"loss": 0.8580817580223083, "acc": 0.5542168617248535, "AUC": 0.6381913423538208, "number_of_bets_tested": 83}}, "ans": 1}, "2020020657.0": {"pred": {"under": 0.48268946323958384, "over": 0.5173968871201206, "metrics": {"loss": 0.8580817580223083, "acc": 0.5542168617248535, "AUC": 0.6381913423538208, "number_of_bets_tested": 83}}, "ans": 1}, "2020020681.0": {"pred": {"under": 0.2027128807518242, "over": 0.7984817092965961, "metrics": {"loss": 0.8580817580223083, "acc": 0.5542168617248535, "AUC": 0.6381913423538208, "number_of_bets_tested": 83}}, "ans": 0}, "2020020695.0": {"pred": {"under": 0.48268946323958384, "over": 0.5173968871201206, "metrics": {"loss": 0.8580817580223083, "acc": 0.5542168617248535, "AUC": 0.6381913423538208, "number_of_bets_tested": 83}}, "ans": 0}, "2020020711.0": {"pred": {"under": 0.0466059381352442, "over": 0.9534171888585703, "metrics": {"loss": 0.8580817580223083, "acc": 0.5542168617248535, "AUC": 0.6381913423538208, "number_of_bets_tested": 83}}, "ans": 1}, "2020020722.0": {"pred": {"under": 0.11499149301969228, "over": 0.8853090053214042, "metrics": {"loss": 0.8580817580223083, "acc": 0.5542168617248535, "AUC": 0.6381913423538208, "number_of_bets_tested": 83}}, "ans": 1}}