{"2020020458.0": {"pred": {"under": 0.3468229599295163, "over": 0.6525204493662383, "metrics": {"loss": 2.433577537536621, "acc": 0.4237288236618042, "AUC": 0.43521973490715027, "number_of_bets_tested": 59}}, "ans": 1}, "2020020469.0": {"pred": {"under": 0.32275167635603585, "over": 0.6771392717757464, "metrics": {"loss": 2.433577537536621, "acc": 0.4237288236618042, "AUC": 0.43521973490715027, "number_of_bets_tested": 59}}, "ans": 1}, "2020020484.0": {"pred": {"under": 0.33497608701088577, "over": 0.6656019301494002, "metrics": {"loss": 2.433577537536621, "acc": 0.4237288236618042, "AUC": 0.43521973490715027, "number_of_bets_tested": 59}}, "ans": 1}, "2020020755.0": {"pred": {"under": 0.32275167635603585, "over": 0.6771392717757464, "metrics": {"loss": 2.433577537536621, "acc": 0.4237288236618042, "AUC": 0.43521973490715027, "number_of_bets_tested": 59}}, "ans": 1}, "2020020515.0": {"pred": {"under": 0.35418440293949466, "over": 0.6463272113033033, "metrics": {"loss": 2.433577537536621, "acc": 0.4237288236618042, "AUC": 0.43521973490715027, "number_of_bets_tested": 59}}, "ans": 0}, "2020020561.0": {"pred": {"under": 0.29443411098863487, "over": 0.7053085985974028, "metrics": {"loss": 2.433577537536621, "acc": 0.4237288236618042, "AUC": 0.43521973490715027, "number_of_bets_tested": 59}}, "ans": 1}, "2020020549.0": {"pred": {"under": 0.13864329660236574, "over": 0.8611948325105289, "metrics": {"loss": 2.433577537536621, "acc": 0.4237288236618042, "AUC": 0.43521973490715027, "number_of_bets_tested": 59}}, "ans": 0}, "2020020612.0": {"pred": {"under": 0.3339395349764135, "over": 0.6660123654237657, "metrics": {"loss": 2.433577537536621, "acc": 0.4237288236618042, "AUC": 0.43521973490715027, "number_of_bets_tested": 59}}, "ans": 1}, "2020020636.0": {"pred": {"under": 0.494469288622565, "over": 0.5058516129299125, "metrics": {"loss": 2.433577537536621, "acc": 0.4237288236618042, "AUC": 0.43521973490715027, "number_of_bets_tested": 59}}, "ans": 1}, "2020020665.0": {"pred": {"under": 0.3814224816023104, "over": 0.6186482765010777, "metrics": {"loss": 2.433577537536621, "acc": 0.4237288236618042, "AUC": 0.43521973490715027, "number_of_bets_tested": 59}}, "ans": 1}, "2020020703.0": {"pred": {"under": 0.24593644334283135, "over": 0.7536649596426923, "metrics": {"loss": 2.433577537536621, "acc": 0.4237288236618042, "AUC": 0.43521973490715027, "number_of_bets_tested": 59}}, "ans": 0}, "2020020447.0": {"pred": {"under": 0.32275167635603585, "over": 0.6771392717757464, "metrics": {"loss": 2.433577537536621, "acc": 0.4237288236618042, "AUC": 0.43521973490715027, "number_of_bets_tested": 59}}, "ans": 1}, "2020020784.0": {"pred": {"under": 0.27834661619054407, "over": 0.7213332472149342, "metrics": {"loss": 2.433577537536621, "acc": 0.4237288236618042, "AUC": 0.43521973490715027, "number_of_bets_tested": 59}}, "ans": 0}, "2020020812.0": {"pred": {"under": 0.33912827798126843, "over": 0.6608538498343348, "metrics": {"loss": 2.433577537536621, "acc": 0.4237288236618042, "AUC": 0.43521973490715027, "number_of_bets_tested": 59}}, "ans": 1}, "2020020824.0": {"pred": {"under": 0.32243733799355984, "over": 0.6774517113903253, "metrics": {"loss": 2.433577537536621, "acc": 0.4237288236618042, "AUC": 0.43521973490715027, "number_of_bets_tested": 59}}, "ans": 1}, "2020030112.0": {"pred": {"under": 0.3330120537234323, "over": 0.6674148126281306, "metrics": {"loss": 2.433577537536621, "acc": 0.4237288236618042, "AUC": 0.43521973490715027, "number_of_bets_tested": 59}}, "ans": 0}, "2020030114.0": {"pred": {"under": 0.11520172912232203, "over": 0.8848577926773846, "metrics": {"loss": 2.433577537536621, "acc": 0.4237288236618042, "AUC": 0.43521973490715027, "number_of_bets_tested": 59}}, "ans": 1}, "2020030115.0": {"pred": {"under": 0.32275167635603585, "over": 0.6771392717757464, "metrics": {"loss": 2.433577537536621, "acc": 0.4237288236618042, "AUC": 0.43521973490715027, "number_of_bets_tested": 59}}, "ans": 1}}