{"2020020687.0": {"pred": {"under": 0.3819709038223482, "over": 0.618558444193046, "metrics": {"loss": 1.7426458597183228, "acc": 0.48571428656578064, "AUC": 0.5175510048866272, "number_of_bets_tested": 35}}, "ans": 0}}