{"2020020470.0": {"pred": {"under": 0.3891043776662777, "over": 0.611911105179494, "metrics": {"loss": 1.1939157247543335, "acc": 0.632478654384613, "AUC": 0.6574257016181946, "number_of_bets_tested": 117}}, "ans": 1}, "2020020518.0": {"pred": {"under": 0.4688828830977042, "over": 0.5315769581039367, "metrics": {"loss": 1.1939157247543335, "acc": 0.632478654384613, "AUC": 0.6574257016181946, "number_of_bets_tested": 117}}, "ans": 1}}