{"2020020484.0": {"pred": {"under": 0.7025865320995323, "over": 0.2973812174678517, "metrics": {"loss": 2.4419326782226562, "acc": 0.7761194109916687, "AUC": 0.7575184106826782, "number_of_bets_tested": 67}}, "ans": 0}, "2020020812.0": {"pred": {"under": 0.7025865320995323, "over": 0.2973812174678517, "metrics": {"loss": 2.4419326782226562, "acc": 0.7761194109916687, "AUC": 0.7575184106826782, "number_of_bets_tested": 67}}, "ans": 0}}