{"2020020537.0": {"pred": {"under": 0.22319395093429814, "over": 0.7761533902514576, "metrics": {"loss": 1.2832554578781128, "acc": 0.5365853905677795, "AUC": 0.5838786363601685, "number_of_bets_tested": 41}}, "ans": 0}, "2020020582.0": {"pred": {"under": 0.1482993847506348, "over": 0.8516190265850526, "metrics": {"loss": 1.2832554578781128, "acc": 0.5365853905677795, "AUC": 0.5838786363601685, "number_of_bets_tested": 41}}, "ans": 1}, "2020020603.0": {"pred": {"under": 0.12879296081905534, "over": 0.8710458034556946, "metrics": {"loss": 1.2832554578781128, "acc": 0.5365853905677795, "AUC": 0.5838786363601685, "number_of_bets_tested": 41}}, "ans": 1}, "2020020671.0": {"pred": {"under": 0.5745631647994366, "over": 0.42403944653983244, "metrics": {"loss": 1.2832554578781128, "acc": 0.5365853905677795, "AUC": 0.5838786363601685, "number_of_bets_tested": 41}}, "ans": 0}, "2020020789.0": {"pred": {"under": 0.5745631647994366, "over": 0.42403944653983244, "metrics": {"loss": 1.2832554578781128, "acc": 0.5365853905677795, "AUC": 0.5838786363601685, "number_of_bets_tested": 41}}, "ans": 0}}