{"2020020484.0": {"pred": {"under": 0.4193381302213386, "over": 0.5817257399651783, "metrics": {"loss": 1.3154441118240356, "acc": 0.45588234066963196, "AUC": 0.522599458694458, "number_of_bets_tested": 68}}, "ans": 0}, "2020020504.0": {"pred": {"under": 0.5372236095877497, "over": 0.46257369103670015, "metrics": {"loss": 1.3154441118240356, "acc": 0.45588234066963196, "AUC": 0.522599458694458, "number_of_bets_tested": 68}}, "ans": 1}, "2020020516.0": {"pred": {"under": 0.046366156861115226, "over": 0.9535807733040025, "metrics": {"loss": 1.3154441118240356, "acc": 0.45588234066963196, "AUC": 0.522599458694458, "number_of_bets_tested": 68}}, "ans": 1}, "2020020548.0": {"pred": {"under": 0.011402244179468416, "over": 0.9885978664151976, "metrics": {"loss": 1.3154441118240356, "acc": 0.45588234066963196, "AUC": 0.522599458694458, "number_of_bets_tested": 68}}, "ans": 0}, "2020020557.0": {"pred": {"under": 0.28215110729900317, "over": 0.7179515489386712, "metrics": {"loss": 1.3154441118240356, "acc": 0.45588234066963196, "AUC": 0.522599458694458, "number_of_bets_tested": 68}}, "ans": 1}, "2020020390.0": {"pred": {"under": 0.6427492918586243, "over": 0.35735464614279117, "metrics": {"loss": 1.3154441118240356, "acc": 0.45588234066963196, "AUC": 0.522599458694458, "number_of_bets_tested": 68}}, "ans": 1}, "2020020626.0": {"pred": {"under": 0.40434138428060656, "over": 0.5966365592524074, "metrics": {"loss": 1.3154441118240356, "acc": 0.45588234066963196, "AUC": 0.522599458694458, "number_of_bets_tested": 68}}, "ans": 1}, "2020020202.0": {"pred": {"under": 0.7987810619382845, "over": 0.20129191037235103, "metrics": {"loss": 1.3154441118240356, "acc": 0.45588234066963196, "AUC": 0.522599458694458, "number_of_bets_tested": 68}}, "ans": 1}, "2020020680.0": {"pred": {"under": 0.46550915458946523, "over": 0.535638501124782, "metrics": {"loss": 1.3154441118240356, "acc": 0.45588234066963196, "AUC": 0.522599458694458, "number_of_bets_tested": 68}}, "ans": 1}, "2020020692.0": {"pred": {"under": 0.7829774549252299, "over": 0.21773252211599314, "metrics": {"loss": 1.3154441118240356, "acc": 0.45588234066963196, "AUC": 0.522599458694458, "number_of_bets_tested": 68}}, "ans": 0}, "2020020703.0": {"pred": {"under": 0.3361874849144657, "over": 0.6637182525141242, "metrics": {"loss": 1.3154441118240356, "acc": 0.45588234066963196, "AUC": 0.522599458694458, "number_of_bets_tested": 68}}, "ans": 0}, "2020020254.0": {"pred": {"under": 0.3099624834203739, "over": 0.6878358234238255, "metrics": {"loss": 1.3154441118240356, "acc": 0.45588234066963196, "AUC": 0.522599458694458, "number_of_bets_tested": 68}}, "ans": 0}, "2020020739.0": {"pred": {"under": 0.3273948990011389, "over": 0.6720562394345596, "metrics": {"loss": 1.3154441118240356, "acc": 0.45588234066963196, "AUC": 0.522599458694458, "number_of_bets_tested": 68}}, "ans": 1}, "2020020216.0": {"pred": {"under": 0.3853451600509691, "over": 0.6147161580931472, "metrics": {"loss": 1.3154441118240356, "acc": 0.45588234066963196, "AUC": 0.522599458694458, "number_of_bets_tested": 68}}, "ans": 1}, "2020020716.0": {"pred": {"under": 0.5292232310569436, "over": 0.47263145152026376, "metrics": {"loss": 1.3154441118240356, "acc": 0.45588234066963196, "AUC": 0.522599458694458, "number_of_bets_tested": 68}}, "ans": 0}, "2020020783.0": {"pred": {"under": 0.3930037256758878, "over": 0.6075262383779311, "metrics": {"loss": 1.3154441118240356, "acc": 0.45588234066963196, "AUC": 0.522599458694458, "number_of_bets_tested": 68}}, "ans": 1}, "2020020815.0": {"pred": {"under": 0.42380493960707877, "over": 0.5777805629691162, "metrics": {"loss": 1.3154441118240356, "acc": 0.45588234066963196, "AUC": 0.522599458694458, "number_of_bets_tested": 68}}, "ans": 1}, "2020020826.0": {"pred": {"under": 0.6625717630236952, "over": 0.3395367853918396, "metrics": {"loss": 1.3154441118240356, "acc": 0.45588234066963196, "AUC": 0.522599458694458, "number_of_bets_tested": 68}}, "ans": 1}}