{"2020020755.0": {"pred": {"under": 0.29103763957068673, "over": 0.7089863699752298, "metrics": {"loss": 2.5202929973602295, "acc": 0.3731343150138855, "AUC": 0.3119848668575287, "number_of_bets_tested": 67}}, "ans": 1}, "2020020515.0": {"pred": {"under": 0.29103763957068673, "over": 0.7089863699752298, "metrics": {"loss": 2.5202929973602295, "acc": 0.3731343150138855, "AUC": 0.3119848668575287, "number_of_bets_tested": 67}}, "ans": 0}, "2020020549.0": {"pred": {"under": 0.29103763957068673, "over": 0.7089863699752298, "metrics": {"loss": 2.5202929973602295, "acc": 0.3731343150138855, "AUC": 0.3119848668575287, "number_of_bets_tested": 67}}, "ans": 0}, "2020020573.0": {"pred": {"under": 0.29103763957068673, "over": 0.7089863699752298, "metrics": {"loss": 2.5202929973602295, "acc": 0.3731343150138855, "AUC": 0.3119848668575287, "number_of_bets_tested": 67}}, "ans": 0}, "2020020612.0": {"pred": {"under": 0.02433987965868744, "over": 0.9756584219464834, "metrics": {"loss": 2.5202929973602295, "acc": 0.3731343150138855, "AUC": 0.3119848668575287, "number_of_bets_tested": 67}}, "ans": 1}, "2020020665.0": {"pred": {"under": 0.29103763957068673, "over": 0.7089863699752298, "metrics": {"loss": 2.5202929973602295, "acc": 0.3731343150138855, "AUC": 0.3119848668575287, "number_of_bets_tested": 67}}, "ans": 0}, "2020020685.0": {"pred": {"under": 0.29103763957068673, "over": 0.7089863699752298, "metrics": {"loss": 2.5202929973602295, "acc": 0.3731343150138855, "AUC": 0.3119848668575287, "number_of_bets_tested": 67}}, "ans": 1}, "2020020703.0": {"pred": {"under": 0.29103763957068673, "over": 0.7089863699752298, "metrics": {"loss": 2.5202929973602295, "acc": 0.3731343150138855, "AUC": 0.3119848668575287, "number_of_bets_tested": 67}}, "ans": 0}, "2020030112.0": {"pred": {"under": 0.29103763957068673, "over": 0.7089863699752298, "metrics": {"loss": 2.5202929973602295, "acc": 0.3731343150138855, "AUC": 0.3119848668575287, "number_of_bets_tested": 67}}, "ans": 1}, "2020030113.0": {"pred": {"under": 0.29103763957068673, "over": 0.7089863699752298, "metrics": {"loss": 2.5202929973602295, "acc": 0.3731343150138855, "AUC": 0.3119848668575287, "number_of_bets_tested": 67}}, "ans": 1}, "2020030114.0": {"pred": {"under": 0.08829400951516919, "over": 0.9116735116856609, "metrics": {"loss": 2.5202929973602295, "acc": 0.3731343150138855, "AUC": 0.3119848668575287, "number_of_bets_tested": 67}}, "ans": 1}, "2020030115.0": {"pred": {"under": 0.29103763957068673, "over": 0.7089863699752298, "metrics": {"loss": 2.5202929973602295, "acc": 0.3731343150138855, "AUC": 0.3119848668575287, "number_of_bets_tested": 67}}, "ans": 1}}