{"2020020490.0": {"pred": {"under": 0.8277994664615139, "over": 0.17198437189574087, "metrics": {"loss": 1.0241084098815918, "acc": 0.4878048896789551, "AUC": 0.4574658274650574, "number_of_bets_tested": 41}}, "ans": 1}}