{"2020020584.0": {"pred": {"under": 0.0172980905281257, "over": 0.9826972526532803, "metrics": {"loss": 0.8513654470443726, "acc": 0.5, "AUC": 0.49744895100593567, "number_of_bets_tested": 14}}, "ans": 1}, "2020020241.0": {"pred": {"under": 0.009040761339662732, "over": 0.9909589923492342, "metrics": {"loss": 0.8513654470443726, "acc": 0.5, "AUC": 0.49744895100593567, "number_of_bets_tested": 14}}, "ans": 1}, "2020020781.0": {"pred": {"under": 0.011009724728654652, "over": 0.9889895821713683, "metrics": {"loss": 0.8513654470443726, "acc": 0.5, "AUC": 0.49744895100593567, "number_of_bets_tested": 14}}, "ans": 1}}