{"2020020632.0": {"pred": {"under": 2.627767645751436e-06, "over": 0.9999973722323543, "metrics": {"loss": 1.3452479839324951, "acc": 0.550000011920929, "AUC": 0.5590624809265137, "number_of_bets_tested": 40}}, "ans": 1}, "2020020643.0": {"pred": {"under": 0.030266030198320384, "over": 0.9697392027719055, "metrics": {"loss": 1.3452479839324951, "acc": 0.550000011920929, "AUC": 0.5590624809265137, "number_of_bets_tested": 40}}, "ans": 0}, "2020020658.0": {"pred": {"under": 0.004910154683112956, "over": 0.9950898819826274, "metrics": {"loss": 1.3452479839324951, "acc": 0.550000011920929, "AUC": 0.5590624809265137, "number_of_bets_tested": 40}}, "ans": 0}, "2020020681.0": {"pred": {"under": 0.00433229891732561, "over": 0.9956677125635389, "metrics": {"loss": 1.3452479839324951, "acc": 0.550000011920929, "AUC": 0.5590624809265137, "number_of_bets_tested": 40}}, "ans": 0}, "2020020695.0": {"pred": {"under": 0.035316687043488205, "over": 0.9646943154662703, "metrics": {"loss": 1.3452479839324951, "acc": 0.550000011920929, "AUC": 0.5590624809265137, "number_of_bets_tested": 40}}, "ans": 0}}