{"2020020492.0": {"pred": {"under": 0.541167220021775, "over": 0.4591098260506921, "metrics": {"loss": 24.410221099853516, "acc": 0.5882353186607361, "AUC": 0.5882353186607361, "number_of_bets_tested": 34}}, "ans": 0}, "2020020209.0": {"pred": {"under": 0.5286302215103116, "over": 0.47163865015171924, "metrics": {"loss": 24.410221099853516, "acc": 0.5882353186607361, "AUC": 0.5882353186607361, "number_of_bets_tested": 34}}, "ans": 0}, "2020020723.0": {"pred": {"under": 0.5282332971902769, "over": 0.4720352906016926, "metrics": {"loss": 24.410221099853516, "acc": 0.5882353186607361, "AUC": 0.5882353186607361, "number_of_bets_tested": 34}}, "ans": 0}, "2020020623.0": {"pred": {"under": 0.5955836772575179, "over": 0.40492439755143483, "metrics": {"loss": 24.410221099853516, "acc": 0.5882353186607361, "AUC": 0.5882353186607361, "number_of_bets_tested": 34}}, "ans": 0}, "2020020225.0": {"pred": {"under": 0.46592221304212034, "over": 0.5342902872901615, "metrics": {"loss": 24.410221099853516, "acc": 0.5882353186607361, "AUC": 0.5882353186607361, "number_of_bets_tested": 34}}, "ans": 1}, "2020020182.0": {"pred": {"under": 0.466272753653794, "over": 0.5339401193993777, "metrics": {"loss": 24.410221099853516, "acc": 0.5882353186607361, "AUC": 0.5882353186607361, "number_of_bets_tested": 34}}, "ans": 0}, "2020020779.0": {"pred": {"under": 0.4400651481968511, "over": 0.5601188591432759, "metrics": {"loss": 24.410221099853516, "acc": 0.5882353186607361, "AUC": 0.5882353186607361, "number_of_bets_tested": 34}}, "ans": 1}, "2020020852.0": {"pred": {"under": 0.5955836772575179, "over": 0.40492439755143483, "metrics": {"loss": 24.410221099853516, "acc": 0.5882353186607361, "AUC": 0.5882353186607361, "number_of_bets_tested": 34}}, "ans": 0}, "2020030154.0": {"pred": {"under": 0.5902647373787785, "over": 0.4100315076548597, "metrics": {"loss": 24.410221099853516, "acc": 0.5882353186607361, "AUC": 0.5882353186607361, "number_of_bets_tested": 34}}, "ans": 0}}