{"2020020488.0": {"pred": {"under": 0.34239416641293446, "over": 0.659146857562062, "metrics": {"loss": 1.6399649381637573, "acc": 0.40740740299224854, "AUC": 0.4485597014427185, "number_of_bets_tested": 27}}, "ans": 0}, "2020020258.0": {"pred": {"under": 0.49836309191458494, "over": 0.5029202721337163, "metrics": {"loss": 1.6399649381637573, "acc": 0.40740740299224854, "AUC": 0.4485597014427185, "number_of_bets_tested": 27}}, "ans": 0}, "2020020522.0": {"pred": {"under": 0.3349932385469098, "over": 0.6665911171787677, "metrics": {"loss": 1.6399649381637573, "acc": 0.40740740299224854, "AUC": 0.4485597014427185, "number_of_bets_tested": 27}}, "ans": 0}, "2020020538.0": {"pred": {"under": 0.40282044654425003, "over": 0.5982763164608549, "metrics": {"loss": 1.6399649381637573, "acc": 0.40740740299224854, "AUC": 0.4485597014427185, "number_of_bets_tested": 27}}, "ans": 1}, "2020020547.0": {"pred": {"under": 0.26884476869826024, "over": 0.7328457338452357, "metrics": {"loss": 1.6399649381637573, "acc": 0.40740740299224854, "AUC": 0.4485597014427185, "number_of_bets_tested": 27}}, "ans": 1}, "2020020563.0": {"pred": {"under": 0.398015103262829, "over": 0.6042344920287414, "metrics": {"loss": 1.6399649381637573, "acc": 0.40740740299224854, "AUC": 0.4485597014427185, "number_of_bets_tested": 27}}, "ans": 1}, "2020020577.0": {"pred": {"under": 0.3948953252873618, "over": 0.6061886110589721, "metrics": {"loss": 1.6399649381637573, "acc": 0.40740740299224854, "AUC": 0.4485597014427185, "number_of_bets_tested": 27}}, "ans": 1}, "2020020598.0": {"pred": {"under": 0.5227140845346251, "over": 0.47853987531047415, "metrics": {"loss": 1.6399649381637573, "acc": 0.40740740299224854, "AUC": 0.4485597014427185, "number_of_bets_tested": 27}}, "ans": 0}, "2020020618.0": {"pred": {"under": 0.4157388494265839, "over": 0.5870993228048658, "metrics": {"loss": 1.6399649381637573, "acc": 0.40740740299224854, "AUC": 0.4485597014427185, "number_of_bets_tested": 27}}, "ans": 1}, "2020020632.0": {"pred": {"under": 0.5445273721385386, "over": 0.4618150382905277, "metrics": {"loss": 1.6399649381637573, "acc": 0.40740740299224854, "AUC": 0.4485597014427185, "number_of_bets_tested": 27}}, "ans": 0}, "2020020683.0": {"pred": {"under": 0.3155168611785053, "over": 0.6861518387902945, "metrics": {"loss": 1.6399649381637573, "acc": 0.40740740299224854, "AUC": 0.4485597014427185, "number_of_bets_tested": 27}}, "ans": 1}, "2020020734.0": {"pred": {"under": 0.587151137922558, "over": 0.41284266582345874, "metrics": {"loss": 1.6399649381637573, "acc": 0.40740740299224854, "AUC": 0.4485597014427185, "number_of_bets_tested": 27}}, "ans": 1}, "2020020774.0": {"pred": {"under": 0.5365295569430848, "over": 0.46446116992182923, "metrics": {"loss": 1.6399649381637573, "acc": 0.40740740299224854, "AUC": 0.4485597014427185, "number_of_bets_tested": 27}}, "ans": 1}, "2020020347.0": {"pred": {"under": 0.5879120011038407, "over": 0.41177186204186744, "metrics": {"loss": 1.6399649381637573, "acc": 0.40740740299224854, "AUC": 0.4485597014427185, "number_of_bets_tested": 27}}, "ans": 0}}