{"2020020649.0": {"pred": {"under": 0.6520986349039725, "over": 0.3474157024046581, "metrics": {"loss": 0.6247017979621887, "acc": 0.6666666865348816, "AUC": 0.7422221899032593, "number_of_bets_tested": 15}}, "ans": 0}, "2020020664.0": {"pred": {"under": 0.6795701517976365, "over": 0.3202802636382415, "metrics": {"loss": 0.6247017979621887, "acc": 0.6666666865348816, "AUC": 0.7422221899032593, "number_of_bets_tested": 15}}, "ans": 0}, "2020020675.0": {"pred": {"under": 0.7070369855230594, "over": 0.2930841829740242, "metrics": {"loss": 0.6247017979621887, "acc": 0.6666666865348816, "AUC": 0.7422221899032593, "number_of_bets_tested": 15}}, "ans": 0}}