{"2020020463.0": {"pred": {"under": 0.5491038844635099, "over": 0.44945573272675826, "metrics": {"loss": 1.235745906829834, "acc": 0.6304348111152649, "AUC": 0.6235822439193726, "number_of_bets_tested": 46}}, "ans": 0}, "2020020499.0": {"pred": {"under": 0.09300552815807114, "over": 0.9073082939913977, "metrics": {"loss": 1.235745906829834, "acc": 0.6304348111152649, "AUC": 0.6235822439193726, "number_of_bets_tested": 46}}, "ans": 0}, "2020020511.0": {"pred": {"under": 0.11478559868694772, "over": 0.8856346995142867, "metrics": {"loss": 1.235745906829834, "acc": 0.6304348111152649, "AUC": 0.6235822439193726, "number_of_bets_tested": 46}}, "ans": 0}, "2020020521.0": {"pred": {"under": 0.2224544912618382, "over": 0.7790451059637591, "metrics": {"loss": 1.235745906829834, "acc": 0.6304348111152649, "AUC": 0.6235822439193726, "number_of_bets_tested": 46}}, "ans": 0}, "2020020578.0": {"pred": {"under": 0.7131780984735215, "over": 0.28583588968999946, "metrics": {"loss": 1.235745906829834, "acc": 0.6304348111152649, "AUC": 0.6235822439193726, "number_of_bets_tested": 46}}, "ans": 1}, "2020020848.0": {"pred": {"under": 0.890756001379843, "over": 0.10910274404047628, "metrics": {"loss": 1.235745906829834, "acc": 0.6304348111152649, "AUC": 0.6235822439193726, "number_of_bets_tested": 46}}, "ans": 0}, "2020020621.0": {"pred": {"under": 0.31897296168704314, "over": 0.6835837630287577, "metrics": {"loss": 1.235745906829834, "acc": 0.6304348111152649, "AUC": 0.6235822439193726, "number_of_bets_tested": 46}}, "ans": 1}, "2020020638.0": {"pred": {"under": 0.2262483012595497, "over": 0.7733803835957391, "metrics": {"loss": 1.235745906829834, "acc": 0.6304348111152649, "AUC": 0.6235822439193726, "number_of_bets_tested": 46}}, "ans": 1}, "2020020646.0": {"pred": {"under": 0.6064798634303924, "over": 0.3925704751378584, "metrics": {"loss": 1.235745906829834, "acc": 0.6304348111152649, "AUC": 0.6235822439193726, "number_of_bets_tested": 46}}, "ans": 1}, "2020020661.0": {"pred": {"under": 0.2816675855750523, "over": 0.7175099977107523, "metrics": {"loss": 1.235745906829834, "acc": 0.6304348111152649, "AUC": 0.6235822439193726, "number_of_bets_tested": 46}}, "ans": 0}, "2020020672.0": {"pred": {"under": 0.8479425815498571, "over": 0.1517381075353503, "metrics": {"loss": 1.235745906829834, "acc": 0.6304348111152649, "AUC": 0.6235822439193726, "number_of_bets_tested": 46}}, "ans": 0}, "2020020546.0": {"pred": {"under": 0.34011520611119544, "over": 0.6601747722058501, "metrics": {"loss": 1.235745906829834, "acc": 0.6304348111152649, "AUC": 0.6235822439193726, "number_of_bets_tested": 46}}, "ans": 0}, "2020020708.0": {"pred": {"under": 0.02173673486654819, "over": 0.9782679576758406, "metrics": {"loss": 1.235745906829834, "acc": 0.6304348111152649, "AUC": 0.6235822439193726, "number_of_bets_tested": 46}}, "ans": 0}, "2020020737.0": {"pred": {"under": 0.09462648248624873, "over": 0.9056076995162771, "metrics": {"loss": 1.235745906829834, "acc": 0.6304348111152649, "AUC": 0.6235822439193726, "number_of_bets_tested": 46}}, "ans": 1}, "2020020759.0": {"pred": {"under": 0.31528481143088893, "over": 0.6883912279959561, "metrics": {"loss": 1.235745906829834, "acc": 0.6304348111152649, "AUC": 0.6235822439193726, "number_of_bets_tested": 46}}, "ans": 1}, "2020020776.0": {"pred": {"under": 0.08175196919389018, "over": 0.9184313086327149, "metrics": {"loss": 1.235745906829834, "acc": 0.6304348111152649, "AUC": 0.6235822439193726, "number_of_bets_tested": 46}}, "ans": 1}, "2020020820.0": {"pred": {"under": 0.14776744338777062, "over": 0.8532889766973477, "metrics": {"loss": 1.235745906829834, "acc": 0.6304348111152649, "AUC": 0.6235822439193726, "number_of_bets_tested": 46}}, "ans": 0}}