{"2020020823.0": {"pred": {"under": 0.10741554836748866, "over": 0.8927407324343908, "metrics": {"loss": 1.8079780340194702, "acc": 0.7105262875556946, "AUC": 0.7226454019546509, "number_of_bets_tested": 38}}, "ans": 1}, "2020020837.0": {"pred": {"under": 0.11064892154461958, "over": 0.8896267106633055, "metrics": {"loss": 1.8079780340194702, "acc": 0.7105262875556946, "AUC": 0.7226454019546509, "number_of_bets_tested": 38}}, "ans": 0}, "2020020688.0": {"pred": {"under": 0.0011995708712747826, "over": 0.9988004288473863, "metrics": {"loss": 1.8079780340194702, "acc": 0.7105262875556946, "AUC": 0.7226454019546509, "number_of_bets_tested": 38}}, "ans": 1}, "2020030151.0": {"pred": {"under": 0.07526477654624665, "over": 0.9246530667656524, "metrics": {"loss": 1.8079780340194702, "acc": 0.7105262875556946, "AUC": 0.7226454019546509, "number_of_bets_tested": 38}}, "ans": 1}, "2020030152.0": {"pred": {"under": 0.14786148636846083, "over": 0.8518028721976635, "metrics": {"loss": 1.8079780340194702, "acc": 0.7105262875556946, "AUC": 0.7226454019546509, "number_of_bets_tested": 38}}, "ans": 1}, "2020030153.0": {"pred": {"under": 0.18374902828516282, "over": 0.8161162170324835, "metrics": {"loss": 1.8079780340194702, "acc": 0.7105262875556946, "AUC": 0.7226454019546509, "number_of_bets_tested": 38}}, "ans": 0}, "2020030154.0": {"pred": {"under": 0.0639811489268909, "over": 0.9359627096913504, "metrics": {"loss": 1.8079780340194702, "acc": 0.7105262875556946, "AUC": 0.7226454019546509, "number_of_bets_tested": 38}}, "ans": 1}}