{"2020020457.0": {"pred": {"under": 0.9998638128586361, "over": 0.0001361871400153213, "metrics": {"loss": 0.9017185568809509, "acc": 0.7647058963775635, "AUC": 0.762975811958313, "number_of_bets_tested": 17}}, "ans": 1}, "2020020509.0": {"pred": {"under": 0.996520093343899, "over": 0.0034798904061992364, "metrics": {"loss": 0.9017185568809509, "acc": 0.7647058963775635, "AUC": 0.762975811958313, "number_of_bets_tested": 17}}, "ans": 0}, "2020020532.0": {"pred": {"under": 0.9963075809845414, "over": 0.00369240216386164, "metrics": {"loss": 0.9017185568809509, "acc": 0.7647058963775635, "AUC": 0.762975811958313, "number_of_bets_tested": 17}}, "ans": 1}, "2020020548.0": {"pred": {"under": 0.9705210754175049, "over": 0.029471548556667785, "metrics": {"loss": 0.9017185568809509, "acc": 0.7647058963775635, "AUC": 0.762975811958313, "number_of_bets_tested": 17}}, "ans": 1}, "2020020557.0": {"pred": {"under": 0.9936068226169185, "over": 0.006393069398460019, "metrics": {"loss": 0.9017185568809509, "acc": 0.7647058963775635, "AUC": 0.762975811958313, "number_of_bets_tested": 17}}, "ans": 0}, "2020020572.0": {"pred": {"under": 0.36481575163459146, "over": 0.643227338391646, "metrics": {"loss": 0.9017185568809509, "acc": 0.7647058963775635, "AUC": 0.762975811958313, "number_of_bets_tested": 17}}, "ans": 1}, "2020020611.0": {"pred": {"under": 0.7912111545973918, "over": 0.2098192100414083, "metrics": {"loss": 0.9017185568809509, "acc": 0.7647058963775635, "AUC": 0.762975811958313, "number_of_bets_tested": 17}}, "ans": 0}, "2020020625.0": {"pred": {"under": 0.5654373501099162, "over": 0.4330252709897113, "metrics": {"loss": 0.9017185568809509, "acc": 0.7647058963775635, "AUC": 0.762975811958313, "number_of_bets_tested": 17}}, "ans": 1}, "2020020229.0": {"pred": {"under": 0.7239776122956155, "over": 0.27515493246880146, "metrics": {"loss": 0.9017185568809509, "acc": 0.7647058963775635, "AUC": 0.762975811958313, "number_of_bets_tested": 17}}, "ans": 0}, "2020020195.0": {"pred": {"under": 0.622025401789687, "over": 0.37690017857758645, "metrics": {"loss": 0.9017185568809509, "acc": 0.7647058963775635, "AUC": 0.762975811958313, "number_of_bets_tested": 17}}, "ans": 0}, "2020020677.0": {"pred": {"under": 0.9194697594817938, "over": 0.08041059234841863, "metrics": {"loss": 0.9017185568809509, "acc": 0.7647058963775635, "AUC": 0.762975811958313, "number_of_bets_tested": 17}}, "ans": 1}, "2020020690.0": {"pred": {"under": 0.5467881028966407, "over": 0.4544099347333194, "metrics": {"loss": 0.9017185568809509, "acc": 0.7647058963775635, "AUC": 0.762975811958313, "number_of_bets_tested": 17}}, "ans": 1}, "2020020715.0": {"pred": {"under": 0.6773733887925272, "over": 0.32117112765884936, "metrics": {"loss": 0.9017185568809509, "acc": 0.7647058963775635, "AUC": 0.762975811958313, "number_of_bets_tested": 17}}, "ans": 0}, "2020020483.0": {"pred": {"under": 0.3819290909478663, "over": 0.617729923670682, "metrics": {"loss": 0.9017185568809509, "acc": 0.7647058963775635, "AUC": 0.762975811958313, "number_of_bets_tested": 17}}, "ans": 0}, "2020020729.0": {"pred": {"under": 0.9015243251159467, "over": 0.09795932691972853, "metrics": {"loss": 0.9017185568809509, "acc": 0.7647058963775635, "AUC": 0.762975811958313, "number_of_bets_tested": 17}}, "ans": 0}, "2020020738.0": {"pred": {"under": 0.9676190665881387, "over": 0.032361813062772644, "metrics": {"loss": 0.9017185568809509, "acc": 0.7647058963775635, "AUC": 0.762975811958313, "number_of_bets_tested": 17}}, "ans": 0}, "2020020754.0": {"pred": {"under": 0.24774226397534238, "over": 0.7533009842788729, "metrics": {"loss": 0.9017185568809509, "acc": 0.7647058963775635, "AUC": 0.762975811958313, "number_of_bets_tested": 17}}, "ans": 1}, "2020020768.0": {"pred": {"under": 0.4210312633286803, "over": 0.5781707576959375, "metrics": {"loss": 0.9017185568809509, "acc": 0.7647058963775635, "AUC": 0.762975811958313, "number_of_bets_tested": 17}}, "ans": 1}, "2020020782.0": {"pred": {"under": 0.37645399862029527, "over": 0.6208220485631388, "metrics": {"loss": 0.9017185568809509, "acc": 0.7647058963775635, "AUC": 0.762975811958313, "number_of_bets_tested": 17}}, "ans": 0}, "2020020812.0": {"pred": {"under": 0.9996434588734779, "over": 0.0003565411025363718, "metrics": {"loss": 0.9017185568809509, "acc": 0.7647058963775635, "AUC": 0.762975811958313, "number_of_bets_tested": 17}}, "ans": 1}, "2020020824.0": {"pred": {"under": 0.8264597772636648, "over": 0.17342713911836127, "metrics": {"loss": 0.9017185568809509, "acc": 0.7647058963775635, "AUC": 0.762975811958313, "number_of_bets_tested": 17}}, "ans": 1}, "2020020842.0": {"pred": {"under": 0.9655231269512599, "over": 0.03448914181482206, "metrics": {"loss": 0.9017185568809509, "acc": 0.7647058963775635, "AUC": 0.762975811958313, "number_of_bets_tested": 17}}, "ans": 0}}