{"2020020628.0": {"pred": {"under": 0.06964355734020868, "over": 0.9303801531210069, "metrics": {"loss": 2.212853193283081, "acc": 0.7090908885002136, "AUC": 0.669090986251831, "number_of_bets_tested": 55}}, "ans": 1}, "2020020714.0": {"pred": {"under": 0.20797197089574146, "over": 0.792069044264409, "metrics": {"loss": 2.212853193283081, "acc": 0.7090908885002136, "AUC": 0.669090986251831, "number_of_bets_tested": 55}}, "ans": 0}, "2020020665.0": {"pred": {"under": 0.01172426024342384, "over": 0.98827571904479, "metrics": {"loss": 2.212853193283081, "acc": 0.7090908885002136, "AUC": 0.669090986251831, "number_of_bets_tested": 55}}, "ans": 1}, "2020020685.0": {"pred": {"under": 0.5079249505145453, "over": 0.49213880457851644, "metrics": {"loss": 2.212853193283081, "acc": 0.7090908885002136, "AUC": 0.669090986251831, "number_of_bets_tested": 55}}, "ans": 0}, "2020020701.0": {"pred": {"under": 0.08459818272271694, "over": 0.915400038799239, "metrics": {"loss": 2.212853193283081, "acc": 0.7090908885002136, "AUC": 0.669090986251831, "number_of_bets_tested": 55}}, "ans": 1}, "2020020483.0": {"pred": {"under": 0.0004525076286215681, "over": 0.9995474922908414, "metrics": {"loss": 2.212853193283081, "acc": 0.7090908885002136, "AUC": 0.669090986251831, "number_of_bets_tested": 55}}, "ans": 1}, "2020020729.0": {"pred": {"under": 0.5608259207998431, "over": 0.4398905453310541, "metrics": {"loss": 2.212853193283081, "acc": 0.7090908885002136, "AUC": 0.669090986251831, "number_of_bets_tested": 55}}, "ans": 0}, "2020020738.0": {"pred": {"under": 0.07191484110750365, "over": 0.9281512819581484, "metrics": {"loss": 2.212853193283081, "acc": 0.7090908885002136, "AUC": 0.669090986251831, "number_of_bets_tested": 55}}, "ans": 1}, "2020020757.0": {"pred": {"under": 0.2587731141167773, "over": 0.7418913429078836, "metrics": {"loss": 2.212853193283081, "acc": 0.7090908885002136, "AUC": 0.669090986251831, "number_of_bets_tested": 55}}, "ans": 1}, "2020020825.0": {"pred": {"under": 0.8599008687793442, "over": 0.14000925020397997, "metrics": {"loss": 2.212853193283081, "acc": 0.7090908885002136, "AUC": 0.669090986251831, "number_of_bets_tested": 55}}, "ans": 0}, "2020020838.0": {"pred": {"under": 0.02760185052509994, "over": 0.9723983321712701, "metrics": {"loss": 2.212853193283081, "acc": 0.7090908885002136, "AUC": 0.669090986251831, "number_of_bets_tested": 55}}, "ans": 1}, "2020030122.0": {"pred": {"under": 0.5321970960477357, "over": 0.46905937212756854, "metrics": {"loss": 2.212853193283081, "acc": 0.7090908885002136, "AUC": 0.669090986251831, "number_of_bets_tested": 55}}, "ans": 1}, "2020030124.0": {"pred": {"under": 0.5659828004413512, "over": 0.43421948056050047, "metrics": {"loss": 2.212853193283081, "acc": 0.7090908885002136, "AUC": 0.669090986251831, "number_of_bets_tested": 55}}, "ans": 0}}