{"2020020526.0": {"pred": {"under": 0.3121284214928151, "over": 0.688450120494902, "metrics": {"loss": 1.4309920072555542, "acc": 0.4285714328289032, "AUC": 0.3842829167842865, "number_of_bets_tested": 84}}, "ans": 0}}