{"2020020557.0": {"pred": {"under": 0.7297242926999713, "over": 0.272057482473673, "metrics": {"loss": 1.159510850906372, "acc": 0.5675675868988037, "AUC": 0.5806244611740112, "number_of_bets_tested": 74}}, "ans": 1}, "2020020626.0": {"pred": {"under": 0.8944950879284221, "over": 0.10542614416981087, "metrics": {"loss": 1.159510850906372, "acc": 0.5675675868988037, "AUC": 0.5806244611740112, "number_of_bets_tested": 74}}, "ans": 0}, "2020020680.0": {"pred": {"under": 0.7548587372386419, "over": 0.24554961163134661, "metrics": {"loss": 1.159510850906372, "acc": 0.5675675868988037, "AUC": 0.5806244611740112, "number_of_bets_tested": 74}}, "ans": 0}, "2020020703.0": {"pred": {"under": 0.5102045366626646, "over": 0.48842132753561424, "metrics": {"loss": 1.159510850906372, "acc": 0.5675675868988037, "AUC": 0.5806244611740112, "number_of_bets_tested": 74}}, "ans": 0}, "2020020216.0": {"pred": {"under": 0.6555563327360416, "over": 0.3451135604393625, "metrics": {"loss": 1.159510850906372, "acc": 0.5675675868988037, "AUC": 0.5806244611740112, "number_of_bets_tested": 74}}, "ans": 1}, "2020020716.0": {"pred": {"under": 0.986656318939025, "over": 0.01334336243219946, "metrics": {"loss": 1.159510850906372, "acc": 0.5675675868988037, "AUC": 0.5806244611740112, "number_of_bets_tested": 74}}, "ans": 0}, "2020020783.0": {"pred": {"under": 0.9247244925971204, "over": 0.07522429961227209, "metrics": {"loss": 1.159510850906372, "acc": 0.5675675868988037, "AUC": 0.5806244611740112, "number_of_bets_tested": 74}}, "ans": 0}, "2020020815.0": {"pred": {"under": 0.5694261932665792, "over": 0.42919262601903463, "metrics": {"loss": 1.159510850906372, "acc": 0.5675675868988037, "AUC": 0.5806244611740112, "number_of_bets_tested": 74}}, "ans": 1}, "2020020826.0": {"pred": {"under": 0.3599782574523167, "over": 0.6382994525613901, "metrics": {"loss": 1.159510850906372, "acc": 0.5675675868988037, "AUC": 0.5806244611740112, "number_of_bets_tested": 74}}, "ans": 1}, "2020020840.0": {"pred": {"under": 0.8811447976875062, "over": 0.1186477945509338, "metrics": {"loss": 1.159510850906372, "acc": 0.5675675868988037, "AUC": 0.5806244611740112, "number_of_bets_tested": 74}}, "ans": 0}}