{"2020020469.0": {"pred": {"under": 0.6999098908383173, "over": 0.3001554096197353, "metrics": {"loss": 3.3658812046051025, "acc": 0.5373134613037109, "AUC": 0.5732902884483337, "number_of_bets_tested": 67}}, "ans": 0}, "2020020484.0": {"pred": {"under": 0.7703310275086809, "over": 0.22938166505291666, "metrics": {"loss": 3.3658812046051025, "acc": 0.5373134613037109, "AUC": 0.5732902884483337, "number_of_bets_tested": 67}}, "ans": 0}, "2020020561.0": {"pred": {"under": 0.45677098332715393, "over": 0.5431370121783239, "metrics": {"loss": 3.3658812046051025, "acc": 0.5373134613037109, "AUC": 0.5732902884483337, "number_of_bets_tested": 67}}, "ans": 0}, "2020020636.0": {"pred": {"under": 0.45677098332715393, "over": 0.5431370121783239, "metrics": {"loss": 3.3658812046051025, "acc": 0.5373134613037109, "AUC": 0.5732902884483337, "number_of_bets_tested": 67}}, "ans": 0}, "2020020651.0": {"pred": {"under": 0.45677098332715393, "over": 0.5431370121783239, "metrics": {"loss": 3.3658812046051025, "acc": 0.5373134613037109, "AUC": 0.5732902884483337, "number_of_bets_tested": 67}}, "ans": 0}, "2020020685.0": {"pred": {"under": 0.45677098332715393, "over": 0.5431370121783239, "metrics": {"loss": 3.3658812046051025, "acc": 0.5373134613037109, "AUC": 0.5732902884483337, "number_of_bets_tested": 67}}, "ans": 1}, "2020020717.0": {"pred": {"under": 0.45677098332715393, "over": 0.5431370121783239, "metrics": {"loss": 3.3658812046051025, "acc": 0.5373134613037109, "AUC": 0.5732902884483337, "number_of_bets_tested": 67}}, "ans": 0}, "2020020730.0": {"pred": {"under": 0.45677098332715393, "over": 0.5431370121783239, "metrics": {"loss": 3.3658812046051025, "acc": 0.5373134613037109, "AUC": 0.5732902884483337, "number_of_bets_tested": 67}}, "ans": 1}, "2020020447.0": {"pred": {"under": 0.6139032104253606, "over": 0.38660759933265443, "metrics": {"loss": 3.3658812046051025, "acc": 0.5373134613037109, "AUC": 0.5732902884483337, "number_of_bets_tested": 67}}, "ans": 0}, "2020020784.0": {"pred": {"under": 0.45677098332715393, "over": 0.5431370121783239, "metrics": {"loss": 3.3658812046051025, "acc": 0.5373134613037109, "AUC": 0.5732902884483337, "number_of_bets_tested": 67}}, "ans": 1}, "2020020812.0": {"pred": {"under": 0.6473929900407367, "over": 0.35318118259686143, "metrics": {"loss": 3.3658812046051025, "acc": 0.5373134613037109, "AUC": 0.5732902884483337, "number_of_bets_tested": 67}}, "ans": 0}, "2020020824.0": {"pred": {"under": 0.46146998748901646, "over": 0.5384281511974023, "metrics": {"loss": 3.3658812046051025, "acc": 0.5373134613037109, "AUC": 0.5732902884483337, "number_of_bets_tested": 67}}, "ans": 1}, "2020020839.0": {"pred": {"under": 0.6175560577019439, "over": 0.3829633610080984, "metrics": {"loss": 3.3658812046051025, "acc": 0.5373134613037109, "AUC": 0.5732902884483337, "number_of_bets_tested": 67}}, "ans": 1}, "2020030112.0": {"pred": {"under": 0.45677098332715393, "over": 0.5431370121783239, "metrics": {"loss": 3.3658812046051025, "acc": 0.5373134613037109, "AUC": 0.5732902884483337, "number_of_bets_tested": 67}}, "ans": 1}, "2020030113.0": {"pred": {"under": 0.45677098332715393, "over": 0.5431370121783239, "metrics": {"loss": 3.3658812046051025, "acc": 0.5373134613037109, "AUC": 0.5732902884483337, "number_of_bets_tested": 67}}, "ans": 0}, "2020030114.0": {"pred": {"under": 0.45677098332715393, "over": 0.5431370121783239, "metrics": {"loss": 3.3658812046051025, "acc": 0.5373134613037109, "AUC": 0.5732902884483337, "number_of_bets_tested": 67}}, "ans": 1}, "2020030115.0": {"pred": {"under": 0.45677098332715393, "over": 0.5431370121783239, "metrics": {"loss": 3.3658812046051025, "acc": 0.5373134613037109, "AUC": 0.5732902884483337, "number_of_bets_tested": 67}}, "ans": 1}}