{"2020020501.0": {"pred": {"under": 0.42155817629675646, "over": 0.5786629150245991, "metrics": {"loss": 3.982455253601074, "acc": 0.4399999976158142, "AUC": 0.40060001611709595, "number_of_bets_tested": 50}}, "ans": 1}, "2020020570.0": {"pred": {"under": 0.48875223329706713, "over": 0.5130670969756715, "metrics": {"loss": 3.982455253601074, "acc": 0.4399999976158142, "AUC": 0.40060001611709595, "number_of_bets_tested": 50}}, "ans": 0}, "2020020579.0": {"pred": {"under": 0.42155817629675646, "over": 0.5786629150245991, "metrics": {"loss": 3.982455253601074, "acc": 0.4399999976158142, "AUC": 0.40060001611709595, "number_of_bets_tested": 50}}, "ans": 1}, "2020020609.0": {"pred": {"under": 0.3863869923799688, "over": 0.6144854530767598, "metrics": {"loss": 3.982455253601074, "acc": 0.4399999976158142, "AUC": 0.40060001611709595, "number_of_bets_tested": 50}}, "ans": 1}, "2020020623.0": {"pred": {"under": 0.33026744702060085, "over": 0.6705886853564463, "metrics": {"loss": 3.982455253601074, "acc": 0.4399999976158142, "AUC": 0.40060001611709595, "number_of_bets_tested": 50}}, "ans": 0}, "2020020637.0": {"pred": {"under": 0.42155817629675646, "over": 0.5786629150245991, "metrics": {"loss": 3.982455253601074, "acc": 0.4399999976158142, "AUC": 0.40060001611709595, "number_of_bets_tested": 50}}, "ans": 1}, "2020020654.0": {"pred": {"under": 0.42155817629675646, "over": 0.5786629150245991, "metrics": {"loss": 3.982455253601074, "acc": 0.4399999976158142, "AUC": 0.40060001611709595, "number_of_bets_tested": 50}}, "ans": 1}, "2020020687.0": {"pred": {"under": 0.42155817629675646, "over": 0.5786629150245991, "metrics": {"loss": 3.982455253601074, "acc": 0.4399999976158142, "AUC": 0.40060001611709595, "number_of_bets_tested": 50}}, "ans": 1}, "2020020712.0": {"pred": {"under": 0.42155817629675646, "over": 0.5786629150245991, "metrics": {"loss": 3.982455253601074, "acc": 0.4399999976158142, "AUC": 0.40060001611709595, "number_of_bets_tested": 50}}, "ans": 0}, "2020020240.0": {"pred": {"under": 0.42155817629675646, "over": 0.5786629150245991, "metrics": {"loss": 3.982455253601074, "acc": 0.4399999976158142, "AUC": 0.40060001611709595, "number_of_bets_tested": 50}}, "ans": 0}, "2020020821.0": {"pred": {"under": 0.42155817629675646, "over": 0.5786629150245991, "metrics": {"loss": 3.982455253601074, "acc": 0.4399999976158142, "AUC": 0.40060001611709595, "number_of_bets_tested": 50}}, "ans": 1}, "2020020835.0": {"pred": {"under": 0.42155817629675646, "over": 0.5786629150245991, "metrics": {"loss": 3.982455253601074, "acc": 0.4399999976158142, "AUC": 0.40060001611709595, "number_of_bets_tested": 50}}, "ans": 1}, "2020020850.0": {"pred": {"under": 0.42155817629675646, "over": 0.5786629150245991, "metrics": {"loss": 3.982455253601074, "acc": 0.4399999976158142, "AUC": 0.40060001611709595, "number_of_bets_tested": 50}}, "ans": 1}, "2020030162.0": {"pred": {"under": 0.42885063461813333, "over": 0.5716502789854333, "metrics": {"loss": 3.982455253601074, "acc": 0.4399999976158142, "AUC": 0.40060001611709595, "number_of_bets_tested": 50}}, "ans": 1}, "2020030163.0": {"pred": {"under": 0.44512675019519865, "over": 0.5552760763565356, "metrics": {"loss": 3.982455253601074, "acc": 0.4399999976158142, "AUC": 0.40060001611709595, "number_of_bets_tested": 50}}, "ans": 1}, "2020030164.0": {"pred": {"under": 0.4274991581805012, "over": 0.5729940868198596, "metrics": {"loss": 3.982455253601074, "acc": 0.4399999976158142, "AUC": 0.40060001611709595, "number_of_bets_tested": 50}}, "ans": 1}}