{"2020020460.0": {"pred": {"under": 0.5654780195272483, "over": 0.43381810451826064, "metrics": {"loss": 1.0398204326629639, "acc": 0.6056337952613831, "AUC": 0.5695298314094543, "number_of_bets_tested": 71}}, "ans": 1}, "2020020485.0": {"pred": {"under": 0.4819152061629242, "over": 0.5181268437528297, "metrics": {"loss": 1.0398204326629639, "acc": 0.6056337952613831, "AUC": 0.5695298314094543, "number_of_bets_tested": 71}}, "ans": 1}, "2020020497.0": {"pred": {"under": 0.6795881451767867, "over": 0.31953615700674104, "metrics": {"loss": 1.0398204326629639, "acc": 0.6056337952613831, "AUC": 0.5695298314094543, "number_of_bets_tested": 71}}, "ans": 1}, "2020020518.0": {"pred": {"under": 0.8203191131843471, "over": 0.18049456342136688, "metrics": {"loss": 1.0398204326629639, "acc": 0.6056337952613831, "AUC": 0.5695298314094543, "number_of_bets_tested": 71}}, "ans": 0}, "2020020531.0": {"pred": {"under": 0.4188956659106165, "over": 0.580937078031445, "metrics": {"loss": 1.0398204326629639, "acc": 0.6056337952613831, "AUC": 0.5695298314094543, "number_of_bets_tested": 71}}, "ans": 1}, "2020020562.0": {"pred": {"under": 0.8503547283562635, "over": 0.1498423541356442, "metrics": {"loss": 1.0398204326629639, "acc": 0.6056337952613831, "AUC": 0.5695298314094543, "number_of_bets_tested": 71}}, "ans": 0}, "2020020576.0": {"pred": {"under": 0.6901708129070085, "over": 0.3109151417347725, "metrics": {"loss": 1.0398204326629639, "acc": 0.6056337952613831, "AUC": 0.5695298314094543, "number_of_bets_tested": 71}}, "ans": 1}, "2020020598.0": {"pred": {"under": 0.8692862914736735, "over": 0.13102956339935748, "metrics": {"loss": 1.0398204326629639, "acc": 0.6056337952613831, "AUC": 0.5695298314094543, "number_of_bets_tested": 71}}, "ans": 0}, "2020020615.0": {"pred": {"under": 0.4493259845237086, "over": 0.5536097145557645, "metrics": {"loss": 1.0398204326629639, "acc": 0.6056337952613831, "AUC": 0.5695298314094543, "number_of_bets_tested": 71}}, "ans": 1}, "2020020629.0": {"pred": {"under": 0.4474341963955493, "over": 0.5553164658490496, "metrics": {"loss": 1.0398204326629639, "acc": 0.6056337952613831, "AUC": 0.5695298314094543, "number_of_bets_tested": 71}}, "ans": 1}, "2020020642.0": {"pred": {"under": 0.9059291338155014, "over": 0.09420365021030057, "metrics": {"loss": 1.0398204326629639, "acc": 0.6056337952613831, "AUC": 0.5695298314094543, "number_of_bets_tested": 71}}, "ans": 1}, "2020020657.0": {"pred": {"under": 0.7159870284415071, "over": 0.2842492397395818, "metrics": {"loss": 1.0398204326629639, "acc": 0.6056337952613831, "AUC": 0.5695298314094543, "number_of_bets_tested": 71}}, "ans": 0}, "2020020678.0": {"pred": {"under": 0.5298185234249639, "over": 0.4708968637745789, "metrics": {"loss": 1.0398204326629639, "acc": 0.6056337952613831, "AUC": 0.5695298314094543, "number_of_bets_tested": 71}}, "ans": 1}, "2020020693.0": {"pred": {"under": 0.38253678125755036, "over": 0.6170794261261986, "metrics": {"loss": 1.0398204326629639, "acc": 0.6056337952613831, "AUC": 0.5695298314094543, "number_of_bets_tested": 71}}, "ans": 1}, "2020020706.0": {"pred": {"under": 0.8048422090694194, "over": 0.19603274379662444, "metrics": {"loss": 1.0398204326629639, "acc": 0.6056337952613831, "AUC": 0.5695298314094543, "number_of_bets_tested": 71}}, "ans": 0}, "2020020718.0": {"pred": {"under": 0.4386704205185959, "over": 0.5610114591698228, "metrics": {"loss": 1.0398204326629639, "acc": 0.6056337952613831, "AUC": 0.5695298314094543, "number_of_bets_tested": 71}}, "ans": 0}, "2020020732.0": {"pred": {"under": 0.38388681931968394, "over": 0.6151001648838959, "metrics": {"loss": 1.0398204326629639, "acc": 0.6056337952613831, "AUC": 0.5695298314094543, "number_of_bets_tested": 71}}, "ans": 1}, "2020020763.0": {"pred": {"under": 0.7726762091723831, "over": 0.22612062337624492, "metrics": {"loss": 1.0398204326629639, "acc": 0.6056337952613831, "AUC": 0.5695298314094543, "number_of_bets_tested": 71}}, "ans": 0}, "2020020774.0": {"pred": {"under": 0.9186895344301401, "over": 0.0814034112609362, "metrics": {"loss": 1.0398204326629639, "acc": 0.6056337952613831, "AUC": 0.5695298314094543, "number_of_bets_tested": 71}}, "ans": 0}, "2020020786.0": {"pred": {"under": 0.7587140562345213, "over": 0.24094354079421498, "metrics": {"loss": 1.0398204326629639, "acc": 0.6056337952613831, "AUC": 0.5695298314094543, "number_of_bets_tested": 71}}, "ans": 0}, "2020020816.0": {"pred": {"under": 0.6792119212303512, "over": 0.320874121578298, "metrics": {"loss": 1.0398204326629639, "acc": 0.6056337952613831, "AUC": 0.5695298314094543, "number_of_bets_tested": 71}}, "ans": 1}, "2020020827.0": {"pred": {"under": 0.7537969819486194, "over": 0.24652146264292626, "metrics": {"loss": 1.0398204326629639, "acc": 0.6056337952613831, "AUC": 0.5695298314094543, "number_of_bets_tested": 71}}, "ans": 0}, "2020020280.0": {"pred": {"under": 0.7533666046642918, "over": 0.24636687205138155, "metrics": {"loss": 1.0398204326629639, "acc": 0.6056337952613831, "AUC": 0.5695298314094543, "number_of_bets_tested": 71}}, "ans": 1}, "2020030131.0": {"pred": {"under": 0.9973465645898996, "over": 0.0026534455289228863, "metrics": {"loss": 1.0398204326629639, "acc": 0.6056337952613831, "AUC": 0.5695298314094543, "number_of_bets_tested": 71}}, "ans": 1}, "2020030132.0": {"pred": {"under": 0.9360041301868482, "over": 0.06405340063049399, "metrics": {"loss": 1.0398204326629639, "acc": 0.6056337952613831, "AUC": 0.5695298314094543, "number_of_bets_tested": 71}}, "ans": 1}, "2020030133.0": {"pred": {"under": 0.9929987122329995, "over": 0.007001435620143969, "metrics": {"loss": 1.0398204326629639, "acc": 0.6056337952613831, "AUC": 0.5695298314094543, "number_of_bets_tested": 71}}, "ans": 1}, "2020030134.0": {"pred": {"under": 0.9977858144055702, "over": 0.002214190991828412, "metrics": {"loss": 1.0398204326629639, "acc": 0.6056337952613831, "AUC": 0.5695298314094543, "number_of_bets_tested": 71}}, "ans": 1}}