{"2020020718.0": {"pred": {"under": 0.7190095472834267, "over": 0.28415487331650446, "metrics": {"loss": 1.2253823280334473, "acc": 0.5263158082962036, "AUC": 0.5259695053100586, "number_of_bets_tested": 38}}, "ans": 1}, "2020020731.0": {"pred": {"under": 0.24530000141516126, "over": 0.7561018785026518, "metrics": {"loss": 1.2253823280334473, "acc": 0.5263158082962036, "AUC": 0.5259695053100586, "number_of_bets_tested": 38}}, "ans": 0}}