{"2020020492.0": {"pred": {"under": 0.7910446666807893, "over": 0.2059269079050635, "metrics": {"loss": 1.209982991218567, "acc": 0.3333333432674408, "AUC": 0.3611111044883728, "number_of_bets_tested": 6}}, "ans": 1}, "2020020501.0": {"pred": {"under": 0.8488837218275384, "over": 0.1467637805520949, "metrics": {"loss": 1.209982991218567, "acc": 0.3333333432674408, "AUC": 0.3611111044883728, "number_of_bets_tested": 6}}, "ans": 0}, "2020020223.0": {"pred": {"under": 0.9133589014770982, "over": 0.08647954623133448, "metrics": {"loss": 1.209982991218567, "acc": 0.3333333432674408, "AUC": 0.3611111044883728, "number_of_bets_tested": 6}}, "ans": 1}, "2020020555.0": {"pred": {"under": 0.8411001048371165, "over": 0.15781887250346682, "metrics": {"loss": 1.209982991218567, "acc": 0.3333333432674408, "AUC": 0.3611111044883728, "number_of_bets_tested": 6}}, "ans": 0}, "2020020570.0": {"pred": {"under": 0.7870020834359028, "over": 0.2046643659126746, "metrics": {"loss": 1.209982991218567, "acc": 0.3333333432674408, "AUC": 0.3611111044883728, "number_of_bets_tested": 6}}, "ans": 1}, "2020020579.0": {"pred": {"under": 0.824670602837324, "over": 0.16713510603650514, "metrics": {"loss": 1.209982991218567, "acc": 0.3333333432674408, "AUC": 0.3611111044883728, "number_of_bets_tested": 6}}, "ans": 1}, "2020020609.0": {"pred": {"under": 0.19056431826302633, "over": 0.8094066163336611, "metrics": {"loss": 1.209982991218567, "acc": 0.3333333432674408, "AUC": 0.3611111044883728, "number_of_bets_tested": 6}}, "ans": 0}, "2020020623.0": {"pred": {"under": 0.9222319833298765, "over": 0.07739929715302707, "metrics": {"loss": 1.209982991218567, "acc": 0.3333333432674408, "AUC": 0.3611111044883728, "number_of_bets_tested": 6}}, "ans": 1}, "2020020637.0": {"pred": {"under": 0.9815268153375742, "over": 0.018465320306836352, "metrics": {"loss": 1.209982991218567, "acc": 0.3333333432674408, "AUC": 0.3611111044883728, "number_of_bets_tested": 6}}, "ans": 0}, "2020020654.0": {"pred": {"under": 0.9510216608063484, "over": 0.0487604992236462, "metrics": {"loss": 1.209982991218567, "acc": 0.3333333432674408, "AUC": 0.3611111044883728, "number_of_bets_tested": 6}}, "ans": 1}, "2020020687.0": {"pred": {"under": 0.9189067832417827, "over": 0.08088116866468734, "metrics": {"loss": 1.209982991218567, "acc": 0.3333333432674408, "AUC": 0.3611111044883728, "number_of_bets_tested": 6}}, "ans": 0}, "2020020698.0": {"pred": {"under": 0.820147848951509, "over": 0.18087466719861053, "metrics": {"loss": 1.209982991218567, "acc": 0.3333333432674408, "AUC": 0.3611111044883728, "number_of_bets_tested": 6}}, "ans": 1}, "2020020712.0": {"pred": {"under": 0.7896835851988815, "over": 0.21028916115193474, "metrics": {"loss": 1.209982991218567, "acc": 0.3333333432674408, "AUC": 0.3611111044883728, "number_of_bets_tested": 6}}, "ans": 1}, "2020020727.0": {"pred": {"under": 0.7782725152766159, "over": 0.2166591650466632, "metrics": {"loss": 1.209982991218567, "acc": 0.3333333432674408, "AUC": 0.3611111044883728, "number_of_bets_tested": 6}}, "ans": 1}, "2020020240.0": {"pred": {"under": 0.8710894754429297, "over": 0.12878579468687779, "metrics": {"loss": 1.209982991218567, "acc": 0.3333333432674408, "AUC": 0.3611111044883728, "number_of_bets_tested": 6}}, "ans": 1}, "2020020778.0": {"pred": {"under": 0.4405736001426439, "over": 0.5612729801482583, "metrics": {"loss": 1.209982991218567, "acc": 0.3333333432674408, "AUC": 0.3611111044883728, "number_of_bets_tested": 6}}, "ans": 1}, "2020020762.0": {"pred": {"under": 0.8269543288429932, "over": 0.17393077975063484, "metrics": {"loss": 1.209982991218567, "acc": 0.3333333432674408, "AUC": 0.3611111044883728, "number_of_bets_tested": 6}}, "ans": 1}, "2020020821.0": {"pred": {"under": 0.7610770001180286, "over": 0.2419581417693151, "metrics": {"loss": 1.209982991218567, "acc": 0.3333333432674408, "AUC": 0.3611111044883728, "number_of_bets_tested": 6}}, "ans": 1}, "2020020835.0": {"pred": {"under": 0.9179854044187057, "over": 0.08186458241253315, "metrics": {"loss": 1.209982991218567, "acc": 0.3333333432674408, "AUC": 0.3611111044883728, "number_of_bets_tested": 6}}, "ans": 1}, "2020020850.0": {"pred": {"under": 0.8787157704174066, "over": 0.12090363518419527, "metrics": {"loss": 1.209982991218567, "acc": 0.3333333432674408, "AUC": 0.3611111044883728, "number_of_bets_tested": 6}}, "ans": 1}, "2020020790.0": {"pred": {"under": 0.9673413525323092, "over": 0.03265530469017098, "metrics": {"loss": 1.209982991218567, "acc": 0.3333333432674408, "AUC": 0.3611111044883728, "number_of_bets_tested": 6}}, "ans": 1}, "2020030162.0": {"pred": {"under": 0.6533280036559591, "over": 0.347083911020263, "metrics": {"loss": 1.209982991218567, "acc": 0.3333333432674408, "AUC": 0.3611111044883728, "number_of_bets_tested": 6}}, "ans": 0}, "2020030163.0": {"pred": {"under": 0.3463631943226446, "over": 0.6554047475899705, "metrics": {"loss": 1.209982991218567, "acc": 0.3333333432674408, "AUC": 0.3611111044883728, "number_of_bets_tested": 6}}, "ans": 0}, "2020030164.0": {"pred": {"under": 0.4899426621083305, "over": 0.5149511616579822, "metrics": {"loss": 1.209982991218567, "acc": 0.3333333432674408, "AUC": 0.3611111044883728, "number_of_bets_tested": 6}}, "ans": 0}, "2020030165.0": {"pred": {"under": 0.3394537946304264, "over": 0.6619145617950953, "metrics": {"loss": 1.209982991218567, "acc": 0.3333333432674408, "AUC": 0.3611111044883728, "number_of_bets_tested": 6}}, "ans": 0}}