{"2020020492.0": {"pred": {"under": 0.5695073414014992, "over": 0.43008339513680893, "metrics": {"loss": 1.73427152633667, "acc": 0.6176470518112183, "AUC": 0.579368531703949, "number_of_bets_tested": 68}}, "ans": 1}, "2020020209.0": {"pred": {"under": 0.8467190873120701, "over": 0.15375552918948007, "metrics": {"loss": 1.73427152633667, "acc": 0.6176470518112183, "AUC": 0.579368531703949, "number_of_bets_tested": 68}}, "ans": 0}, "2020020723.0": {"pred": {"under": 0.8179402074776546, "over": 0.1826142256430085, "metrics": {"loss": 1.73427152633667, "acc": 0.6176470518112183, "AUC": 0.579368531703949, "number_of_bets_tested": 68}}, "ans": 0}, "2020020623.0": {"pred": {"under": 0.6635644677480012, "over": 0.3356282726844673, "metrics": {"loss": 1.73427152633667, "acc": 0.6176470518112183, "AUC": 0.579368531703949, "number_of_bets_tested": 68}}, "ans": 1}, "2020020225.0": {"pred": {"under": 0.44300606683967925, "over": 0.5572898761005924, "metrics": {"loss": 1.73427152633667, "acc": 0.6176470518112183, "AUC": 0.579368531703949, "number_of_bets_tested": 68}}, "ans": 1}, "2020020852.0": {"pred": {"under": 0.5561422976035647, "over": 0.44378277037723496, "metrics": {"loss": 1.73427152633667, "acc": 0.6176470518112183, "AUC": 0.579368531703949, "number_of_bets_tested": 68}}, "ans": 1}, "2020020688.0": {"pred": {"under": 0.6425788058076953, "over": 0.3564303433995054, "metrics": {"loss": 1.73427152633667, "acc": 0.6176470518112183, "AUC": 0.579368531703949, "number_of_bets_tested": 68}}, "ans": 0}, "2020030152.0": {"pred": {"under": 0.5561422976035647, "over": 0.44378277037723496, "metrics": {"loss": 1.73427152633667, "acc": 0.6176470518112183, "AUC": 0.579368531703949, "number_of_bets_tested": 68}}, "ans": 0}, "2020030153.0": {"pred": {"under": 0.5561422976035647, "over": 0.44378277037723496, "metrics": {"loss": 1.73427152633667, "acc": 0.6176470518112183, "AUC": 0.579368531703949, "number_of_bets_tested": 68}}, "ans": 1}, "2020030154.0": {"pred": {"under": 0.5561422976035647, "over": 0.44378277037723496, "metrics": {"loss": 1.73427152633667, "acc": 0.6176470518112183, "AUC": 0.579368531703949, "number_of_bets_tested": 68}}, "ans": 0}}