{"2020020458.0": {"pred": {"under": 0.5920602682812938, "over": 0.40835438607847835, "metrics": {"loss": 1.3436180353164673, "acc": 0.48275861144065857, "AUC": 0.5630202293395996, "number_of_bets_tested": 58}}, "ans": 0}, "2020020469.0": {"pred": {"under": 0.60771310363064, "over": 0.393153323923664, "metrics": {"loss": 1.3436180353164673, "acc": 0.48275861144065857, "AUC": 0.5630202293395996, "number_of_bets_tested": 58}}, "ans": 0}, "2020020484.0": {"pred": {"under": 0.5492015262828551, "over": 0.4507696889469988, "metrics": {"loss": 1.3436180353164673, "acc": 0.48275861144065857, "AUC": 0.5630202293395996, "number_of_bets_tested": 58}}, "ans": 1}, "2020020755.0": {"pred": {"under": 0.5820941605831357, "over": 0.41901926520305355, "metrics": {"loss": 1.3436180353164673, "acc": 0.48275861144065857, "AUC": 0.5630202293395996, "number_of_bets_tested": 58}}, "ans": 0}, "2020020515.0": {"pred": {"under": 0.5492015262828551, "over": 0.4507696889469988, "metrics": {"loss": 1.3436180353164673, "acc": 0.48275861144065857, "AUC": 0.5630202293395996, "number_of_bets_tested": 58}}, "ans": 0}, "2020020561.0": {"pred": {"under": 0.5492015262828551, "over": 0.4507696889469988, "metrics": {"loss": 1.3436180353164673, "acc": 0.48275861144065857, "AUC": 0.5630202293395996, "number_of_bets_tested": 58}}, "ans": 1}, "2020020549.0": {"pred": {"under": 0.5729776183871336, "over": 0.42715617824941554, "metrics": {"loss": 1.3436180353164673, "acc": 0.48275861144065857, "AUC": 0.5630202293395996, "number_of_bets_tested": 58}}, "ans": 0}, "2020020573.0": {"pred": {"under": 0.5492015262828551, "over": 0.4507696889469988, "metrics": {"loss": 1.3436180353164673, "acc": 0.48275861144065857, "AUC": 0.5630202293395996, "number_of_bets_tested": 58}}, "ans": 1}, "2020020612.0": {"pred": {"under": 0.5797615286391203, "over": 0.418302538084973, "metrics": {"loss": 1.3436180353164673, "acc": 0.48275861144065857, "AUC": 0.5630202293395996, "number_of_bets_tested": 58}}, "ans": 1}, "2020020626.0": {"pred": {"under": 0.8346572762405968, "over": 0.16538802737626235, "metrics": {"loss": 1.3436180353164673, "acc": 0.48275861144065857, "AUC": 0.5630202293395996, "number_of_bets_tested": 58}}, "ans": 1}, "2020020636.0": {"pred": {"under": 0.9829871825454264, "over": 0.01701426301438851, "metrics": {"loss": 1.3436180353164673, "acc": 0.48275861144065857, "AUC": 0.5630202293395996, "number_of_bets_tested": 58}}, "ans": 0}, "2020020651.0": {"pred": {"under": 0.8203519111443195, "over": 0.1797050783984683, "metrics": {"loss": 1.3436180353164673, "acc": 0.48275861144065857, "AUC": 0.5630202293395996, "number_of_bets_tested": 58}}, "ans": 0}, "2020020665.0": {"pred": {"under": 0.6538549451985177, "over": 0.3466332596743305, "metrics": {"loss": 1.3436180353164673, "acc": 0.48275861144065857, "AUC": 0.5630202293395996, "number_of_bets_tested": 58}}, "ans": 0}, "2020020685.0": {"pred": {"under": 0.9984577788504202, "over": 0.0015422211726414457, "metrics": {"loss": 1.3436180353164673, "acc": 0.48275861144065857, "AUC": 0.5630202293395996, "number_of_bets_tested": 58}}, "ans": 0}, "2020020703.0": {"pred": {"under": 0.8001320966212969, "over": 0.1999965314323137, "metrics": {"loss": 1.3436180353164673, "acc": 0.48275861144065857, "AUC": 0.5630202293395996, "number_of_bets_tested": 58}}, "ans": 0}, "2020020717.0": {"pred": {"under": 0.895842922932594, "over": 0.10416447794148627, "metrics": {"loss": 1.3436180353164673, "acc": 0.48275861144065857, "AUC": 0.5630202293395996, "number_of_bets_tested": 58}}, "ans": 0}, "2020020730.0": {"pred": {"under": 0.5492015262828551, "over": 0.4507696889469988, "metrics": {"loss": 1.3436180353164673, "acc": 0.48275861144065857, "AUC": 0.5630202293395996, "number_of_bets_tested": 58}}, "ans": 0}, "2020020447.0": {"pred": {"under": 0.8121006657161636, "over": 0.18765972281381282, "metrics": {"loss": 1.3436180353164673, "acc": 0.48275861144065857, "AUC": 0.5630202293395996, "number_of_bets_tested": 58}}, "ans": 0}, "2020020784.0": {"pred": {"under": 0.5492015262828551, "over": 0.4507696889469988, "metrics": {"loss": 1.3436180353164673, "acc": 0.48275861144065857, "AUC": 0.5630202293395996, "number_of_bets_tested": 58}}, "ans": 1}, "2020020812.0": {"pred": {"under": 0.5221757208217999, "over": 0.47850723167720643, "metrics": {"loss": 1.3436180353164673, "acc": 0.48275861144065857, "AUC": 0.5630202293395996, "number_of_bets_tested": 58}}, "ans": 0}, "2020020839.0": {"pred": {"under": 0.5492015262828551, "over": 0.4507696889469988, "metrics": {"loss": 1.3436180353164673, "acc": 0.48275861144065857, "AUC": 0.5630202293395996, "number_of_bets_tested": 58}}, "ans": 0}, "2020030112.0": {"pred": {"under": 0.4196651725796303, "over": 0.5801091754226066, "metrics": {"loss": 1.3436180353164673, "acc": 0.48275861144065857, "AUC": 0.5630202293395996, "number_of_bets_tested": 58}}, "ans": 1}, "2020030113.0": {"pred": {"under": 0.5492015262828551, "over": 0.4507696889469988, "metrics": {"loss": 1.3436180353164673, "acc": 0.48275861144065857, "AUC": 0.5630202293395996, "number_of_bets_tested": 58}}, "ans": 1}, "2020030114.0": {"pred": {"under": 0.7562116961134517, "over": 0.2440079108976392, "metrics": {"loss": 1.3436180353164673, "acc": 0.48275861144065857, "AUC": 0.5630202293395996, "number_of_bets_tested": 58}}, "ans": 0}, "2020030115.0": {"pred": {"under": 0.5492015262828551, "over": 0.4507696889469988, "metrics": {"loss": 1.3436180353164673, "acc": 0.48275861144065857, "AUC": 0.5630202293395996, "number_of_bets_tested": 58}}, "ans": 0}}