{"2020020837.0": {"pred": {"under": 0.3422599123501649, "over": 0.6577778274034024, "metrics": {"loss": 1.214497685432434, "acc": 0.5972222089767456, "AUC": 0.6522955894470215, "number_of_bets_tested": 72}}, "ans": 1}, "2020020853.0": {"pred": {"under": 0.3455375429491051, "over": 0.6547081716391757, "metrics": {"loss": 1.214497685432434, "acc": 0.5972222089767456, "AUC": 0.6522955894470215, "number_of_bets_tested": 72}}, "ans": 0}}