{"2020020464.0": {"pred": {"under": 0.4053445316611694, "over": 0.5950202506777653, "metrics": {"loss": 1.99981689453125, "acc": 0.38333332538604736, "AUC": 0.34708333015441895, "number_of_bets_tested": 60}}, "ans": 1}, "2020020491.0": {"pred": {"under": 0.6874759328922643, "over": 0.31102417217977857, "metrics": {"loss": 1.99981689453125, "acc": 0.38333332538604736, "AUC": 0.34708333015441895, "number_of_bets_tested": 60}}, "ans": 0}, "2020020500.0": {"pred": {"under": 0.7319520360527072, "over": 0.26721091483911596, "metrics": {"loss": 1.99981689453125, "acc": 0.38333332538604736, "AUC": 0.34708333015441895, "number_of_bets_tested": 60}}, "ans": 1}, "2020020512.0": {"pred": {"under": 0.5345563705449784, "over": 0.46298066564868134, "metrics": {"loss": 1.99981689453125, "acc": 0.38333332538604736, "AUC": 0.34708333015441895, "number_of_bets_tested": 60}}, "ans": 1}, "2020020527.0": {"pred": {"under": 0.38262529658020866, "over": 0.6167191088509709, "metrics": {"loss": 1.99981689453125, "acc": 0.38333332538604736, "AUC": 0.34708333015441895, "number_of_bets_tested": 60}}, "ans": 1}, "2020020537.0": {"pred": {"under": 0.4053445316611694, "over": 0.5950202506777653, "metrics": {"loss": 1.99981689453125, "acc": 0.38333332538604736, "AUC": 0.34708333015441895, "number_of_bets_tested": 60}}, "ans": 1}, "2020020552.0": {"pred": {"under": 0.4078850627504784, "over": 0.5913728885818197, "metrics": {"loss": 1.99981689453125, "acc": 0.38333332538604736, "AUC": 0.34708333015441895, "number_of_bets_tested": 60}}, "ans": 0}, "2020020566.0": {"pred": {"under": 0.4053445316611694, "over": 0.5950202506777653, "metrics": {"loss": 1.99981689453125, "acc": 0.38333332538604736, "AUC": 0.34708333015441895, "number_of_bets_tested": 60}}, "ans": 1}, "2020020581.0": {"pred": {"under": 0.4053445316611694, "over": 0.5950202506777653, "metrics": {"loss": 1.99981689453125, "acc": 0.38333332538604736, "AUC": 0.34708333015441895, "number_of_bets_tested": 60}}, "ans": 1}, "2020020848.0": {"pred": {"under": 0.4053445316611694, "over": 0.5950202506777653, "metrics": {"loss": 1.99981689453125, "acc": 0.38333332538604736, "AUC": 0.34708333015441895, "number_of_bets_tested": 60}}, "ans": 1}, "2020020633.0": {"pred": {"under": 0.22695600697677962, "over": 0.7738215836548723, "metrics": {"loss": 1.99981689453125, "acc": 0.38333332538604736, "AUC": 0.34708333015441895, "number_of_bets_tested": 60}}, "ans": 0}, "2020020645.0": {"pred": {"under": 0.4053445316611694, "over": 0.5950202506777653, "metrics": {"loss": 1.99981689453125, "acc": 0.38333332538604736, "AUC": 0.34708333015441895, "number_of_bets_tested": 60}}, "ans": 0}, "2020020661.0": {"pred": {"under": 0.13807059360754606, "over": 0.8621511202561081, "metrics": {"loss": 1.99981689453125, "acc": 0.38333332538604736, "AUC": 0.34708333015441895, "number_of_bets_tested": 60}}, "ans": 1}, "2020020672.0": {"pred": {"under": 0.11882335505334914, "over": 0.8813394809986254, "metrics": {"loss": 1.99981689453125, "acc": 0.38333332538604736, "AUC": 0.34708333015441895, "number_of_bets_tested": 60}}, "ans": 0}, "2020020682.0": {"pred": {"under": 0.20031062541698716, "over": 0.8002679607901128, "metrics": {"loss": 1.99981689453125, "acc": 0.38333332538604736, "AUC": 0.34708333015441895, "number_of_bets_tested": 60}}, "ans": 1}, "2020020696.0": {"pred": {"under": 0.4053445316611694, "over": 0.5950202506777653, "metrics": {"loss": 1.99981689453125, "acc": 0.38333332538604736, "AUC": 0.34708333015441895, "number_of_bets_tested": 60}}, "ans": 0}, "2020020726.0": {"pred": {"under": 0.4053445316611694, "over": 0.5950202506777653, "metrics": {"loss": 1.99981689453125, "acc": 0.38333332538604736, "AUC": 0.34708333015441895, "number_of_bets_tested": 60}}, "ans": 1}, "2020020760.0": {"pred": {"under": 0.2904755361496037, "over": 0.7105024135398392, "metrics": {"loss": 1.99981689453125, "acc": 0.38333332538604736, "AUC": 0.34708333015441895, "number_of_bets_tested": 60}}, "ans": 0}, "2020020777.0": {"pred": {"under": 0.35448113294076156, "over": 0.6470261012565341, "metrics": {"loss": 1.99981689453125, "acc": 0.38333332538604736, "AUC": 0.34708333015441895, "number_of_bets_tested": 60}}, "ans": 0}, "2020020820.0": {"pred": {"under": 0.5671487070308774, "over": 0.4343281078357597, "metrics": {"loss": 1.99981689453125, "acc": 0.38333332538604736, "AUC": 0.34708333015441895, "number_of_bets_tested": 60}}, "ans": 0}, "2020020834.0": {"pred": {"under": 0.23477247579948593, "over": 0.7660634059981482, "metrics": {"loss": 1.99981689453125, "acc": 0.38333332538604736, "AUC": 0.34708333015441895, "number_of_bets_tested": 60}}, "ans": 0}, "2020030181.0": {"pred": {"under": 0.3325288370023264, "over": 0.667680013673714, "metrics": {"loss": 1.99981689453125, "acc": 0.38333332538604736, "AUC": 0.34708333015441895, "number_of_bets_tested": 60}}, "ans": 1}, "2020030182.0": {"pred": {"under": 0.29934700223790495, "over": 0.7013429590814129, "metrics": {"loss": 1.99981689453125, "acc": 0.38333332538604736, "AUC": 0.34708333015441895, "number_of_bets_tested": 60}}, "ans": 1}, "2020030183.0": {"pred": {"under": 0.6778585489402167, "over": 0.32052271808339244, "metrics": {"loss": 1.99981689453125, "acc": 0.38333332538604736, "AUC": 0.34708333015441895, "number_of_bets_tested": 60}}, "ans": 0}, "2020030184.0": {"pred": {"under": 0.5152329809845059, "over": 0.48650284731884524, "metrics": {"loss": 1.99981689453125, "acc": 0.38333332538604736, "AUC": 0.34708333015441895, "number_of_bets_tested": 60}}, "ans": 1}}