{"2020020840.0": {"pred": {"under": 0.44139693878575786, "over": 0.5583769855127105, "metrics": {"loss": 0.7692275047302246, "acc": 0.534246563911438, "AUC": 0.6375491619110107, "number_of_bets_tested": 73}}, "ans": 0}}