{"2020020504.0": {"pred": {"under": 0.328502549827445, "over": 0.671734702009295, "metrics": {"loss": 0.8202824592590332, "acc": 0.5753424763679504, "AUC": 0.5638956427574158, "number_of_bets_tested": 73}}, "ans": 1}, "2020020516.0": {"pred": {"under": 0.4621471202075826, "over": 0.538659503596579, "metrics": {"loss": 0.8202824592590332, "acc": 0.5753424763679504, "AUC": 0.5638956427574158, "number_of_bets_tested": 73}}, "ans": 1}, "2020020548.0": {"pred": {"under": 0.476583420604993, "over": 0.5237712028297391, "metrics": {"loss": 0.8202824592590332, "acc": 0.5753424763679504, "AUC": 0.5638956427574158, "number_of_bets_tested": 73}}, "ans": 1}, "2020020557.0": {"pred": {"under": 0.7451457723255991, "over": 0.25468565412469407, "metrics": {"loss": 0.8202824592590332, "acc": 0.5753424763679504, "AUC": 0.5638956427574158, "number_of_bets_tested": 73}}, "ans": 1}, "2020020390.0": {"pred": {"under": 0.0018218936299278933, "over": 0.9981781065012983, "metrics": {"loss": 0.8202824592590332, "acc": 0.5753424763679504, "AUC": 0.5638956427574158, "number_of_bets_tested": 73}}, "ans": 1}, "2020020614.0": {"pred": {"under": 0.673027638303148, "over": 0.3272295397554469, "metrics": {"loss": 0.8202824592590332, "acc": 0.5753424763679504, "AUC": 0.5638956427574158, "number_of_bets_tested": 73}}, "ans": 1}, "2020020626.0": {"pred": {"under": 0.7755306756685192, "over": 0.22367278583533057, "metrics": {"loss": 0.8202824592590332, "acc": 0.5753424763679504, "AUC": 0.5638956427574158, "number_of_bets_tested": 73}}, "ans": 1}, "2020020202.0": {"pred": {"under": 0.644305139890172, "over": 0.35498883619008037, "metrics": {"loss": 0.8202824592590332, "acc": 0.5753424763679504, "AUC": 0.5638956427574158, "number_of_bets_tested": 73}}, "ans": 0}, "2020020680.0": {"pred": {"under": 0.10919476743644375, "over": 0.8908114363401585, "metrics": {"loss": 0.8202824592590332, "acc": 0.5753424763679504, "AUC": 0.5638956427574158, "number_of_bets_tested": 73}}, "ans": 0}, "2020020692.0": {"pred": {"under": 0.35797293470143426, "over": 0.6424909843251814, "metrics": {"loss": 0.8202824592590332, "acc": 0.5753424763679504, "AUC": 0.5638956427574158, "number_of_bets_tested": 73}}, "ans": 1}, "2020020703.0": {"pred": {"under": 0.5164763564477581, "over": 0.4837184400637117, "metrics": {"loss": 0.8202824592590332, "acc": 0.5753424763679504, "AUC": 0.5638956427574158, "number_of_bets_tested": 73}}, "ans": 1}, "2020020254.0": {"pred": {"under": 0.5335402218299204, "over": 0.46631625990019976, "metrics": {"loss": 0.8202824592590332, "acc": 0.5753424763679504, "AUC": 0.5638956427574158, "number_of_bets_tested": 73}}, "ans": 1}, "2020020739.0": {"pred": {"under": 0.8702666885859794, "over": 0.1295902141113873, "metrics": {"loss": 0.8202824592590332, "acc": 0.5753424763679504, "AUC": 0.5638956427574158, "number_of_bets_tested": 73}}, "ans": 0}}