{"2020020472.0": {"pred": {"under": 0.5493380515738244, "over": 0.45061972638209075, "metrics": {"loss": 1.2819218635559082, "acc": 0.5714285969734192, "AUC": 0.5438633561134338, "number_of_bets_tested": 84}}, "ans": 1}, "2020020487.0": {"pred": {"under": 0.5446487824570915, "over": 0.45541902363056624, "metrics": {"loss": 1.2819218635559082, "acc": 0.5714285969734192, "AUC": 0.5438633561134338, "number_of_bets_tested": 84}}, "ans": 0}, "2020020258.0": {"pred": {"under": 0.5446487824570915, "over": 0.45541902363056624, "metrics": {"loss": 1.2819218635559082, "acc": 0.5714285969734192, "AUC": 0.5438633561134338, "number_of_bets_tested": 84}}, "ans": 0}, "2020020506.0": {"pred": {"under": 0.5446487824570915, "over": 0.45541902363056624, "metrics": {"loss": 1.2819218635559082, "acc": 0.5714285969734192, "AUC": 0.5438633561134338, "number_of_bets_tested": 84}}, "ans": 1}, "2020020520.0": {"pred": {"under": 0.5034170018529793, "over": 0.4969542546570587, "metrics": {"loss": 1.2819218635559082, "acc": 0.5714285969734192, "AUC": 0.5438633561134338, "number_of_bets_tested": 84}}, "ans": 0}, "2020020534.0": {"pred": {"under": 0.09856760148071836, "over": 0.901432703077455, "metrics": {"loss": 1.2819218635559082, "acc": 0.5714285969734192, "AUC": 0.5438633561134338, "number_of_bets_tested": 84}}, "ans": 0}, "2020020545.0": {"pred": {"under": 0.4734953984588212, "over": 0.5265044755919057, "metrics": {"loss": 1.2819218635559082, "acc": 0.5714285969734192, "AUC": 0.5438633561134338, "number_of_bets_tested": 84}}, "ans": 1}, "2020020563.0": {"pred": {"under": 0.5446487824570915, "over": 0.45541902363056624, "metrics": {"loss": 1.2819218635559082, "acc": 0.5714285969734192, "AUC": 0.5438633561134338, "number_of_bets_tested": 84}}, "ans": 1}, "2020020577.0": {"pred": {"under": 0.0016425494002865087, "over": 0.9983574507871111, "metrics": {"loss": 1.2819218635559082, "acc": 0.5714285969734192, "AUC": 0.5438633561134338, "number_of_bets_tested": 84}}, "ans": 0}, "2020020644.0": {"pred": {"under": 0.3555171990052272, "over": 0.6451758150468463, "metrics": {"loss": 1.2819218635559082, "acc": 0.5714285969734192, "AUC": 0.5438633561134338, "number_of_bets_tested": 84}}, "ans": 1}, "2020020788.0": {"pred": {"under": 0.5446487824570915, "over": 0.45541902363056624, "metrics": {"loss": 1.2819218635559082, "acc": 0.5714285969734192, "AUC": 0.5438633561134338, "number_of_bets_tested": 84}}, "ans": 1}, "2020020659.0": {"pred": {"under": 0.3674818473713387, "over": 0.6330731649220518, "metrics": {"loss": 1.2819218635559082, "acc": 0.5714285969734192, "AUC": 0.5438633561134338, "number_of_bets_tested": 84}}, "ans": 1}, "2020020678.0": {"pred": {"under": 0.580467006912585, "over": 0.41911686683580046, "metrics": {"loss": 1.2819218635559082, "acc": 0.5714285969734192, "AUC": 0.5438633561134338, "number_of_bets_tested": 84}}, "ans": 0}, "2020020693.0": {"pred": {"under": 0.27131295343705336, "over": 0.7292086261412785, "metrics": {"loss": 1.2819218635559082, "acc": 0.5714285969734192, "AUC": 0.5438633561134338, "number_of_bets_tested": 84}}, "ans": 1}, "2020020601.0": {"pred": {"under": 0.6730905332443263, "over": 0.32642373497210975, "metrics": {"loss": 1.2819218635559082, "acc": 0.5714285969734192, "AUC": 0.5438633561134338, "number_of_bets_tested": 84}}, "ans": 0}, "2020020725.0": {"pred": {"under": 0.5446487824570915, "over": 0.45541902363056624, "metrics": {"loss": 1.2819218635559082, "acc": 0.5714285969734192, "AUC": 0.5438633561134338, "number_of_bets_tested": 84}}, "ans": 1}, "2020020740.0": {"pred": {"under": 0.5441042459321398, "over": 0.4559136270230516, "metrics": {"loss": 1.2819218635559082, "acc": 0.5714285969734192, "AUC": 0.5438633561134338, "number_of_bets_tested": 84}}, "ans": 1}, "2020020758.0": {"pred": {"under": 0.5446487824570915, "over": 0.45541902363056624, "metrics": {"loss": 1.2819218635559082, "acc": 0.5714285969734192, "AUC": 0.5438633561134338, "number_of_bets_tested": 84}}, "ans": 0}, "2020020773.0": {"pred": {"under": 0.5446487824570915, "over": 0.45541902363056624, "metrics": {"loss": 1.2819218635559082, "acc": 0.5714285969734192, "AUC": 0.5438633561134338, "number_of_bets_tested": 84}}, "ans": 0}, "2020030132.0": {"pred": {"under": 0.22557172094484243, "over": 0.7747689433306649, "metrics": {"loss": 1.2819218635559082, "acc": 0.5714285969734192, "AUC": 0.5438633561134338, "number_of_bets_tested": 84}}, "ans": 0}}