{"2020020470.0": {"pred": {"under": 0.4941800905072008, "over": 0.5060764555115808, "metrics": {"loss": 0.9358950853347778, "acc": 0.6571428775787354, "AUC": 0.7009183168411255, "number_of_bets_tested": 70}}, "ans": 0}, "2020020485.0": {"pred": {"under": 0.4452732700753846, "over": 0.5548427977394064, "metrics": {"loss": 0.9358950853347778, "acc": 0.6571428775787354, "AUC": 0.7009183168411255, "number_of_bets_tested": 70}}, "ans": 0}, "2020020497.0": {"pred": {"under": 0.3674668510253025, "over": 0.6327450114460775, "metrics": {"loss": 0.9358950853347778, "acc": 0.6571428775787354, "AUC": 0.7009183168411255, "number_of_bets_tested": 70}}, "ans": 0}, "2020020518.0": {"pred": {"under": 0.11241041422974227, "over": 0.8876429317698499, "metrics": {"loss": 0.9358950853347778, "acc": 0.6571428775787354, "AUC": 0.7009183168411255, "number_of_bets_tested": 70}}, "ans": 1}, "2020020559.0": {"pred": {"under": 0.0018948748938378665, "over": 0.9981051257242818, "metrics": {"loss": 0.9358950853347778, "acc": 0.6571428775787354, "AUC": 0.7009183168411255, "number_of_bets_tested": 70}}, "ans": 1}, "2020020574.0": {"pred": {"under": 0.7576444678018027, "over": 0.2426259414751276, "metrics": {"loss": 0.9358950853347778, "acc": 0.6571428775787354, "AUC": 0.7009183168411255, "number_of_bets_tested": 70}}, "ans": 0}, "2020020600.0": {"pred": {"under": 0.9506318780084113, "over": 0.04940427812634398, "metrics": {"loss": 0.9358950853347778, "acc": 0.6571428775787354, "AUC": 0.7009183168411255, "number_of_bets_tested": 70}}, "ans": 0}, "2020020616.0": {"pred": {"under": 0.38747928931311104, "over": 0.6147683483356883, "metrics": {"loss": 0.9358950853347778, "acc": 0.6571428775787354, "AUC": 0.7009183168411255, "number_of_bets_tested": 70}}, "ans": 1}, "2020020630.0": {"pred": {"under": 0.8017050141192366, "over": 0.19933942973672888, "metrics": {"loss": 0.9358950853347778, "acc": 0.6571428775787354, "AUC": 0.7009183168411255, "number_of_bets_tested": 70}}, "ans": 1}}