{"2020020790.0": {"pred": {"under": 0.28768896641206554, "over": 0.7110125308543375, "metrics": {"loss": 1.059493899345398, "acc": 0.3636363744735718, "AUC": 0.40495866537094116, "number_of_bets_tested": 11}}, "ans": 1}}