{"2020020480.0": {"pred": {"under": 0.47397064098937997, "over": 0.5268817946581501, "metrics": {"loss": 1.397985577583313, "acc": 0.5, "AUC": 0.4701020419597626, "number_of_bets_tested": 70}}, "ans": 1}, "2020020490.0": {"pred": {"under": 0.43903498972756755, "over": 0.5607551227270341, "metrics": {"loss": 1.397985577583313, "acc": 0.5, "AUC": 0.4701020419597626, "number_of_bets_tested": 70}}, "ans": 1}, "2020020521.0": {"pred": {"under": 0.5749484561653484, "over": 0.42577567195139926, "metrics": {"loss": 1.397985577583313, "acc": 0.5, "AUC": 0.4701020419597626, "number_of_bets_tested": 70}}, "ans": 1}, "2020020536.0": {"pred": {"under": 0.44023288480184575, "over": 0.5597278996732618, "metrics": {"loss": 1.397985577583313, "acc": 0.5, "AUC": 0.4701020419597626, "number_of_bets_tested": 70}}, "ans": 1}, "2020020551.0": {"pred": {"under": 0.4447817141659355, "over": 0.5553267287916115, "metrics": {"loss": 1.397985577583313, "acc": 0.5, "AUC": 0.4701020419597626, "number_of_bets_tested": 70}}, "ans": 0}, "2020020566.0": {"pred": {"under": 0.5402270963318101, "over": 0.45934945604970695, "metrics": {"loss": 1.397985577583313, "acc": 0.5, "AUC": 0.4701020419597626, "number_of_bets_tested": 70}}, "ans": 0}, "2020020581.0": {"pred": {"under": 0.46673684670859766, "over": 0.533549037987817, "metrics": {"loss": 1.397985577583313, "acc": 0.5, "AUC": 0.4701020419597626, "number_of_bets_tested": 70}}, "ans": 0}, "2020020603.0": {"pred": {"under": 0.5118367618098183, "over": 0.487842896531504, "metrics": {"loss": 1.397985577583313, "acc": 0.5, "AUC": 0.4701020419597626, "number_of_bets_tested": 70}}, "ans": 0}, "2020020608.0": {"pred": {"under": 0.441262992944012, "over": 0.5584822041991901, "metrics": {"loss": 1.397985577583313, "acc": 0.5, "AUC": 0.4701020419597626, "number_of_bets_tested": 70}}, "ans": 0}, "2020020622.0": {"pred": {"under": 0.44528167832306387, "over": 0.554743630294815, "metrics": {"loss": 1.397985577583313, "acc": 0.5, "AUC": 0.4701020419597626, "number_of_bets_tested": 70}}, "ans": 0}, "2020020646.0": {"pred": {"under": 0.47831997163587486, "over": 0.5230411305171779, "metrics": {"loss": 1.397985577583313, "acc": 0.5, "AUC": 0.4701020419597626, "number_of_bets_tested": 70}}, "ans": 0}, "2020020660.0": {"pred": {"under": 0.43903498972756755, "over": 0.5607551227270341, "metrics": {"loss": 1.397985577583313, "acc": 0.5, "AUC": 0.4701020419597626, "number_of_bets_tested": 70}}, "ans": 1}, "2020020669.0": {"pred": {"under": 0.43903498972756755, "over": 0.5607551227270341, "metrics": {"loss": 1.397985577583313, "acc": 0.5, "AUC": 0.4701020419597626, "number_of_bets_tested": 70}}, "ans": 1}, "2020020682.0": {"pred": {"under": 0.7078095653512472, "over": 0.2908193807479748, "metrics": {"loss": 1.397985577583313, "acc": 0.5, "AUC": 0.4701020419597626, "number_of_bets_tested": 70}}, "ans": 1}, "2020020697.0": {"pred": {"under": 0.43903498972756755, "over": 0.5607551227270341, "metrics": {"loss": 1.397985577583313, "acc": 0.5, "AUC": 0.4701020419597626, "number_of_bets_tested": 70}}, "ans": 1}, "2020020710.0": {"pred": {"under": 0.866627839457608, "over": 0.13320496749749006, "metrics": {"loss": 1.397985577583313, "acc": 0.5, "AUC": 0.4701020419597626, "number_of_bets_tested": 70}}, "ans": 1}, "2020020726.0": {"pred": {"under": 0.7999012088611591, "over": 0.1994722466701096, "metrics": {"loss": 1.397985577583313, "acc": 0.5, "AUC": 0.4701020419597626, "number_of_bets_tested": 70}}, "ans": 1}, "2020020775.0": {"pred": {"under": 0.9999007579680179, "over": 9.924203186531075e-05, "metrics": {"loss": 1.397985577583313, "acc": 0.5, "AUC": 0.4701020419597626, "number_of_bets_tested": 70}}, "ans": 0}, "2020020792.0": {"pred": {"under": 0.7000206055946029, "over": 0.2992850701620315, "metrics": {"loss": 1.397985577583313, "acc": 0.5, "AUC": 0.4701020419597626, "number_of_bets_tested": 70}}, "ans": 1}, "2020020819.0": {"pred": {"under": 0.49399204135913805, "over": 0.5061352053720757, "metrics": {"loss": 1.397985577583313, "acc": 0.5, "AUC": 0.4701020419597626, "number_of_bets_tested": 70}}, "ans": 1}, "2020020847.0": {"pred": {"under": 0.6209359175558993, "over": 0.37978085025921465, "metrics": {"loss": 1.397985577583313, "acc": 0.5, "AUC": 0.4701020419597626, "number_of_bets_tested": 70}}, "ans": 0}, "2020020833.0": {"pred": {"under": 0.8025207878250404, "over": 0.19709139600009568, "metrics": {"loss": 1.397985577583313, "acc": 0.5, "AUC": 0.4701020419597626, "number_of_bets_tested": 70}}, "ans": 1}, "2020030171.0": {"pred": {"under": 0.4416196875484225, "over": 0.5585909685893186, "metrics": {"loss": 1.397985577583313, "acc": 0.5, "AUC": 0.4701020419597626, "number_of_bets_tested": 70}}, "ans": 1}, "2020030172.0": {"pred": {"under": 0.9983786644998877, "over": 0.001621333655378433, "metrics": {"loss": 1.397985577583313, "acc": 0.5, "AUC": 0.4701020419597626, "number_of_bets_tested": 70}}, "ans": 0}, "2020030173.0": {"pred": {"under": 0.7103637520738695, "over": 0.29076169742534663, "metrics": {"loss": 1.397985577583313, "acc": 0.5, "AUC": 0.4701020419597626, "number_of_bets_tested": 70}}, "ans": 1}}