{"2020020577.0": {"pred": {"under": 0.5250400253305354, "over": 0.4737691366791121, "metrics": {"loss": 0.9394814968109131, "acc": 0.5833333134651184, "AUC": 0.6685956716537476, "number_of_bets_tested": 36}}, "ans": 0}, "2020020618.0": {"pred": {"under": 0.5250400253305354, "over": 0.4737691366791121, "metrics": {"loss": 0.9394814968109131, "acc": 0.5833333134651184, "AUC": 0.6685956716537476, "number_of_bets_tested": 36}}, "ans": 0}, "2020020632.0": {"pred": {"under": 0.5250400253305354, "over": 0.4737691366791121, "metrics": {"loss": 0.9394814968109131, "acc": 0.5833333134651184, "AUC": 0.6685956716537476, "number_of_bets_tested": 36}}, "ans": 0}, "2020020711.0": {"pred": {"under": 0.5250400253305354, "over": 0.4737691366791121, "metrics": {"loss": 0.9394814968109131, "acc": 0.5833333134651184, "AUC": 0.6685956716537476, "number_of_bets_tested": 36}}, "ans": 1}, "2020020347.0": {"pred": {"under": 0.5250400253305354, "over": 0.4737691366791121, "metrics": {"loss": 0.9394814968109131, "acc": 0.5833333134651184, "AUC": 0.6685956716537476, "number_of_bets_tested": 36}}, "ans": 0}, "2020020033.0": {"pred": {"under": 0.6351186372904133, "over": 0.3636373130592189, "metrics": {"loss": 0.9394814968109131, "acc": 0.5833333134651184, "AUC": 0.6685956716537476, "number_of_bets_tested": 36}}, "ans": 0}, "2020020048.0": {"pred": {"under": 0.5250400253305354, "over": 0.4737691366791121, "metrics": {"loss": 0.9394814968109131, "acc": 0.5833333134651184, "AUC": 0.6685956716537476, "number_of_bets_tested": 36}}, "ans": 0}}