{"2020020848.0": {"pred": {"under": 0.5950568881516085, "over": 0.40461340650350264, "metrics": {"loss": 1.348487377166748, "acc": 0.4032258093357086, "AUC": 0.4894641041755676, "number_of_bets_tested": 62}}, "ans": 1}, "2020020645.0": {"pred": {"under": 0.7337599641824604, "over": 0.2657442334107279, "metrics": {"loss": 1.348487377166748, "acc": 0.4032258093357086, "AUC": 0.4894641041755676, "number_of_bets_tested": 62}}, "ans": 0}, "2020020672.0": {"pred": {"under": 0.4617179476891456, "over": 0.5379868472703497, "metrics": {"loss": 1.348487377166748, "acc": 0.4032258093357086, "AUC": 0.4894641041755676, "number_of_bets_tested": 62}}, "ans": 0}, "2020020696.0": {"pred": {"under": 0.4021047423889499, "over": 0.5978218813441987, "metrics": {"loss": 1.348487377166748, "acc": 0.4032258093357086, "AUC": 0.4894641041755676, "number_of_bets_tested": 62}}, "ans": 0}, "2020020760.0": {"pred": {"under": 0.5804398654416257, "over": 0.4194429451985902, "metrics": {"loss": 1.348487377166748, "acc": 0.4032258093357086, "AUC": 0.4894641041755676, "number_of_bets_tested": 62}}, "ans": 0}, "2020020777.0": {"pred": {"under": 0.6082521554537047, "over": 0.39218273020799965, "metrics": {"loss": 1.348487377166748, "acc": 0.4032258093357086, "AUC": 0.4894641041755676, "number_of_bets_tested": 62}}, "ans": 0}}