{"2020020548.0": {"pred": {"under": 0.2732069647683801, "over": 0.7300308533405027, "metrics": {"loss": 1.201566219329834, "acc": 0.5, "AUC": 0.4444444477558136, "number_of_bets_tested": 18}}, "ans": 1}}