{"2020020556.0": {"pred": {"under": 0.27289526201204656, "over": 0.7272304280182044, "metrics": {"loss": 1.2771285772323608, "acc": 0.5666666626930237, "AUC": 0.644444465637207, "number_of_bets_tested": 60}}, "ans": 1}, "2020020580.0": {"pred": {"under": 0.5688098058535521, "over": 0.43116324934772904, "metrics": {"loss": 1.2771285772323608, "acc": 0.5666666626930237, "AUC": 0.644444465637207, "number_of_bets_tested": 60}}, "ans": 0}, "2020020625.0": {"pred": {"under": 0.48101693511865, "over": 0.5184162265283625, "metrics": {"loss": 1.2771285772323608, "acc": 0.5666666626930237, "AUC": 0.644444465637207, "number_of_bets_tested": 60}}, "ans": 1}, "2020020650.0": {"pred": {"under": 0.6845910653429075, "over": 0.31569767892480216, "metrics": {"loss": 1.2771285772323608, "acc": 0.5666666626930237, "AUC": 0.644444465637207, "number_of_bets_tested": 60}}, "ans": 0}, "2020020783.0": {"pred": {"under": 0.5229458490600245, "over": 0.47685207758118076, "metrics": {"loss": 1.2771285772323608, "acc": 0.5666666626930237, "AUC": 0.644444465637207, "number_of_bets_tested": 60}}, "ans": 1}, "2020020813.0": {"pred": {"under": 0.5229458490600245, "over": 0.47685207758118076, "metrics": {"loss": 1.2771285772323608, "acc": 0.5666666626930237, "AUC": 0.644444465637207, "number_of_bets_tested": 60}}, "ans": 1}, "2020020839.0": {"pred": {"under": 0.48245877086579236, "over": 0.5171064395371062, "metrics": {"loss": 1.2771285772323608, "acc": 0.5666666626930237, "AUC": 0.644444465637207, "number_of_bets_tested": 60}}, "ans": 0}}