{"2020020286.0": {"pred": {"under": 0.8730378812627446, "over": 0.12723387697337082, "metrics": {"loss": 1.6888422966003418, "acc": 0.5479452013969421, "AUC": 0.5729968547821045, "number_of_bets_tested": 73}}, "ans": 1}, "2020020471.0": {"pred": {"under": 0.7876808337567424, "over": 0.21284180902687394, "metrics": {"loss": 1.6888422966003418, "acc": 0.5479452013969421, "AUC": 0.5729968547821045, "number_of_bets_tested": 73}}, "ans": 1}, "2020020486.0": {"pred": {"under": 0.9530423904748929, "over": 0.04697228282105583, "metrics": {"loss": 1.6888422966003418, "acc": 0.5479452013969421, "AUC": 0.5729968547821045, "number_of_bets_tested": 73}}, "ans": 0}, "2020020828.0": {"pred": {"under": 0.43921826323136354, "over": 0.5607724875872803, "metrics": {"loss": 1.6888422966003418, "acc": 0.5479452013969421, "AUC": 0.5729968547821045, "number_of_bets_tested": 73}}, "ans": 0}, "2020020507.0": {"pred": {"under": 0.6423728586787351, "over": 0.3603783681208734, "metrics": {"loss": 1.6888422966003418, "acc": 0.5479452013969421, "AUC": 0.5729968547821045, "number_of_bets_tested": 73}}, "ans": 0}, "2020020522.0": {"pred": {"under": 0.5381816011213933, "over": 0.46251623173624995, "metrics": {"loss": 1.6888422966003418, "acc": 0.5479452013969421, "AUC": 0.5729968547821045, "number_of_bets_tested": 73}}, "ans": 0}, "2020020531.0": {"pred": {"under": 0.22794699546432215, "over": 0.7724972543729827, "metrics": {"loss": 1.6888422966003418, "acc": 0.5479452013969421, "AUC": 0.5729968547821045, "number_of_bets_tested": 73}}, "ans": 0}, "2020020559.0": {"pred": {"under": 0.26746610739689336, "over": 0.7338468326438484, "metrics": {"loss": 1.6888422966003418, "acc": 0.5479452013969421, "AUC": 0.5729968547821045, "number_of_bets_tested": 73}}, "ans": 0}, "2020020574.0": {"pred": {"under": 0.9594383539362696, "over": 0.0405748620197603, "metrics": {"loss": 1.6888422966003418, "acc": 0.5479452013969421, "AUC": 0.5729968547821045, "number_of_bets_tested": 73}}, "ans": 1}, "2020020616.0": {"pred": {"under": 0.8671803486580844, "over": 0.1330713205768352, "metrics": {"loss": 1.6888422966003418, "acc": 0.5479452013969421, "AUC": 0.5729968547821045, "number_of_bets_tested": 73}}, "ans": 1}, "2020020630.0": {"pred": {"under": 0.8932266329532897, "over": 0.1072067324060093, "metrics": {"loss": 1.6888422966003418, "acc": 0.5479452013969421, "AUC": 0.5729968547821045, "number_of_bets_tested": 73}}, "ans": 0}, "2020020644.0": {"pred": {"under": 0.8932895454873805, "over": 0.10686523283690218, "metrics": {"loss": 1.6888422966003418, "acc": 0.5479452013969421, "AUC": 0.5729968547821045, "number_of_bets_tested": 73}}, "ans": 0}, "2020020659.0": {"pred": {"under": 0.6106874539680369, "over": 0.3919811496040307, "metrics": {"loss": 1.6888422966003418, "acc": 0.5479452013969421, "AUC": 0.5729968547821045, "number_of_bets_tested": 73}}, "ans": 1}, "2020020679.0": {"pred": {"under": 0.5843418024519641, "over": 0.4160020326031723, "metrics": {"loss": 1.6888422966003418, "acc": 0.5479452013969421, "AUC": 0.5729968547821045, "number_of_bets_tested": 73}}, "ans": 0}, "2020020694.0": {"pred": {"under": 0.49397746992011915, "over": 0.5057035719957869, "metrics": {"loss": 1.6888422966003418, "acc": 0.5479452013969421, "AUC": 0.5729968547821045, "number_of_bets_tested": 73}}, "ans": 1}, "2020020706.0": {"pred": {"under": 0.7213944507064515, "over": 0.27984678567648286, "metrics": {"loss": 1.6888422966003418, "acc": 0.5479452013969421, "AUC": 0.5729968547821045, "number_of_bets_tested": 73}}, "ans": 1}, "2020020718.0": {"pred": {"under": 0.6014504036106775, "over": 0.3988239316790123, "metrics": {"loss": 1.6888422966003418, "acc": 0.5479452013969421, "AUC": 0.5729968547821045, "number_of_bets_tested": 73}}, "ans": 0}, "2020020731.0": {"pred": {"under": 0.6661782118073027, "over": 0.33557026142551294, "metrics": {"loss": 1.6888422966003418, "acc": 0.5479452013969421, "AUC": 0.5729968547821045, "number_of_bets_tested": 73}}, "ans": 1}, "2020020756.0": {"pred": {"under": 0.997546785476186, "over": 0.002453220513026079, "metrics": {"loss": 1.6888422966003418, "acc": 0.5479452013969421, "AUC": 0.5729968547821045, "number_of_bets_tested": 73}}, "ans": 0}, "2020020772.0": {"pred": {"under": 0.9684297691053374, "over": 0.0315787334798854, "metrics": {"loss": 1.6888422966003418, "acc": 0.5479452013969421, "AUC": 0.5729968547821045, "number_of_bets_tested": 73}}, "ans": 0}, "2020020347.0": {"pred": {"under": 0.4673108751214271, "over": 0.5336861430964641, "metrics": {"loss": 1.6888422966003418, "acc": 0.5479452013969421, "AUC": 0.5729968547821045, "number_of_bets_tested": 73}}, "ans": 0}, "2020020811.0": {"pred": {"under": 0.9416975900920954, "over": 0.0583407677336261, "metrics": {"loss": 1.6888422966003418, "acc": 0.5479452013969421, "AUC": 0.5729968547821045, "number_of_bets_tested": 73}}, "ans": 0}, "2020020033.0": {"pred": {"under": 0.911439288688234, "over": 0.08871951884250592, "metrics": {"loss": 1.6888422966003418, "acc": 0.5479452013969421, "AUC": 0.5729968547821045, "number_of_bets_tested": 73}}, "ans": 0}, "2020020048.0": {"pred": {"under": 0.9210840534256529, "over": 0.07900815098559869, "metrics": {"loss": 1.6888422966003418, "acc": 0.5479452013969421, "AUC": 0.5729968547821045, "number_of_bets_tested": 73}}, "ans": 0}, "2020030142.0": {"pred": {"under": 0.24154200035714568, "over": 0.7625085556565163, "metrics": {"loss": 1.6888422966003418, "acc": 0.5479452013969421, "AUC": 0.5729968547821045, "number_of_bets_tested": 73}}, "ans": 0}, "2020030143.0": {"pred": {"under": 0.18381332549106147, "over": 0.8167087134623012, "metrics": {"loss": 1.6888422966003418, "acc": 0.5479452013969421, "AUC": 0.5729968547821045, "number_of_bets_tested": 73}}, "ans": 1}, "2020030145.0": {"pred": {"under": 0.19147597857027518, "over": 0.8099121365901779, "metrics": {"loss": 1.6888422966003418, "acc": 0.5479452013969421, "AUC": 0.5729968547821045, "number_of_bets_tested": 73}}, "ans": 0}}