{"2020020632.0": {"pred": {"under": 0.340408067469216, "over": 0.660569033317584, "metrics": {"loss": 1.2471184730529785, "acc": 0.6333333253860474, "AUC": 0.7022222280502319, "number_of_bets_tested": 30}}, "ans": 1}}