{"2020020466.0": {"pred": {"under": 0.25614305211214644, "over": 0.7437266201747049, "metrics": {"loss": 0.8614518642425537, "acc": 0.515625, "AUC": 0.564208984375, "number_of_bets_tested": 64}}, "ans": 0}, "2020020482.0": {"pred": {"under": 0.42175767229916994, "over": 0.5781018209167392, "metrics": {"loss": 0.8614518642425537, "acc": 0.515625, "AUC": 0.564208984375, "number_of_bets_tested": 64}}, "ans": 1}, "2020020493.0": {"pred": {"under": 0.4838621662536544, "over": 0.5162399317656163, "metrics": {"loss": 0.8614518642425537, "acc": 0.515625, "AUC": 0.564208984375, "number_of_bets_tested": 64}}, "ans": 0}, "2020020503.0": {"pred": {"under": 0.3036443705374512, "over": 0.6966238143460884, "metrics": {"loss": 0.8614518642425537, "acc": 0.515625, "AUC": 0.564208984375, "number_of_bets_tested": 64}}, "ans": 0}, "2020020514.0": {"pred": {"under": 0.2078459618569182, "over": 0.7919205745002175, "metrics": {"loss": 0.8614518642425537, "acc": 0.515625, "AUC": 0.564208984375, "number_of_bets_tested": 64}}, "ans": 1}, "2020020528.0": {"pred": {"under": 0.1987591513011136, "over": 0.8011196422389357, "metrics": {"loss": 0.8614518642425537, "acc": 0.515625, "AUC": 0.564208984375, "number_of_bets_tested": 64}}, "ans": 1}, "2020020540.0": {"pred": {"under": 0.19813245867573698, "over": 0.8017580688610906, "metrics": {"loss": 0.8614518642425537, "acc": 0.515625, "AUC": 0.564208984375, "number_of_bets_tested": 64}}, "ans": 1}, "2020020555.0": {"pred": {"under": 0.42175767229916994, "over": 0.5781018209167392, "metrics": {"loss": 0.8614518642425537, "acc": 0.515625, "AUC": 0.564208984375, "number_of_bets_tested": 64}}, "ans": 1}, "2020020570.0": {"pred": {"under": 0.1295800514076281, "over": 0.8703210447969334, "metrics": {"loss": 0.8614518642425537, "acc": 0.515625, "AUC": 0.564208984375, "number_of_bets_tested": 64}}, "ans": 0}, "2020020584.0": {"pred": {"under": 0.16399568777063203, "over": 0.8358727333965446, "metrics": {"loss": 0.8614518642425537, "acc": 0.515625, "AUC": 0.564208984375, "number_of_bets_tested": 64}}, "ans": 1}, "2020020241.0": {"pred": {"under": 0.061238644567305406, "over": 0.9387440419487803, "metrics": {"loss": 0.8614518642425537, "acc": 0.515625, "AUC": 0.564208984375, "number_of_bets_tested": 64}}, "ans": 1}, "2020020641.0": {"pred": {"under": 0.27117138058842777, "over": 0.7290117489599418, "metrics": {"loss": 0.8614518642425537, "acc": 0.515625, "AUC": 0.564208984375, "number_of_bets_tested": 64}}, "ans": 1}, "2020020649.0": {"pred": {"under": 0.516041567414035, "over": 0.4842307074571346, "metrics": {"loss": 0.8614518642425537, "acc": 0.515625, "AUC": 0.564208984375, "number_of_bets_tested": 64}}, "ans": 1}, "2020020664.0": {"pred": {"under": 0.1984122334751699, "over": 0.8016949732492972, "metrics": {"loss": 0.8614518642425537, "acc": 0.515625, "AUC": 0.564208984375, "number_of_bets_tested": 64}}, "ans": 1}, "2020020675.0": {"pred": {"under": 0.8985340380941934, "over": 0.10147937038905368, "metrics": {"loss": 0.8614518642425537, "acc": 0.515625, "AUC": 0.564208984375, "number_of_bets_tested": 64}}, "ans": 0}, "2020020687.0": {"pred": {"under": 0.2643663344121988, "over": 0.7358903363794279, "metrics": {"loss": 0.8614518642425537, "acc": 0.515625, "AUC": 0.564208984375, "number_of_bets_tested": 64}}, "ans": 0}, "2020020698.0": {"pred": {"under": 0.5393922935731862, "over": 0.46099262477389685, "metrics": {"loss": 0.8614518642425537, "acc": 0.515625, "AUC": 0.564208984375, "number_of_bets_tested": 64}}, "ans": 1}, "2020020713.0": {"pred": {"under": 0.8214544513112346, "over": 0.178573500357723, "metrics": {"loss": 0.8614518642425537, "acc": 0.515625, "AUC": 0.564208984375, "number_of_bets_tested": 64}}, "ans": 1}, "2020020728.0": {"pred": {"under": 0.21931189496965495, "over": 0.7808936053253953, "metrics": {"loss": 0.8614518642425537, "acc": 0.515625, "AUC": 0.564208984375, "number_of_bets_tested": 64}}, "ans": 1}, "2020020766.0": {"pred": {"under": 0.15699599654150148, "over": 0.8429855467135122, "metrics": {"loss": 0.8614518642425537, "acc": 0.515625, "AUC": 0.564208984375, "number_of_bets_tested": 64}}, "ans": 1}, "2020020781.0": {"pred": {"under": 0.7591753637712121, "over": 0.2409183607264727, "metrics": {"loss": 0.8614518642425537, "acc": 0.515625, "AUC": 0.564208984375, "number_of_bets_tested": 64}}, "ans": 0}, "2020020823.0": {"pred": {"under": 0.351321149343333, "over": 0.6484945582530359, "metrics": {"loss": 0.8614518642425537, "acc": 0.515625, "AUC": 0.564208984375, "number_of_bets_tested": 64}}, "ans": 1}, "2020020837.0": {"pred": {"under": 0.40223659519140537, "over": 0.5976260623450067, "metrics": {"loss": 0.8614518642425537, "acc": 0.515625, "AUC": 0.564208984375, "number_of_bets_tested": 64}}, "ans": 0}, "2020020853.0": {"pred": {"under": 0.3677045902121019, "over": 0.6325799983886671, "metrics": {"loss": 0.8614518642425537, "acc": 0.515625, "AUC": 0.564208984375, "number_of_bets_tested": 64}}, "ans": 1}, "2020020162.0": {"pred": {"under": 0.35205797564174174, "over": 0.6474305045662626, "metrics": {"loss": 0.8614518642425537, "acc": 0.515625, "AUC": 0.564208984375, "number_of_bets_tested": 64}}, "ans": 0}}