{"2020020186.0": {"pred": {"under": 0.5732031494995855, "over": 0.4264531883296064, "metrics": {"loss": 12.335864067077637, "acc": 0.6734693646430969, "AUC": 0.6701374053955078, "number_of_bets_tested": 49}}, "ans": 0}, "2020020492.0": {"pred": {"under": 0.5732031494995855, "over": 0.4264531883296064, "metrics": {"loss": 12.335864067077637, "acc": 0.6734693646430969, "AUC": 0.6701374053955078, "number_of_bets_tested": 49}}, "ans": 1}, "2020020223.0": {"pred": {"under": 0.5732031494995855, "over": 0.4264531883296064, "metrics": {"loss": 12.335864067077637, "acc": 0.6734693646430969, "AUC": 0.6701374053955078, "number_of_bets_tested": 49}}, "ans": 0}, "2020020555.0": {"pred": {"under": 0.5732031494995855, "over": 0.4264531883296064, "metrics": {"loss": 12.335864067077637, "acc": 0.6734693646430969, "AUC": 0.6701374053955078, "number_of_bets_tested": 49}}, "ans": 0}, "2020020570.0": {"pred": {"under": 0.5732031494995855, "over": 0.4264531883296064, "metrics": {"loss": 12.335864067077637, "acc": 0.6734693646430969, "AUC": 0.6701374053955078, "number_of_bets_tested": 49}}, "ans": 0}, "2020020623.0": {"pred": {"under": 0.5732031494995855, "over": 0.4264531883296064, "metrics": {"loss": 12.335864067077637, "acc": 0.6734693646430969, "AUC": 0.6701374053955078, "number_of_bets_tested": 49}}, "ans": 0}, "2020020727.0": {"pred": {"under": 0.5763251782127491, "over": 0.4220278653669171, "metrics": {"loss": 12.335864067077637, "acc": 0.6734693646430969, "AUC": 0.6701374053955078, "number_of_bets_tested": 49}}, "ans": 0}, "2020020778.0": {"pred": {"under": 0.5732031494995855, "over": 0.4264531883296064, "metrics": {"loss": 12.335864067077637, "acc": 0.6734693646430969, "AUC": 0.6701374053955078, "number_of_bets_tested": 49}}, "ans": 1}, "2020020762.0": {"pred": {"under": 0.5732031494995855, "over": 0.4264531883296064, "metrics": {"loss": 12.335864067077637, "acc": 0.6734693646430969, "AUC": 0.6701374053955078, "number_of_bets_tested": 49}}, "ans": 1}, "2020020850.0": {"pred": {"under": 0.5941711272457123, "over": 0.40540879665386426, "metrics": {"loss": 12.335864067077637, "acc": 0.6734693646430969, "AUC": 0.6701374053955078, "number_of_bets_tested": 49}}, "ans": 0}, "2020020790.0": {"pred": {"under": 0.5732031494995855, "over": 0.4264531883296064, "metrics": {"loss": 12.335864067077637, "acc": 0.6734693646430969, "AUC": 0.6701374053955078, "number_of_bets_tested": 49}}, "ans": 0}, "2020030163.0": {"pred": {"under": 0.9911900210284553, "over": 0.008810123639498025, "metrics": {"loss": 12.335864067077637, "acc": 0.6734693646430969, "AUC": 0.6701374053955078, "number_of_bets_tested": 49}}, "ans": 1}, "2020030164.0": {"pred": {"under": 0.6855543289826341, "over": 0.31577021909805647, "metrics": {"loss": 12.335864067077637, "acc": 0.6734693646430969, "AUC": 0.6701374053955078, "number_of_bets_tested": 49}}, "ans": 1}, "2020030165.0": {"pred": {"under": 0.5732031494995855, "over": 0.4264531883296064, "metrics": {"loss": 12.335864067077637, "acc": 0.6734693646430969, "AUC": 0.6701374053955078, "number_of_bets_tested": 49}}, "ans": 0}}