{"2020020186.0": {"pred": {"under": 0.5362748134341471, "over": 0.463637360479076, "metrics": {"loss": 2.7847816944122314, "acc": 0.30000001192092896, "AUC": 0.3633333444595337, "number_of_bets_tested": 30}}, "ans": 0}, "2020020461.0": {"pred": {"under": 0.5362748134341471, "over": 0.463637360479076, "metrics": {"loss": 2.7847816944122314, "acc": 0.30000001192092896, "AUC": 0.3633333444595337, "number_of_bets_tested": 30}}, "ans": 1}, "2020020502.0": {"pred": {"under": 0.5362748134341471, "over": 0.463637360479076, "metrics": {"loss": 2.7847816944122314, "acc": 0.30000001192092896, "AUC": 0.3633333444595337, "number_of_bets_tested": 30}}, "ans": 1}, "2020020508.0": {"pred": {"under": 0.5362748134341471, "over": 0.463637360479076, "metrics": {"loss": 2.7847816944122314, "acc": 0.30000001192092896, "AUC": 0.3633333444595337, "number_of_bets_tested": 30}}, "ans": 1}, "2020020528.0": {"pred": {"under": 0.5362748134341471, "over": 0.463637360479076, "metrics": {"loss": 2.7847816944122314, "acc": 0.30000001192092896, "AUC": 0.3633333444595337, "number_of_bets_tested": 30}}, "ans": 1}, "2020020540.0": {"pred": {"under": 0.5362748134341471, "over": 0.463637360479076, "metrics": {"loss": 2.7847816944122314, "acc": 0.30000001192092896, "AUC": 0.3633333444595337, "number_of_bets_tested": 30}}, "ans": 1}, "2020020209.0": {"pred": {"under": 0.5362748134341471, "over": 0.463637360479076, "metrics": {"loss": 2.7847816944122314, "acc": 0.30000001192092896, "AUC": 0.3633333444595337, "number_of_bets_tested": 30}}, "ans": 1}, "2020020583.0": {"pred": {"under": 0.5362748134341471, "over": 0.463637360479076, "metrics": {"loss": 2.7847816944122314, "acc": 0.30000001192092896, "AUC": 0.3633333444595337, "number_of_bets_tested": 30}}, "ans": 1}, "2020020604.0": {"pred": {"under": 0.8011515833267684, "over": 0.19929748930106583, "metrics": {"loss": 2.7847816944122314, "acc": 0.30000001192092896, "AUC": 0.3633333444595337, "number_of_bets_tested": 30}}, "ans": 1}, "2020020610.0": {"pred": {"under": 0.5692313072682366, "over": 0.4330544059361236, "metrics": {"loss": 2.7847816944122314, "acc": 0.30000001192092896, "AUC": 0.3633333444595337, "number_of_bets_tested": 30}}, "ans": 0}, "2020020624.0": {"pred": {"under": 0.7148210877455751, "over": 0.2862979856740097, "metrics": {"loss": 2.7847816944122314, "acc": 0.30000001192092896, "AUC": 0.3633333444595337, "number_of_bets_tested": 30}}, "ans": 0}, "2020020639.0": {"pred": {"under": 0.860889842952234, "over": 0.13926907222639456, "metrics": {"loss": 2.7847816944122314, "acc": 0.30000001192092896, "AUC": 0.3633333444595337, "number_of_bets_tested": 30}}, "ans": 0}, "2020020655.0": {"pred": {"under": 0.5362748134341471, "over": 0.463637360479076, "metrics": {"loss": 2.7847816944122314, "acc": 0.30000001192092896, "AUC": 0.3633333444595337, "number_of_bets_tested": 30}}, "ans": 1}, "2020020225.0": {"pred": {"under": 0.5362748134341471, "over": 0.463637360479076, "metrics": {"loss": 2.7847816944122314, "acc": 0.30000001192092896, "AUC": 0.3633333444595337, "number_of_bets_tested": 30}}, "ans": 0}, "2020020700.0": {"pred": {"under": 0.5362748134341471, "over": 0.463637360479076, "metrics": {"loss": 2.7847816944122314, "acc": 0.30000001192092896, "AUC": 0.3633333444595337, "number_of_bets_tested": 30}}, "ans": 1}, "2020020712.0": {"pred": {"under": 0.5474402169014928, "over": 0.45344994211582257, "metrics": {"loss": 2.7847816944122314, "acc": 0.30000001192092896, "AUC": 0.3633333444595337, "number_of_bets_tested": 30}}, "ans": 1}, "2020020836.0": {"pred": {"under": 0.5362748134341471, "over": 0.463637360479076, "metrics": {"loss": 2.7847816944122314, "acc": 0.30000001192092896, "AUC": 0.3633333444595337, "number_of_bets_tested": 30}}, "ans": 0}, "2020020853.0": {"pred": {"under": 0.5362748134341471, "over": 0.463637360479076, "metrics": {"loss": 2.7847816944122314, "acc": 0.30000001192092896, "AUC": 0.3633333444595337, "number_of_bets_tested": 30}}, "ans": 1}}