{"2020020462.0": {"pred": {"under": 0.13483007606885575, "over": 0.8651017753582665, "metrics": {"loss": 0.9277775883674622, "acc": 0.49425286054611206, "AUC": 0.5059452652931213, "number_of_bets_tested": 87}}, "ans": 0}, "2020020478.0": {"pred": {"under": 0.8353180364656778, "over": 0.1645066193614249, "metrics": {"loss": 0.9277775883674622, "acc": 0.49425286054611206, "AUC": 0.5059452652931213, "number_of_bets_tested": 87}}, "ans": 1}, "2020020291.0": {"pred": {"under": 0.6410110280177442, "over": 0.3588394732502282, "metrics": {"loss": 0.9277775883674622, "acc": 0.49425286054611206, "AUC": 0.5059452652931213, "number_of_bets_tested": 87}}, "ans": 1}, "2020020496.0": {"pred": {"under": 0.24797193740348253, "over": 0.7518011379420654, "metrics": {"loss": 0.9277775883674622, "acc": 0.49425286054611206, "AUC": 0.5059452652931213, "number_of_bets_tested": 87}}, "ans": 1}, "2020020516.0": {"pred": {"under": 0.7168965453223063, "over": 0.2831418084287141, "metrics": {"loss": 0.9277775883674622, "acc": 0.49425286054611206, "AUC": 0.5059452652931213, "number_of_bets_tested": 87}}, "ans": 0}, "2020020558.0": {"pred": {"under": 0.22934715070599043, "over": 0.7704792335134716, "metrics": {"loss": 0.9277775883674622, "acc": 0.49425286054611206, "AUC": 0.5059452652931213, "number_of_bets_tested": 87}}, "ans": 0}, "2020020572.0": {"pred": {"under": 0.22500571911987327, "over": 0.7747540084170892, "metrics": {"loss": 0.9277775883674622, "acc": 0.49425286054611206, "AUC": 0.5059452652931213, "number_of_bets_tested": 87}}, "ans": 1}, "2020020613.0": {"pred": {"under": 0.4317800753601542, "over": 0.568444545577015, "metrics": {"loss": 0.9277775883674622, "acc": 0.49425286054611206, "AUC": 0.5059452652931213, "number_of_bets_tested": 87}}, "ans": 0}, "2020020627.0": {"pred": {"under": 0.3295261470288951, "over": 0.6704426078562973, "metrics": {"loss": 0.9277775883674622, "acc": 0.49425286054611206, "AUC": 0.5059452652931213, "number_of_bets_tested": 87}}, "ans": 0}, "2020020636.0": {"pred": {"under": 0.04793805556290602, "over": 0.9520615035787658, "metrics": {"loss": 0.9277775883674622, "acc": 0.49425286054611206, "AUC": 0.5059452652931213, "number_of_bets_tested": 87}}, "ans": 1}, "2020020651.0": {"pred": {"under": 0.35487235620964197, "over": 0.6451207763370718, "metrics": {"loss": 0.9277775883674622, "acc": 0.49425286054611206, "AUC": 0.5059452652931213, "number_of_bets_tested": 87}}, "ans": 0}, "2020020666.0": {"pred": {"under": 0.0432244379023239, "over": 0.9567720397750747, "metrics": {"loss": 0.9277775883674622, "acc": 0.49425286054611206, "AUC": 0.5059452652931213, "number_of_bets_tested": 87}}, "ans": 0}, "2020020676.0": {"pred": {"under": 0.007385771772574114, "over": 0.9926141684776558, "metrics": {"loss": 0.9277775883674622, "acc": 0.49425286054611206, "AUC": 0.5059452652931213, "number_of_bets_tested": 87}}, "ans": 1}, "2020020691.0": {"pred": {"under": 0.017982860920415143, "over": 0.9820162701825795, "metrics": {"loss": 0.9277775883674622, "acc": 0.49425286054611206, "AUC": 0.5059452652931213, "number_of_bets_tested": 87}}, "ans": 1}, "2020020702.0": {"pred": {"under": 0.1555553446952397, "over": 0.8443214001733567, "metrics": {"loss": 0.9277775883674622, "acc": 0.49425286054611206, "AUC": 0.5059452652931213, "number_of_bets_tested": 87}}, "ans": 0}, "2020020717.0": {"pred": {"under": 0.21099992483565502, "over": 0.7888813059623568, "metrics": {"loss": 0.9277775883674622, "acc": 0.49425286054611206, "AUC": 0.5059452652931213, "number_of_bets_tested": 87}}, "ans": 0}, "2020020254.0": {"pred": {"under": 0.00421194544438588, "over": 0.9957880575747783, "metrics": {"loss": 0.9277775883674622, "acc": 0.49425286054611206, "AUC": 0.5059452652931213, "number_of_bets_tested": 87}}, "ans": 1}, "2020020739.0": {"pred": {"under": 0.11355311311262664, "over": 0.8863769414597041, "metrics": {"loss": 0.9277775883674622, "acc": 0.49425286054611206, "AUC": 0.5059452652931213, "number_of_bets_tested": 87}}, "ans": 0}, "2020020754.0": {"pred": {"under": 0.05293999266947445, "over": 0.947046737611828, "metrics": {"loss": 0.9277775883674622, "acc": 0.49425286054611206, "AUC": 0.5059452652931213, "number_of_bets_tested": 87}}, "ans": 0}, "2020020768.0": {"pred": {"under": 0.027212345284380286, "over": 0.9727868271245923, "metrics": {"loss": 0.9277775883674622, "acc": 0.49425286054611206, "AUC": 0.5059452652931213, "number_of_bets_tested": 87}}, "ans": 1}, "2020020784.0": {"pred": {"under": 0.44973015460792853, "over": 0.5504535569113815, "metrics": {"loss": 0.9277775883674622, "acc": 0.49425286054611206, "AUC": 0.5059452652931213, "number_of_bets_tested": 87}}, "ans": 0}, "2020020814.0": {"pred": {"under": 0.00030037084361209256, "over": 0.9996996291621867, "metrics": {"loss": 0.9277775883674622, "acc": 0.49425286054611206, "AUC": 0.5059452652931213, "number_of_bets_tested": 87}}, "ans": 0}}