{"2020020625.0": {"pred": {"under": 0.654894806820085, "over": 0.3453070816055716, "metrics": {"loss": 1.533888578414917, "acc": 0.6557376980781555, "AUC": 0.6589627265930176, "number_of_bets_tested": 61}}, "ans": 1}, "2020020716.0": {"pred": {"under": 0.7616255675441591, "over": 0.23917580018396647, "metrics": {"loss": 1.533888578414917, "acc": 0.6557376980781555, "AUC": 0.6589627265930176, "number_of_bets_tested": 61}}, "ans": 1}, "2020020783.0": {"pred": {"under": 0.7459559783124794, "over": 0.2549779492990924, "metrics": {"loss": 1.533888578414917, "acc": 0.6557376980781555, "AUC": 0.6589627265930176, "number_of_bets_tested": 61}}, "ans": 1}, "2020020839.0": {"pred": {"under": 0.654894806820085, "over": 0.3453070816055716, "metrics": {"loss": 1.533888578414917, "acc": 0.6557376980781555, "AUC": 0.6589627265930176, "number_of_bets_tested": 61}}, "ans": 0}}