{"2020020487.0": {"pred": {"under": 0.3107867342334871, "over": 0.6891498493872215, "metrics": {"loss": 1.1228500604629517, "acc": 0.4262295067310333, "AUC": 0.43939799070358276, "number_of_bets_tested": 61}}, "ans": 0}, "2020020828.0": {"pred": {"under": 0.29844657071216263, "over": 0.7014989612206082, "metrics": {"loss": 1.1228500604629517, "acc": 0.4262295067310333, "AUC": 0.43939799070358276, "number_of_bets_tested": 61}}, "ans": 0}, "2020020538.0": {"pred": {"under": 0.2554339119713824, "over": 0.7445384455933458, "metrics": {"loss": 1.1228500604629517, "acc": 0.4262295067310333, "AUC": 0.43939799070358276, "number_of_bets_tested": 61}}, "ans": 0}, "2020020547.0": {"pred": {"under": 0.330951254630445, "over": 0.6689697520007227, "metrics": {"loss": 1.1228500604629517, "acc": 0.4262295067310333, "AUC": 0.43939799070358276, "number_of_bets_tested": 61}}, "ans": 0}, "2020020560.0": {"pred": {"under": 0.439409371033031, "over": 0.5604206280812156, "metrics": {"loss": 1.1228500604629517, "acc": 0.4262295067310333, "AUC": 0.43939799070358276, "number_of_bets_tested": 61}}, "ans": 1}, "2020020575.0": {"pred": {"under": 0.3279017277224339, "over": 0.672021700431474, "metrics": {"loss": 1.1228500604629517, "acc": 0.4262295067310333, "AUC": 0.43939799070358276, "number_of_bets_tested": 61}}, "ans": 1}, "2020020600.0": {"pred": {"under": 0.38627590198684436, "over": 0.6131771291994453, "metrics": {"loss": 1.1228500604629517, "acc": 0.4262295067310333, "AUC": 0.43939799070358276, "number_of_bets_tested": 61}}, "ans": 1}, "2020020615.0": {"pred": {"under": 0.15534600765056725, "over": 0.8446574677057679, "metrics": {"loss": 1.1228500604629517, "acc": 0.4262295067310333, "AUC": 0.43939799070358276, "number_of_bets_tested": 61}}, "ans": 1}, "2020020629.0": {"pred": {"under": 0.31743616203405145, "over": 0.6827542252145727, "metrics": {"loss": 1.1228500604629517, "acc": 0.4262295067310333, "AUC": 0.43939799070358276, "number_of_bets_tested": 61}}, "ans": 0}, "2020020670.0": {"pred": {"under": 0.1934312442249222, "over": 0.8064064162409402, "metrics": {"loss": 1.1228500604629517, "acc": 0.4262295067310333, "AUC": 0.43939799070358276, "number_of_bets_tested": 61}}, "ans": 1}, "2020020679.0": {"pred": {"under": 0.7347189720670227, "over": 0.2647167907330607, "metrics": {"loss": 1.1228500604629517, "acc": 0.4262295067310333, "AUC": 0.43939799070358276, "number_of_bets_tested": 61}}, "ans": 0}, "2020020694.0": {"pred": {"under": 0.48223941819358807, "over": 0.519502740077629, "metrics": {"loss": 1.1228500604629517, "acc": 0.4262295067310333, "AUC": 0.43939799070358276, "number_of_bets_tested": 61}}, "ans": 0}, "2020020707.0": {"pred": {"under": 0.5013159232485649, "over": 0.4984039306493869, "metrics": {"loss": 1.1228500604629517, "acc": 0.4262295067310333, "AUC": 0.43939799070358276, "number_of_bets_tested": 61}}, "ans": 1}, "2020020719.0": {"pred": {"under": 0.34425698312196623, "over": 0.6558522151151024, "metrics": {"loss": 1.1228500604629517, "acc": 0.4262295067310333, "AUC": 0.43939799070358276, "number_of_bets_tested": 61}}, "ans": 1}, "2020020732.0": {"pred": {"under": 0.7962128119236914, "over": 0.20459747498965433, "metrics": {"loss": 1.1228500604629517, "acc": 0.4262295067310333, "AUC": 0.43939799070358276, "number_of_bets_tested": 61}}, "ans": 0}, "2020020758.0": {"pred": {"under": 0.14894003837265574, "over": 0.85100798611319, "metrics": {"loss": 1.1228500604629517, "acc": 0.4262295067310333, "AUC": 0.43939799070358276, "number_of_bets_tested": 61}}, "ans": 0}, "2020020773.0": {"pred": {"under": 0.08538028962758751, "over": 0.914606179412485, "metrics": {"loss": 1.1228500604629517, "acc": 0.4262295067310333, "AUC": 0.43939799070358276, "number_of_bets_tested": 61}}, "ans": 0}, "2020020787.0": {"pred": {"under": 0.18118174627442762, "over": 0.8188178942730936, "metrics": {"loss": 1.1228500604629517, "acc": 0.4262295067310333, "AUC": 0.43939799070358276, "number_of_bets_tested": 61}}, "ans": 1}, "2020020020.0": {"pred": {"under": 0.13744293553200426, "over": 0.8625211563292251, "metrics": {"loss": 1.1228500604629517, "acc": 0.4262295067310333, "AUC": 0.43939799070358276, "number_of_bets_tested": 61}}, "ans": 0}, "2020030142.0": {"pred": {"under": 0.9250811108630126, "over": 0.07501868280218227, "metrics": {"loss": 1.1228500604629517, "acc": 0.4262295067310333, "AUC": 0.43939799070358276, "number_of_bets_tested": 61}}, "ans": 1}, "2020030143.0": {"pred": {"under": 0.9412221283773429, "over": 0.058791455723665266, "metrics": {"loss": 1.1228500604629517, "acc": 0.4262295067310333, "AUC": 0.43939799070358276, "number_of_bets_tested": 61}}, "ans": 1}, "2020030145.0": {"pred": {"under": 0.9476186623034617, "over": 0.0524138502355455, "metrics": {"loss": 1.1228500604629517, "acc": 0.4262295067310333, "AUC": 0.43939799070358276, "number_of_bets_tested": 61}}, "ans": 0}}