{"2020020568.0": {"pred": {"under": 0.059329005740085886, "over": 0.9406989170338529, "metrics": {"loss": 1.084207534790039, "acc": 0.447761207818985, "AUC": 0.48418354988098145, "number_of_bets_tested": 67}}, "ans": 1}, "2020020492.0": {"pred": {"under": 0.15526721813981922, "over": 0.8449181200265845, "metrics": {"loss": 1.084207534790039, "acc": 0.447761207818985, "AUC": 0.48418354988098145, "number_of_bets_tested": 67}}, "ans": 1}, "2020020502.0": {"pred": {"under": 0.04294477710461778, "over": 0.9570682988948638, "metrics": {"loss": 1.084207534790039, "acc": 0.447761207818985, "AUC": 0.48418354988098145, "number_of_bets_tested": 67}}, "ans": 1}, "2020020508.0": {"pred": {"under": 0.08697230056896116, "over": 0.9130949234664203, "metrics": {"loss": 1.084207534790039, "acc": 0.447761207818985, "AUC": 0.48418354988098145, "number_of_bets_tested": 67}}, "ans": 1}, "2020020523.0": {"pred": {"under": 0.057734074872845965, "over": 0.9422918928320242, "metrics": {"loss": 1.084207534790039, "acc": 0.447761207818985, "AUC": 0.48418354988098145, "number_of_bets_tested": 67}}, "ans": 0}, "2020020553.0": {"pred": {"under": 0.07465504730403956, "over": 0.9253923322185443, "metrics": {"loss": 1.084207534790039, "acc": 0.447761207818985, "AUC": 0.48418354988098145, "number_of_bets_tested": 67}}, "ans": 1}, "2020020209.0": {"pred": {"under": 0.1816584546781035, "over": 0.818578423807893, "metrics": {"loss": 1.084207534790039, "acc": 0.447761207818985, "AUC": 0.48418354988098145, "number_of_bets_tested": 67}}, "ans": 0}, "2020020723.0": {"pred": {"under": 0.2954951680131029, "over": 0.704796945940653, "metrics": {"loss": 1.084207534790039, "acc": 0.447761207818985, "AUC": 0.48418354988098145, "number_of_bets_tested": 67}}, "ans": 0}, "2020020609.0": {"pred": {"under": 0.08532831502595381, "over": 0.9147433511819351, "metrics": {"loss": 1.084207534790039, "acc": 0.447761207818985, "AUC": 0.48418354988098145, "number_of_bets_tested": 67}}, "ans": 1}, "2020020623.0": {"pred": {"under": 0.10098437261932446, "over": 0.899123271588773, "metrics": {"loss": 1.084207534790039, "acc": 0.447761207818985, "AUC": 0.48418354988098145, "number_of_bets_tested": 67}}, "ans": 1}, "2020020640.0": {"pred": {"under": 0.6183843833973568, "over": 0.38204728226461276, "metrics": {"loss": 1.084207534790039, "acc": 0.447761207818985, "AUC": 0.48418354988098145, "number_of_bets_tested": 67}}, "ans": 1}, "2020020656.0": {"pred": {"under": 0.2587007063499753, "over": 0.7416417822238595, "metrics": {"loss": 1.084207534790039, "acc": 0.447761207818985, "AUC": 0.48418354988098145, "number_of_bets_tested": 67}}, "ans": 1}, "2020020225.0": {"pred": {"under": 0.011563638905912612, "over": 0.9884367780481377, "metrics": {"loss": 1.084207534790039, "acc": 0.447761207818985, "AUC": 0.48418354988098145, "number_of_bets_tested": 67}}, "ans": 1}, "2020020182.0": {"pred": {"under": 0.3455008423438545, "over": 0.654836597630538, "metrics": {"loss": 1.084207534790039, "acc": 0.447761207818985, "AUC": 0.48418354988098145, "number_of_bets_tested": 67}}, "ans": 0}, "2020020823.0": {"pred": {"under": 0.21288567276603027, "over": 0.7874237250702516, "metrics": {"loss": 1.084207534790039, "acc": 0.447761207818985, "AUC": 0.48418354988098145, "number_of_bets_tested": 67}}, "ans": 1}, "2020020837.0": {"pred": {"under": 0.544069850467201, "over": 0.45538854863948264, "metrics": {"loss": 1.084207534790039, "acc": 0.447761207818985, "AUC": 0.48418354988098145, "number_of_bets_tested": 67}}, "ans": 0}, "2020020852.0": {"pred": {"under": 0.22286965972570214, "over": 0.7774352378678633, "metrics": {"loss": 1.084207534790039, "acc": 0.447761207818985, "AUC": 0.48418354988098145, "number_of_bets_tested": 67}}, "ans": 1}, "2020020688.0": {"pred": {"under": 0.14127423027226294, "over": 0.858510985772673, "metrics": {"loss": 1.084207534790039, "acc": 0.447761207818985, "AUC": 0.48418354988098145, "number_of_bets_tested": 67}}, "ans": 1}, "2020030151.0": {"pred": {"under": 0.34114781480307255, "over": 0.6590079545982728, "metrics": {"loss": 1.084207534790039, "acc": 0.447761207818985, "AUC": 0.48418354988098145, "number_of_bets_tested": 67}}, "ans": 1}, "2020030152.0": {"pred": {"under": 0.22096773709031983, "over": 0.7793263540340315, "metrics": {"loss": 1.084207534790039, "acc": 0.447761207818985, "AUC": 0.48418354988098145, "number_of_bets_tested": 67}}, "ans": 0}, "2020030153.0": {"pred": {"under": 0.33838422073972296, "over": 0.6618174524308513, "metrics": {"loss": 1.084207534790039, "acc": 0.447761207818985, "AUC": 0.48418354988098145, "number_of_bets_tested": 67}}, "ans": 1}, "2020030154.0": {"pred": {"under": 0.09401476451928183, "over": 0.9060823806058435, "metrics": {"loss": 1.084207534790039, "acc": 0.447761207818985, "AUC": 0.48418354988098145, "number_of_bets_tested": 67}}, "ans": 1}}