{"2020020466.0": {"pred": {"under": 0.6046356884463695, "over": 0.3952951720489321, "metrics": {"loss": 1.4259121417999268, "acc": 0.49253731966018677, "AUC": 0.5131431818008423, "number_of_bets_tested": 67}}, "ans": 1}, "2020020482.0": {"pred": {"under": 0.6231277168277192, "over": 0.3778882159609489, "metrics": {"loss": 1.4259121417999268, "acc": 0.49253731966018677, "AUC": 0.5131431818008423, "number_of_bets_tested": 67}}, "ans": 0}, "2020020493.0": {"pred": {"under": 0.6046356884463695, "over": 0.3952951720489321, "metrics": {"loss": 1.4259121417999268, "acc": 0.49253731966018677, "AUC": 0.5131431818008423, "number_of_bets_tested": 67}}, "ans": 1}, "2020020503.0": {"pred": {"under": 0.4507837318794494, "over": 0.5489649300157066, "metrics": {"loss": 1.4259121417999268, "acc": 0.49253731966018677, "AUC": 0.5131431818008423, "number_of_bets_tested": 67}}, "ans": 1}, "2020020514.0": {"pred": {"under": 0.6046356884463695, "over": 0.3952951720489321, "metrics": {"loss": 1.4259121417999268, "acc": 0.49253731966018677, "AUC": 0.5131431818008423, "number_of_bets_tested": 67}}, "ans": 0}, "2020020528.0": {"pred": {"under": 0.6046356884463695, "over": 0.3952951720489321, "metrics": {"loss": 1.4259121417999268, "acc": 0.49253731966018677, "AUC": 0.5131431818008423, "number_of_bets_tested": 67}}, "ans": 0}, "2020020540.0": {"pred": {"under": 0.6046356884463695, "over": 0.3952951720489321, "metrics": {"loss": 1.4259121417999268, "acc": 0.49253731966018677, "AUC": 0.5131431818008423, "number_of_bets_tested": 67}}, "ans": 1}, "2020020555.0": {"pred": {"under": 0.6046356884463695, "over": 0.3952951720489321, "metrics": {"loss": 1.4259121417999268, "acc": 0.49253731966018677, "AUC": 0.5131431818008423, "number_of_bets_tested": 67}}, "ans": 1}, "2020020570.0": {"pred": {"under": 0.6046356884463695, "over": 0.3952951720489321, "metrics": {"loss": 1.4259121417999268, "acc": 0.49253731966018677, "AUC": 0.5131431818008423, "number_of_bets_tested": 67}}, "ans": 0}, "2020020584.0": {"pred": {"under": 0.6046356884463695, "over": 0.3952951720489321, "metrics": {"loss": 1.4259121417999268, "acc": 0.49253731966018677, "AUC": 0.5131431818008423, "number_of_bets_tested": 67}}, "ans": 1}, "2020020241.0": {"pred": {"under": 0.6046356884463695, "over": 0.3952951720489321, "metrics": {"loss": 1.4259121417999268, "acc": 0.49253731966018677, "AUC": 0.5131431818008423, "number_of_bets_tested": 67}}, "ans": 0}, "2020020641.0": {"pred": {"under": 0.6046356884463695, "over": 0.3952951720489321, "metrics": {"loss": 1.4259121417999268, "acc": 0.49253731966018677, "AUC": 0.5131431818008423, "number_of_bets_tested": 67}}, "ans": 1}, "2020020649.0": {"pred": {"under": 0.6046356884463695, "over": 0.3952951720489321, "metrics": {"loss": 1.4259121417999268, "acc": 0.49253731966018677, "AUC": 0.5131431818008423, "number_of_bets_tested": 67}}, "ans": 0}, "2020020664.0": {"pred": {"under": 0.5295125824144002, "over": 0.4703057096275937, "metrics": {"loss": 1.4259121417999268, "acc": 0.49253731966018677, "AUC": 0.5131431818008423, "number_of_bets_tested": 67}}, "ans": 1}, "2020020675.0": {"pred": {"under": 0.6046356884463695, "over": 0.3952951720489321, "metrics": {"loss": 1.4259121417999268, "acc": 0.49253731966018677, "AUC": 0.5131431818008423, "number_of_bets_tested": 67}}, "ans": 1}, "2020020687.0": {"pred": {"under": 0.6046356884463695, "over": 0.3952951720489321, "metrics": {"loss": 1.4259121417999268, "acc": 0.49253731966018677, "AUC": 0.5131431818008423, "number_of_bets_tested": 67}}, "ans": 0}, "2020020698.0": {"pred": {"under": 0.6046356884463695, "over": 0.3952951720489321, "metrics": {"loss": 1.4259121417999268, "acc": 0.49253731966018677, "AUC": 0.5131431818008423, "number_of_bets_tested": 67}}, "ans": 0}, "2020020713.0": {"pred": {"under": 0.34421771229243336, "over": 0.655585098139947, "metrics": {"loss": 1.4259121417999268, "acc": 0.49253731966018677, "AUC": 0.5131431818008423, "number_of_bets_tested": 67}}, "ans": 0}, "2020020728.0": {"pred": {"under": 0.4329243038107939, "over": 0.5668292467116586, "metrics": {"loss": 1.4259121417999268, "acc": 0.49253731966018677, "AUC": 0.5131431818008423, "number_of_bets_tested": 67}}, "ans": 0}, "2020020853.0": {"pred": {"under": 0.6046356884463695, "over": 0.3952951720489321, "metrics": {"loss": 1.4259121417999268, "acc": 0.49253731966018677, "AUC": 0.5131431818008423, "number_of_bets_tested": 67}}, "ans": 0}}