{"2020020463.0": {"pred": {"under": 0.998853444333205, "over": 0.0011465554131433544, "metrics": {"loss": 1.829634189605713, "acc": 0.44897958636283875, "AUC": 0.4712619483470917, "number_of_bets_tested": 49}}, "ans": 1}, "2020020479.0": {"pred": {"under": 0.979760560696603, "over": 0.02023885241119994, "metrics": {"loss": 1.829634189605713, "acc": 0.44897958636283875, "AUC": 0.4712619483470917, "number_of_bets_tested": 49}}, "ans": 0}, "2020020489.0": {"pred": {"under": 0.999799886573251, "over": 0.00020011342712662896, "metrics": {"loss": 1.829634189605713, "acc": 0.44897958636283875, "AUC": 0.4712619483470917, "number_of_bets_tested": 49}}, "ans": 1}, "2020020500.0": {"pred": {"under": 0.9548844285595344, "over": 0.04512311889093603, "metrics": {"loss": 1.829634189605713, "acc": 0.44897958636283875, "AUC": 0.4712619483470917, "number_of_bets_tested": 49}}, "ans": 0}, "2020020512.0": {"pred": {"under": 0.8136147266303435, "over": 0.18647551785544333, "metrics": {"loss": 1.829634189605713, "acc": 0.44897958636283875, "AUC": 0.4712619483470917, "number_of_bets_tested": 49}}, "ans": 1}, "2020020697.0": {"pred": {"under": 0.9999509701265494, "over": 4.9029873480318926e-05, "metrics": {"loss": 1.829634189605713, "acc": 0.44897958636283875, "AUC": 0.4712619483470917, "number_of_bets_tested": 49}}, "ans": 1}, "2020020710.0": {"pred": {"under": 0.9720974126565589, "over": 0.027904529636131412, "metrics": {"loss": 1.829634189605713, "acc": 0.44897958636283875, "AUC": 0.4712619483470917, "number_of_bets_tested": 49}}, "ans": 0}, "2020020737.0": {"pred": {"under": 0.14154538986682536, "over": 0.8582543595261101, "metrics": {"loss": 1.829634189605713, "acc": 0.44897958636283875, "AUC": 0.4712619483470917, "number_of_bets_tested": 49}}, "ans": 0}, "2020020759.0": {"pred": {"under": 0.6057360428005727, "over": 0.3941081138245543, "metrics": {"loss": 1.829634189605713, "acc": 0.44897958636283875, "AUC": 0.4712619483470917, "number_of_bets_tested": 49}}, "ans": 1}, "2020020776.0": {"pred": {"under": 0.9562343153738403, "over": 0.04375950028971296, "metrics": {"loss": 1.829634189605713, "acc": 0.44897958636283875, "AUC": 0.4712619483470917, "number_of_bets_tested": 49}}, "ans": 1}, "2020020792.0": {"pred": {"under": 0.9896704382551781, "over": 0.010329356076048929, "metrics": {"loss": 1.829634189605713, "acc": 0.44897958636283875, "AUC": 0.4712619483470917, "number_of_bets_tested": 49}}, "ans": 0}, "2020020829.0": {"pred": {"under": 0.9999900656648605, "over": 9.934335139405451e-06, "metrics": {"loss": 1.829634189605713, "acc": 0.44897958636283875, "AUC": 0.4712619483470917, "number_of_bets_tested": 49}}, "ans": 0}, "2020020844.0": {"pred": {"under": 0.49539998724548995, "over": 0.5043045118479897, "metrics": {"loss": 1.829634189605713, "acc": 0.44897958636283875, "AUC": 0.4712619483470917, "number_of_bets_tested": 49}}, "ans": 1}, "2020020593.0": {"pred": {"under": 0.9923102557166558, "over": 0.007689828603828404, "metrics": {"loss": 1.829634189605713, "acc": 0.44897958636283875, "AUC": 0.4712619483470917, "number_of_bets_tested": 49}}, "ans": 1}, "2020020864.0": {"pred": {"under": 0.9996604788633379, "over": 0.00033952115335299097, "metrics": {"loss": 1.829634189605713, "acc": 0.44897958636283875, "AUC": 0.4712619483470917, "number_of_bets_tested": 49}}, "ans": 0}, "2020020634.0": {"pred": {"under": 0.977049567973216, "over": 0.022950212653523486, "metrics": {"loss": 1.829634189605713, "acc": 0.44897958636283875, "AUC": 0.4712619483470917, "number_of_bets_tested": 49}}, "ans": 0}}