{"2020020465.0": {"pred": {"under": 0.5476184670369498, "over": 0.45280120788698125, "metrics": {"loss": 1.2154662609100342, "acc": 0.5569620132446289, "AUC": 0.614805281162262, "number_of_bets_tested": 79}}, "ans": 1}, "2020020491.0": {"pred": {"under": 0.2094565845102107, "over": 0.7896097393168664, "metrics": {"loss": 1.2154662609100342, "acc": 0.5569620132446289, "AUC": 0.614805281162262, "number_of_bets_tested": 79}}, "ans": 1}, "2020020536.0": {"pred": {"under": 0.5383620544940853, "over": 0.46121875024375086, "metrics": {"loss": 1.2154662609100342, "acc": 0.5569620132446289, "AUC": 0.614805281162262, "number_of_bets_tested": 79}}, "ans": 0}, "2020020551.0": {"pred": {"under": 0.5139473737326752, "over": 0.48614754451916947, "metrics": {"loss": 1.2154662609100342, "acc": 0.5569620132446289, "AUC": 0.614805281162262, "number_of_bets_tested": 79}}, "ans": 0}, "2020020498.0": {"pred": {"under": 0.2925938344110705, "over": 0.7063759081309063, "metrics": {"loss": 1.2154662609100342, "acc": 0.5569620132446289, "AUC": 0.614805281162262, "number_of_bets_tested": 79}}, "ans": 0}, "2020020582.0": {"pred": {"under": 0.5139473737326752, "over": 0.48614754451916947, "metrics": {"loss": 1.2154662609100342, "acc": 0.5569620132446289, "AUC": 0.614805281162262, "number_of_bets_tested": 79}}, "ans": 0}, "2020020607.0": {"pred": {"under": 0.12840868333427716, "over": 0.8711454023350315, "metrics": {"loss": 1.2154662609100342, "acc": 0.5569620132446289, "AUC": 0.614805281162262, "number_of_bets_tested": 79}}, "ans": 0}, "2020020621.0": {"pred": {"under": 0.03328277402395658, "over": 0.9666947345739091, "metrics": {"loss": 1.2154662609100342, "acc": 0.5569620132446289, "AUC": 0.614805281162262, "number_of_bets_tested": 79}}, "ans": 1}, "2020020638.0": {"pred": {"under": 0.19431926071758251, "over": 0.8048336793037323, "metrics": {"loss": 1.2154662609100342, "acc": 0.5569620132446289, "AUC": 0.614805281162262, "number_of_bets_tested": 79}}, "ans": 1}, "2020020849.0": {"pred": {"under": 0.34151033012478604, "over": 0.657618689643934, "metrics": {"loss": 1.2154662609100342, "acc": 0.5569620132446289, "AUC": 0.614805281162262, "number_of_bets_tested": 79}}, "ans": 0}, "2020020696.0": {"pred": {"under": 0.7149495620289203, "over": 0.2851342211781192, "metrics": {"loss": 1.2154662609100342, "acc": 0.5569620132446289, "AUC": 0.614805281162262, "number_of_bets_tested": 79}}, "ans": 0}, "2020020709.0": {"pred": {"under": 0.3907860013531757, "over": 0.6087200832734598, "metrics": {"loss": 1.2154662609100342, "acc": 0.5569620132446289, "AUC": 0.614805281162262, "number_of_bets_tested": 79}}, "ans": 1}, "2020020721.0": {"pred": {"under": 0.10137423455221627, "over": 0.8983494962152003, "metrics": {"loss": 1.2154662609100342, "acc": 0.5569620132446289, "AUC": 0.614805281162262, "number_of_bets_tested": 79}}, "ans": 0}, "2020020760.0": {"pred": {"under": 0.7212319250751918, "over": 0.2787709829396454, "metrics": {"loss": 1.2154662609100342, "acc": 0.5569620132446289, "AUC": 0.614805281162262, "number_of_bets_tested": 79}}, "ans": 1}, "2020020777.0": {"pred": {"under": 0.5139473737326752, "over": 0.48614754451916947, "metrics": {"loss": 1.2154662609100342, "acc": 0.5569620132446289, "AUC": 0.614805281162262, "number_of_bets_tested": 79}}, "ans": 1}, "2020020789.0": {"pred": {"under": 0.36865855845469453, "over": 0.6319798292510259, "metrics": {"loss": 1.2154662609100342, "acc": 0.5569620132446289, "AUC": 0.614805281162262, "number_of_bets_tested": 79}}, "ans": 0}, "2020020829.0": {"pred": {"under": 0.3322783127416254, "over": 0.6678621416464144, "metrics": {"loss": 1.2154662609100342, "acc": 0.5569620132446289, "AUC": 0.614805281162262, "number_of_bets_tested": 79}}, "ans": 0}, "2020020844.0": {"pred": {"under": 0.6519670557969341, "over": 0.3474638060538568, "metrics": {"loss": 1.2154662609100342, "acc": 0.5569620132446289, "AUC": 0.614805281162262, "number_of_bets_tested": 79}}, "ans": 0}, "2020020593.0": {"pred": {"under": 0.5139473737326752, "over": 0.48614754451916947, "metrics": {"loss": 1.2154662609100342, "acc": 0.5569620132446289, "AUC": 0.614805281162262, "number_of_bets_tested": 79}}, "ans": 1}, "2020020526.0": {"pred": {"under": 0.41002827406437853, "over": 0.5897119693060409, "metrics": {"loss": 1.2154662609100342, "acc": 0.5569620132446289, "AUC": 0.614805281162262, "number_of_bets_tested": 79}}, "ans": 0}, "2020030181.0": {"pred": {"under": 0.9643531523309022, "over": 0.035651341659380456, "metrics": {"loss": 1.2154662609100342, "acc": 0.5569620132446289, "AUC": 0.614805281162262, "number_of_bets_tested": 79}}, "ans": 0}, "2020030182.0": {"pred": {"under": 0.0643234614682017, "over": 0.9355842303924543, "metrics": {"loss": 1.2154662609100342, "acc": 0.5569620132446289, "AUC": 0.614805281162262, "number_of_bets_tested": 79}}, "ans": 1}, "2020030183.0": {"pred": {"under": 0.8545830945723077, "over": 0.14393982858742443, "metrics": {"loss": 1.2154662609100342, "acc": 0.5569620132446289, "AUC": 0.614805281162262, "number_of_bets_tested": 79}}, "ans": 1}, "2020030184.0": {"pred": {"under": 0.9990374665062107, "over": 0.0009625308499418049, "metrics": {"loss": 1.2154662609100342, "acc": 0.5569620132446289, "AUC": 0.614805281162262, "number_of_bets_tested": 79}}, "ans": 1}}