{"2020020471.0": {"pred": {"under": 0.6366394990572546, "over": 0.36175086930613914, "metrics": {"loss": 1.6045618057250977, "acc": 0.4150943458080292, "AUC": 0.46849411725997925, "number_of_bets_tested": 53}}, "ans": 0}, "2020020486.0": {"pred": {"under": 0.3267123616702512, "over": 0.6731617607797773, "metrics": {"loss": 1.6045618057250977, "acc": 0.4150943458080292, "AUC": 0.46849411725997925, "number_of_bets_tested": 53}}, "ans": 0}, "2020020505.0": {"pred": {"under": 0.07360731586313445, "over": 0.9263255253995754, "metrics": {"loss": 1.6045618057250977, "acc": 0.4150943458080292, "AUC": 0.46849411725997925, "number_of_bets_tested": 53}}, "ans": 0}, "2020020519.0": {"pred": {"under": 0.0034617411180071223, "over": 0.9965382537972735, "metrics": {"loss": 1.6045618057250977, "acc": 0.4150943458080292, "AUC": 0.46849411725997925, "number_of_bets_tested": 53}}, "ans": 1}, "2020020534.0": {"pred": {"under": 0.00477971139252636, "over": 0.9952202197577066, "metrics": {"loss": 1.6045618057250977, "acc": 0.4150943458080292, "AUC": 0.46849411725997925, "number_of_bets_tested": 53}}, "ans": 0}, "2020020545.0": {"pred": {"under": 0.006131620625763394, "over": 0.9938682651696449, "metrics": {"loss": 1.6045618057250977, "acc": 0.4150943458080292, "AUC": 0.46849411725997925, "number_of_bets_tested": 53}}, "ans": 1}, "2020020562.0": {"pred": {"under": 0.004066903044919306, "over": 0.9959330581521164, "metrics": {"loss": 1.6045618057250977, "acc": 0.4150943458080292, "AUC": 0.46849411725997925, "number_of_bets_tested": 53}}, "ans": 0}, "2020020576.0": {"pred": {"under": 0.0010334742981025296, "over": 0.998966524295654, "metrics": {"loss": 1.6045618057250977, "acc": 0.4150943458080292, "AUC": 0.46849411725997925, "number_of_bets_tested": 53}}, "ans": 0}, "2020020618.0": {"pred": {"under": 0.20934300845737266, "over": 0.7917731835494105, "metrics": {"loss": 1.6045618057250977, "acc": 0.4150943458080292, "AUC": 0.46849411725997925, "number_of_bets_tested": 53}}, "ans": 1}, "2020020632.0": {"pred": {"under": 0.016336152730492208, "over": 0.9836630027670817, "metrics": {"loss": 1.6045618057250977, "acc": 0.4150943458080292, "AUC": 0.46849411725997925, "number_of_bets_tested": 53}}, "ans": 1}, "2020020643.0": {"pred": {"under": 0.11739648424191217, "over": 0.8828513852217148, "metrics": {"loss": 1.6045618057250977, "acc": 0.4150943458080292, "AUC": 0.46849411725997925, "number_of_bets_tested": 53}}, "ans": 1}, "2020020658.0": {"pred": {"under": 0.539117304758293, "over": 0.4603265483607622, "metrics": {"loss": 1.6045618057250977, "acc": 0.4150943458080292, "AUC": 0.46849411725997925, "number_of_bets_tested": 53}}, "ans": 0}, "2020020681.0": {"pred": {"under": 0.3238834502000818, "over": 0.6771876697610382, "metrics": {"loss": 1.6045618057250977, "acc": 0.4150943458080292, "AUC": 0.46849411725997925, "number_of_bets_tested": 53}}, "ans": 0}, "2020020695.0": {"pred": {"under": 0.2036823492210592, "over": 0.7956918875194514, "metrics": {"loss": 1.6045618057250977, "acc": 0.4150943458080292, "AUC": 0.46849411725997925, "number_of_bets_tested": 53}}, "ans": 1}, "2020020601.0": {"pred": {"under": 0.01992277839671787, "over": 0.9800729051173102, "metrics": {"loss": 1.6045618057250977, "acc": 0.4150943458080292, "AUC": 0.46849411725997925, "number_of_bets_tested": 53}}, "ans": 1}, "2020020725.0": {"pred": {"under": 0.09095871703268277, "over": 0.9089324455764594, "metrics": {"loss": 1.6045618057250977, "acc": 0.4150943458080292, "AUC": 0.46849411725997925, "number_of_bets_tested": 53}}, "ans": 0}, "2020020740.0": {"pred": {"under": 0.0063978560044602685, "over": 0.9936019520777469, "metrics": {"loss": 1.6045618057250977, "acc": 0.4150943458080292, "AUC": 0.46849411725997925, "number_of_bets_tested": 53}}, "ans": 0}, "2020020772.0": {"pred": {"under": 6.732602530742961e-05, "over": 0.9999326739743519, "metrics": {"loss": 1.6045618057250977, "acc": 0.4150943458080292, "AUC": 0.46849411725997925, "number_of_bets_tested": 53}}, "ans": 1}, "2020020787.0": {"pred": {"under": 0.028442839325814758, "over": 0.9715620579039574, "metrics": {"loss": 1.6045618057250977, "acc": 0.4150943458080292, "AUC": 0.46849411725997925, "number_of_bets_tested": 53}}, "ans": 1}, "2020020816.0": {"pred": {"under": 0.001437305526527198, "over": 0.9985626929476971, "metrics": {"loss": 1.6045618057250977, "acc": 0.4150943458080292, "AUC": 0.46849411725997925, "number_of_bets_tested": 53}}, "ans": 0}, "2020020827.0": {"pred": {"under": 0.0648460747788853, "over": 0.9351367800271385, "metrics": {"loss": 1.6045618057250977, "acc": 0.4150943458080292, "AUC": 0.46849411725997925, "number_of_bets_tested": 53}}, "ans": 1}, "2020020280.0": {"pred": {"under": 0.041237340498229004, "over": 0.9587351751551113, "metrics": {"loss": 1.6045618057250977, "acc": 0.4150943458080292, "AUC": 0.46849411725997925, "number_of_bets_tested": 53}}, "ans": 0}, "2020020843.0": {"pred": {"under": 0.001317693355115347, "over": 0.9986823047559777, "metrics": {"loss": 1.6045618057250977, "acc": 0.4150943458080292, "AUC": 0.46849411725997925, "number_of_bets_tested": 53}}, "ans": 1}}