{"2020020517.0": {"pred": {"under": 0.31690760654973904, "over": 0.6856227385123328, "metrics": {"loss": 1.7975224256515503, "acc": 0.4285714328289032, "AUC": 0.43225622177124023, "number_of_bets_tested": 42}}, "ans": 0}, "2020020556.0": {"pred": {"under": 0.2654399237216197, "over": 0.7352283197504329, "metrics": {"loss": 1.7975224256515503, "acc": 0.4285714328289032, "AUC": 0.43225622177124023, "number_of_bets_tested": 42}}, "ans": 0}, "2020020611.0": {"pred": {"under": 0.03451034772074226, "over": 0.9654989969561757, "metrics": {"loss": 1.7975224256515503, "acc": 0.4285714328289032, "AUC": 0.43225622177124023, "number_of_bets_tested": 42}}, "ans": 1}, "2020020625.0": {"pred": {"under": 0.5349279335573958, "over": 0.46625363891554794, "metrics": {"loss": 1.7975224256515503, "acc": 0.4285714328289032, "AUC": 0.43225622177124023, "number_of_bets_tested": 42}}, "ans": 1}, "2020020494.0": {"pred": {"under": 0.27602934410719093, "over": 0.7242379823207832, "metrics": {"loss": 1.7975224256515503, "acc": 0.4285714328289032, "AUC": 0.43225622177124023, "number_of_bets_tested": 42}}, "ans": 1}, "2020020650.0": {"pred": {"under": 0.2412505654995468, "over": 0.7594209933892705, "metrics": {"loss": 1.7975224256515503, "acc": 0.4285714328289032, "AUC": 0.43225622177124023, "number_of_bets_tested": 42}}, "ans": 1}, "2020020666.0": {"pred": {"under": 0.07382969215926996, "over": 0.9262461577682168, "metrics": {"loss": 1.7975224256515503, "acc": 0.4285714328289032, "AUC": 0.43225622177124023, "number_of_bets_tested": 42}}, "ans": 1}, "2020020216.0": {"pred": {"under": 0.5984671313611212, "over": 0.4025008396961471, "metrics": {"loss": 1.7975224256515503, "acc": 0.4285714328289032, "AUC": 0.43225622177124023, "number_of_bets_tested": 42}}, "ans": 0}, "2020020716.0": {"pred": {"under": 0.4238467919805334, "over": 0.5768767350625793, "metrics": {"loss": 1.7975224256515503, "acc": 0.4285714328289032, "AUC": 0.43225622177124023, "number_of_bets_tested": 42}}, "ans": 1}, "2020020783.0": {"pred": {"under": 0.5382103732983762, "over": 0.46262649229436076, "metrics": {"loss": 1.7975224256515503, "acc": 0.4285714328289032, "AUC": 0.43225622177124023, "number_of_bets_tested": 42}}, "ans": 1}, "2020020813.0": {"pred": {"under": 0.2952701532137664, "over": 0.7050366941258354, "metrics": {"loss": 1.7975224256515503, "acc": 0.4285714328289032, "AUC": 0.43225622177124023, "number_of_bets_tested": 42}}, "ans": 0}, "2020020839.0": {"pred": {"under": 0.5843716488962397, "over": 0.41667765478827706, "metrics": {"loss": 1.7975224256515503, "acc": 0.4285714328289032, "AUC": 0.43225622177124023, "number_of_bets_tested": 42}}, "ans": 0}}