{"2020020709.0": {"pred": {"under": 0.21552179775287855, "over": 0.7848095036342277, "metrics": {"loss": 1.534132480621338, "acc": 0.5555555820465088, "AUC": 0.596450686454773, "number_of_bets_tested": 36}}, "ans": 0}, "2020020721.0": {"pred": {"under": 0.3600007491194958, "over": 0.641746548555456, "metrics": {"loss": 1.534132480621338, "acc": 0.5555555820465088, "AUC": 0.596450686454773, "number_of_bets_tested": 36}}, "ans": 1}, "2020020526.0": {"pred": {"under": 0.2962944647078605, "over": 0.7035153335715028, "metrics": {"loss": 1.534132480621338, "acc": 0.5555555820465088, "AUC": 0.596450686454773, "number_of_bets_tested": 36}}, "ans": 1}, "2020030181.0": {"pred": {"under": 0.26318436241348336, "over": 0.7367833161396872, "metrics": {"loss": 1.534132480621338, "acc": 0.5555555820465088, "AUC": 0.596450686454773, "number_of_bets_tested": 36}}, "ans": 1}, "2020030182.0": {"pred": {"under": 0.510221472266769, "over": 0.4896286518821825, "metrics": {"loss": 1.534132480621338, "acc": 0.5555555820465088, "AUC": 0.596450686454773, "number_of_bets_tested": 36}}, "ans": 1}, "2020030183.0": {"pred": {"under": 0.49044281948833607, "over": 0.5100038433009623, "metrics": {"loss": 1.534132480621338, "acc": 0.5555555820465088, "AUC": 0.596450686454773, "number_of_bets_tested": 36}}, "ans": 1}, "2020030184.0": {"pred": {"under": 0.31763208206893756, "over": 0.683285798381492, "metrics": {"loss": 1.534132480621338, "acc": 0.5555555820465088, "AUC": 0.596450686454773, "number_of_bets_tested": 36}}, "ans": 1}}