{"2020020209.0": {"pred": {"under": 0.3649010836319177, "over": 0.6346977591370847, "metrics": {"loss": 1.0108444690704346, "acc": 0.625, "AUC": 0.6183035373687744, "number_of_bets_tested": 56}}, "ans": 0}, "2020020610.0": {"pred": {"under": 0.11673070692314276, "over": 0.883262255803927, "metrics": {"loss": 1.0108444690704346, "acc": 0.625, "AUC": 0.6183035373687744, "number_of_bets_tested": 56}}, "ans": 0}, "2020020624.0": {"pred": {"under": 0.14184614387815944, "over": 0.8581313861314356, "metrics": {"loss": 1.0108444690704346, "acc": 0.625, "AUC": 0.6183035373687744, "number_of_bets_tested": 56}}, "ans": 1}, "2020020655.0": {"pred": {"under": 0.02035064294185436, "over": 0.9796493847809816, "metrics": {"loss": 1.0108444690704346, "acc": 0.625, "AUC": 0.6183035373687744, "number_of_bets_tested": 56}}, "ans": 0}, "2020020225.0": {"pred": {"under": 0.33368056630847975, "over": 0.6662680945988556, "metrics": {"loss": 1.0108444690704346, "acc": 0.625, "AUC": 0.6183035373687744, "number_of_bets_tested": 56}}, "ans": 0}, "2020020700.0": {"pred": {"under": 0.01656510374795957, "over": 0.9834350106821603, "metrics": {"loss": 1.0108444690704346, "acc": 0.625, "AUC": 0.6183035373687744, "number_of_bets_tested": 56}}, "ans": 0}, "2020020712.0": {"pred": {"under": 0.004028141796200778, "over": 0.9959718327327609, "metrics": {"loss": 1.0108444690704346, "acc": 0.625, "AUC": 0.6183035373687744, "number_of_bets_tested": 56}}, "ans": 1}, "2020020727.0": {"pred": {"under": 0.002940946102292029, "over": 0.9970590409539057, "metrics": {"loss": 1.0108444690704346, "acc": 0.625, "AUC": 0.6183035373687744, "number_of_bets_tested": 56}}, "ans": 1}, "2020020766.0": {"pred": {"under": 0.10125259970854385, "over": 0.8987422153523198, "metrics": {"loss": 1.0108444690704346, "acc": 0.625, "AUC": 0.6183035373687744, "number_of_bets_tested": 56}}, "ans": 1}, "2020020781.0": {"pred": {"under": 0.004071842418010171, "over": 0.9959281503302505, "metrics": {"loss": 1.0108444690704346, "acc": 0.625, "AUC": 0.6183035373687744, "number_of_bets_tested": 56}}, "ans": 1}, "2020020822.0": {"pred": {"under": 0.049434967246794186, "over": 0.9505468344247983, "metrics": {"loss": 1.0108444690704346, "acc": 0.625, "AUC": 0.6183035373687744, "number_of_bets_tested": 56}}, "ans": 1}}