{"2020020464.0": {"pred": {"under": 0.6221878620121054, "over": 0.37805176659130346, "metrics": {"loss": 2.456836223602295, "acc": 0.6181818246841431, "AUC": 0.6416528224945068, "number_of_bets_tested": 55}}, "ans": 1}, "2020020474.0": {"pred": {"under": 0.4930195173328374, "over": 0.5061894661712243, "metrics": {"loss": 2.456836223602295, "acc": 0.6181818246841431, "AUC": 0.6416528224945068, "number_of_bets_tested": 55}}, "ans": 1}, "2020020512.0": {"pred": {"under": 0.3778610811564414, "over": 0.620635565678719, "metrics": {"loss": 2.456836223602295, "acc": 0.6181818246841431, "AUC": 0.6416528224945068, "number_of_bets_tested": 55}}, "ans": 1}, "2020020527.0": {"pred": {"under": 0.7212228180038227, "over": 0.2804052556572427, "metrics": {"loss": 2.456836223602295, "acc": 0.6181818246841431, "AUC": 0.6416528224945068, "number_of_bets_tested": 55}}, "ans": 0}, "2020020537.0": {"pred": {"under": 0.8002045986161782, "over": 0.20125265799314243, "metrics": {"loss": 2.456836223602295, "acc": 0.6181818246841431, "AUC": 0.6416528224945068, "number_of_bets_tested": 55}}, "ans": 1}, "2020020552.0": {"pred": {"under": 0.2285290450224465, "over": 0.7703303926767422, "metrics": {"loss": 2.456836223602295, "acc": 0.6181818246841431, "AUC": 0.6416528224945068, "number_of_bets_tested": 55}}, "ans": 0}, "2020020566.0": {"pred": {"under": 0.5512773824962109, "over": 0.4484518200285311, "metrics": {"loss": 2.456836223602295, "acc": 0.6181818246841431, "AUC": 0.6416528224945068, "number_of_bets_tested": 55}}, "ans": 0}, "2020020581.0": {"pred": {"under": 0.34400402226158594, "over": 0.6544515805490618, "metrics": {"loss": 2.456836223602295, "acc": 0.6181818246841431, "AUC": 0.6416528224945068, "number_of_bets_tested": 55}}, "ans": 1}, "2020020848.0": {"pred": {"under": 0.2338156050334014, "over": 0.7649763335868527, "metrics": {"loss": 2.456836223602295, "acc": 0.6181818246841431, "AUC": 0.6416528224945068, "number_of_bets_tested": 55}}, "ans": 1}, "2020020645.0": {"pred": {"under": 0.12192713428747425, "over": 0.8777076763064595, "metrics": {"loss": 2.456836223602295, "acc": 0.6181818246841431, "AUC": 0.6416528224945068, "number_of_bets_tested": 55}}, "ans": 0}, "2020020661.0": {"pred": {"under": 0.03957895205486464, "over": 0.9604104832710114, "metrics": {"loss": 2.456836223602295, "acc": 0.6181818246841431, "AUC": 0.6416528224945068, "number_of_bets_tested": 55}}, "ans": 0}, "2020020672.0": {"pred": {"under": 0.0047216333201307225, "over": 0.9952782725742069, "metrics": {"loss": 2.456836223602295, "acc": 0.6181818246841431, "AUC": 0.6416528224945068, "number_of_bets_tested": 55}}, "ans": 0}, "2020020696.0": {"pred": {"under": 0.08890237393475764, "over": 0.910902986988852, "metrics": {"loss": 2.456836223602295, "acc": 0.6181818246841431, "AUC": 0.6416528224945068, "number_of_bets_tested": 55}}, "ans": 0}, "2020020760.0": {"pred": {"under": 0.12058474449041479, "over": 0.8791505796528725, "metrics": {"loss": 2.456836223602295, "acc": 0.6181818246841431, "AUC": 0.6416528224945068, "number_of_bets_tested": 55}}, "ans": 1}}