{"2020020459.0": {"pred": {"under": 0.3202422844314376, "over": 0.6803935919910272, "metrics": {"loss": 2.155158042907715, "acc": 0.4038461446762085, "AUC": 0.40717455744743347, "number_of_bets_tested": 52}}, "ans": 0}, "2020020515.0": {"pred": {"under": 0.17056889179933388, "over": 0.8302226830778527, "metrics": {"loss": 2.155158042907715, "acc": 0.4038461446762085, "AUC": 0.40717455744743347, "number_of_bets_tested": 52}}, "ans": 0}, "2020020541.0": {"pred": {"under": 0.3757160327352633, "over": 0.6242093658338947, "metrics": {"loss": 2.155158042907715, "acc": 0.4038461446762085, "AUC": 0.40717455744743347, "number_of_bets_tested": 52}}, "ans": 1}, "2020020556.0": {"pred": {"under": 0.34041667589683566, "over": 0.6599597372020595, "metrics": {"loss": 2.155158042907715, "acc": 0.4038461446762085, "AUC": 0.40717455744743347, "number_of_bets_tested": 52}}, "ans": 1}, "2020020571.0": {"pred": {"under": 0.4164873023058088, "over": 0.5829773176334266, "metrics": {"loss": 2.155158042907715, "acc": 0.4038461446762085, "AUC": 0.40717455744743347, "number_of_bets_tested": 52}}, "ans": 1}, "2020020390.0": {"pred": {"under": 0.42495248039966343, "over": 0.5757827645351796, "metrics": {"loss": 2.155158042907715, "acc": 0.4038461446762085, "AUC": 0.40717455744743347, "number_of_bets_tested": 52}}, "ans": 0}, "2020020665.0": {"pred": {"under": 0.42990877377556863, "over": 0.5691887477429, "metrics": {"loss": 2.155158042907715, "acc": 0.4038461446762085, "AUC": 0.40717455744743347, "number_of_bets_tested": 52}}, "ans": 0}, "2020020685.0": {"pred": {"under": 0.5840709093838158, "over": 0.41439562443331485, "metrics": {"loss": 2.155158042907715, "acc": 0.4038461446762085, "AUC": 0.40717455744743347, "number_of_bets_tested": 52}}, "ans": 0}, "2020020701.0": {"pred": {"under": 0.4210288183873474, "over": 0.5782032755566877, "metrics": {"loss": 2.155158042907715, "acc": 0.4038461446762085, "AUC": 0.40717455744743347, "number_of_bets_tested": 52}}, "ans": 0}, "2020020483.0": {"pred": {"under": 0.43361111274170006, "over": 0.5652656104879528, "metrics": {"loss": 2.155158042907715, "acc": 0.4038461446762085, "AUC": 0.40717455744743347, "number_of_bets_tested": 52}}, "ans": 1}, "2020020729.0": {"pred": {"under": 0.34453800572517806, "over": 0.6557860558508399, "metrics": {"loss": 2.155158042907715, "acc": 0.4038461446762085, "AUC": 0.40717455744743347, "number_of_bets_tested": 52}}, "ans": 0}, "2020020757.0": {"pred": {"under": 0.4328048159893495, "over": 0.5662121920570808, "metrics": {"loss": 2.155158042907715, "acc": 0.4038461446762085, "AUC": 0.40717455744743347, "number_of_bets_tested": 52}}, "ans": 1}, "2020020770.0": {"pred": {"under": 0.4292806526986648, "over": 0.5702760411900769, "metrics": {"loss": 2.155158042907715, "acc": 0.4038461446762085, "AUC": 0.40717455744743347, "number_of_bets_tested": 52}}, "ans": 0}, "2020020782.0": {"pred": {"under": 0.41177475959604465, "over": 0.5874971089010692, "metrics": {"loss": 2.155158042907715, "acc": 0.4038461446762085, "AUC": 0.40717455744743347, "number_of_bets_tested": 52}}, "ans": 1}, "2020020838.0": {"pred": {"under": 0.43634039660513846, "over": 0.5625778082613309, "metrics": {"loss": 2.155158042907715, "acc": 0.4038461446762085, "AUC": 0.40717455744743347, "number_of_bets_tested": 52}}, "ans": 1}, "2020030124.0": {"pred": {"under": 0.6897451124004031, "over": 0.3087552962294486, "metrics": {"loss": 2.155158042907715, "acc": 0.4038461446762085, "AUC": 0.40717455744743347, "number_of_bets_tested": 52}}, "ans": 1}, "2020030125.0": {"pred": {"under": 0.4238682260732018, "over": 0.5758860942262136, "metrics": {"loss": 2.155158042907715, "acc": 0.4038461446762085, "AUC": 0.40717455744743347, "number_of_bets_tested": 52}}, "ans": 0}}