{"2020020477.0": {"pred": {"under": 0.6980029065948089, "over": 0.2998935871307178, "metrics": {"loss": 1.135132074356079, "acc": 0.6341463327407837, "AUC": 0.7117787599563599, "number_of_bets_tested": 41}}, "ans": 0}, "2020020151.0": {"pred": {"under": 0.35751441239299053, "over": 0.6407203950154153, "metrics": {"loss": 1.135132074356079, "acc": 0.6341463327407837, "AUC": 0.7117787599563599, "number_of_bets_tested": 41}}, "ans": 1}, "2020020556.0": {"pred": {"under": 0.18008396620464495, "over": 0.8198657995338292, "metrics": {"loss": 1.135132074356079, "acc": 0.6341463327407837, "AUC": 0.7117787599563599, "number_of_bets_tested": 41}}, "ans": 0}, "2020020580.0": {"pred": {"under": 0.12089039112888948, "over": 0.8793872971490964, "metrics": {"loss": 1.135132074356079, "acc": 0.6341463327407837, "AUC": 0.7117787599563599, "number_of_bets_tested": 41}}, "ans": 0}, "2020020611.0": {"pred": {"under": 0.23704691764561794, "over": 0.7629917278272381, "metrics": {"loss": 1.135132074356079, "acc": 0.6341463327407837, "AUC": 0.7117787599563599, "number_of_bets_tested": 41}}, "ans": 0}, "2020020625.0": {"pred": {"under": 0.8897354014187545, "over": 0.11020823527601295, "metrics": {"loss": 1.135132074356079, "acc": 0.6341463327407837, "AUC": 0.7117787599563599, "number_of_bets_tested": 41}}, "ans": 1}, "2020020494.0": {"pred": {"under": 0.9392588014012961, "over": 0.060609397836674975, "metrics": {"loss": 1.135132074356079, "acc": 0.6341463327407837, "AUC": 0.7117787599563599, "number_of_bets_tested": 41}}, "ans": 0}, "2020020216.0": {"pred": {"under": 0.81032888672114, "over": 0.18927424749168076, "metrics": {"loss": 1.135132074356079, "acc": 0.6341463327407837, "AUC": 0.7117787599563599, "number_of_bets_tested": 41}}, "ans": 0}, "2020020716.0": {"pred": {"under": 0.9703826040221772, "over": 0.029607257273427424, "metrics": {"loss": 1.135132074356079, "acc": 0.6341463327407837, "AUC": 0.7117787599563599, "number_of_bets_tested": 41}}, "ans": 1}, "2020020783.0": {"pred": {"under": 0.6441999086531371, "over": 0.3537393189571221, "metrics": {"loss": 1.135132074356079, "acc": 0.6341463327407837, "AUC": 0.7117787599563599, "number_of_bets_tested": 41}}, "ans": 1}, "2020020839.0": {"pred": {"under": 0.7719487911603368, "over": 0.2273280453216685, "metrics": {"loss": 1.135132074356079, "acc": 0.6341463327407837, "AUC": 0.7117787599563599, "number_of_bets_tested": 41}}, "ans": 0}}