{"2020020559.0": {"pred": {"under": 0.22616266425770157, "over": 0.7713346372518728, "metrics": {"loss": 1.1257814168930054, "acc": 0.39344263076782227, "AUC": 0.39062079787254333, "number_of_bets_tested": 61}}, "ans": 1}, "2020020574.0": {"pred": {"under": 0.45398444201767657, "over": 0.5459305470808449, "metrics": {"loss": 1.1257814168930054, "acc": 0.39344263076782227, "AUC": 0.39062079787254333, "number_of_bets_tested": 61}}, "ans": 1}, "2020020616.0": {"pred": {"under": 0.45398444201767657, "over": 0.5459305470808449, "metrics": {"loss": 1.1257814168930054, "acc": 0.39344263076782227, "AUC": 0.39062079787254333, "number_of_bets_tested": 61}}, "ans": 1}, "2020020630.0": {"pred": {"under": 0.3750161656777429, "over": 0.6227542918460564, "metrics": {"loss": 1.1257814168930054, "acc": 0.39344263076782227, "AUC": 0.39062079787254333, "number_of_bets_tested": 61}}, "ans": 1}, "2020020644.0": {"pred": {"under": 0.23616367406165578, "over": 0.760803404749626, "metrics": {"loss": 1.1257814168930054, "acc": 0.39344263076782227, "AUC": 0.39062079787254333, "number_of_bets_tested": 61}}, "ans": 1}, "2020020659.0": {"pred": {"under": 0.33627996514260006, "over": 0.6597557123214537, "metrics": {"loss": 1.1257814168930054, "acc": 0.39344263076782227, "AUC": 0.39062079787254333, "number_of_bets_tested": 61}}, "ans": 1}, "2020020679.0": {"pred": {"under": 0.16238307331402677, "over": 0.8363894744636146, "metrics": {"loss": 1.1257814168930054, "acc": 0.39344263076782227, "AUC": 0.39062079787254333, "number_of_bets_tested": 61}}, "ans": 1}, "2020020694.0": {"pred": {"under": 0.5525073379493316, "over": 0.44561012139349293, "metrics": {"loss": 1.1257814168930054, "acc": 0.39344263076782227, "AUC": 0.39062079787254333, "number_of_bets_tested": 61}}, "ans": 0}, "2020020706.0": {"pred": {"under": 0.5072994615565405, "over": 0.4899848049400409, "metrics": {"loss": 1.1257814168930054, "acc": 0.39344263076782227, "AUC": 0.39062079787254333, "number_of_bets_tested": 61}}, "ans": 0}, "2020020718.0": {"pred": {"under": 0.45398444201767657, "over": 0.5459305470808449, "metrics": {"loss": 1.1257814168930054, "acc": 0.39344263076782227, "AUC": 0.39062079787254333, "number_of_bets_tested": 61}}, "ans": 0}, "2020020731.0": {"pred": {"under": 0.49077427652754746, "over": 0.5070356030192488, "metrics": {"loss": 1.1257814168930054, "acc": 0.39344263076782227, "AUC": 0.39062079787254333, "number_of_bets_tested": 61}}, "ans": 1}, "2020020756.0": {"pred": {"under": 0.48398622027677024, "over": 0.5119857196053806, "metrics": {"loss": 1.1257814168930054, "acc": 0.39344263076782227, "AUC": 0.39062079787254333, "number_of_bets_tested": 61}}, "ans": 0}, "2020020772.0": {"pred": {"under": 0.512754780147502, "over": 0.4881368011713419, "metrics": {"loss": 1.1257814168930054, "acc": 0.39344263076782227, "AUC": 0.39062079787254333, "number_of_bets_tested": 61}}, "ans": 0}, "2020020347.0": {"pred": {"under": 0.10080719407350687, "over": 0.8989389792926497, "metrics": {"loss": 1.1257814168930054, "acc": 0.39344263076782227, "AUC": 0.39062079787254333, "number_of_bets_tested": 61}}, "ans": 1}, "2020020033.0": {"pred": {"under": 0.45398444201767657, "over": 0.5459305470808449, "metrics": {"loss": 1.1257814168930054, "acc": 0.39344263076782227, "AUC": 0.39062079787254333, "number_of_bets_tested": 61}}, "ans": 0}, "2020020048.0": {"pred": {"under": 0.39329307741460706, "over": 0.6063134217705102, "metrics": {"loss": 1.1257814168930054, "acc": 0.39344263076782227, "AUC": 0.39062079787254333, "number_of_bets_tested": 61}}, "ans": 1}, "2020030142.0": {"pred": {"under": 0.028488058888954785, "over": 0.9714977900567626, "metrics": {"loss": 1.1257814168930054, "acc": 0.39344263076782227, "AUC": 0.39062079787254333, "number_of_bets_tested": 61}}, "ans": 0}, "2020030143.0": {"pred": {"under": 0.049831286278126, "over": 0.9500830636827499, "metrics": {"loss": 1.1257814168930054, "acc": 0.39344263076782227, "AUC": 0.39062079787254333, "number_of_bets_tested": 61}}, "ans": 1}}