{"2020020516.0": {"pred": {"under": 0.4287516744131556, "over": 0.5716893559577126, "metrics": {"loss": 1.001573920249939, "acc": 0.523809552192688, "AUC": 0.6133787035942078, "number_of_bets_tested": 21}}, "ans": 0}, "2020020558.0": {"pred": {"under": 0.37883587624247633, "over": 0.6222196606355098, "metrics": {"loss": 1.001573920249939, "acc": 0.523809552192688, "AUC": 0.6133787035942078, "number_of_bets_tested": 21}}, "ans": 1}, "2020020572.0": {"pred": {"under": 0.5619387828187676, "over": 0.43930292288375294, "metrics": {"loss": 1.001573920249939, "acc": 0.523809552192688, "AUC": 0.6133787035942078, "number_of_bets_tested": 21}}, "ans": 1}, "2020020613.0": {"pred": {"under": 0.5584430014148631, "over": 0.4436741219848041, "metrics": {"loss": 1.001573920249939, "acc": 0.523809552192688, "AUC": 0.6133787035942078, "number_of_bets_tested": 21}}, "ans": 0}, "2020020627.0": {"pred": {"under": 0.5930032156245791, "over": 0.40697333874807656, "metrics": {"loss": 1.001573920249939, "acc": 0.523809552192688, "AUC": 0.6133787035942078, "number_of_bets_tested": 21}}, "ans": 1}, "2020020636.0": {"pred": {"under": 0.4698241168405475, "over": 0.531621613949574, "metrics": {"loss": 1.001573920249939, "acc": 0.523809552192688, "AUC": 0.6133787035942078, "number_of_bets_tested": 21}}, "ans": 1}, "2020020651.0": {"pred": {"under": 0.5256045915147196, "over": 0.4740462461650081, "metrics": {"loss": 1.001573920249939, "acc": 0.523809552192688, "AUC": 0.6133787035942078, "number_of_bets_tested": 21}}, "ans": 0}, "2020020666.0": {"pred": {"under": 0.5425835213485808, "over": 0.45739908644385846, "metrics": {"loss": 1.001573920249939, "acc": 0.523809552192688, "AUC": 0.6133787035942078, "number_of_bets_tested": 21}}, "ans": 0}, "2020020676.0": {"pred": {"under": 0.19083051853516378, "over": 0.8088095467467731, "metrics": {"loss": 1.001573920249939, "acc": 0.523809552192688, "AUC": 0.6133787035942078, "number_of_bets_tested": 21}}, "ans": 0}, "2020020691.0": {"pred": {"under": 0.4006708685519702, "over": 0.6010385979800109, "metrics": {"loss": 1.001573920249939, "acc": 0.523809552192688, "AUC": 0.6133787035942078, "number_of_bets_tested": 21}}, "ans": 1}, "2020020702.0": {"pred": {"under": 0.3869364099550208, "over": 0.6133886794997342, "metrics": {"loss": 1.001573920249939, "acc": 0.523809552192688, "AUC": 0.6133787035942078, "number_of_bets_tested": 21}}, "ans": 1}, "2020020717.0": {"pred": {"under": 0.23117340072296821, "over": 0.7685605348360746, "metrics": {"loss": 1.001573920249939, "acc": 0.523809552192688, "AUC": 0.6133787035942078, "number_of_bets_tested": 21}}, "ans": 1}, "2020020254.0": {"pred": {"under": 0.43243057709250143, "over": 0.5700240269839533, "metrics": {"loss": 1.001573920249939, "acc": 0.523809552192688, "AUC": 0.6133787035942078, "number_of_bets_tested": 21}}, "ans": 1}, "2020020739.0": {"pred": {"under": 0.7859897679714436, "over": 0.21472385478822792, "metrics": {"loss": 1.001573920249939, "acc": 0.523809552192688, "AUC": 0.6133787035942078, "number_of_bets_tested": 21}}, "ans": 0}, "2020020754.0": {"pred": {"under": 0.28474075751431016, "over": 0.7153500858470361, "metrics": {"loss": 1.001573920249939, "acc": 0.523809552192688, "AUC": 0.6133787035942078, "number_of_bets_tested": 21}}, "ans": 1}, "2020020768.0": {"pred": {"under": 0.4943092233453683, "over": 0.5069176215626675, "metrics": {"loss": 1.001573920249939, "acc": 0.523809552192688, "AUC": 0.6133787035942078, "number_of_bets_tested": 21}}, "ans": 0}, "2020020784.0": {"pred": {"under": 0.5666341036074419, "over": 0.4344562279814886, "metrics": {"loss": 1.001573920249939, "acc": 0.523809552192688, "AUC": 0.6133787035942078, "number_of_bets_tested": 21}}, "ans": 1}, "2020020814.0": {"pred": {"under": 0.603525217785625, "over": 0.398723556354591, "metrics": {"loss": 1.001573920249939, "acc": 0.523809552192688, "AUC": 0.6133787035942078, "number_of_bets_tested": 21}}, "ans": 1}, "2020020830.0": {"pred": {"under": 0.5430033699958419, "over": 0.45931599790895583, "metrics": {"loss": 1.001573920249939, "acc": 0.523809552192688, "AUC": 0.6133787035942078, "number_of_bets_tested": 21}}, "ans": 0}, "2020020838.0": {"pred": {"under": 0.02716776115666284, "over": 0.9728206755531624, "metrics": {"loss": 1.001573920249939, "acc": 0.523809552192688, "AUC": 0.6133787035942078, "number_of_bets_tested": 21}}, "ans": 0}}