{"2020020470.0": {"pred": {"under": 0.07996011208201285, "over": 0.9200354109536517, "metrics": {"loss": 1.5529472827911377, "acc": 0.5362318754196167, "AUC": 0.5910522937774658, "number_of_bets_tested": 69}}, "ans": 1}, "2020020485.0": {"pred": {"under": 0.29791200415473745, "over": 0.7015060084506581, "metrics": {"loss": 1.5529472827911377, "acc": 0.5362318754196167, "AUC": 0.5910522937774658, "number_of_bets_tested": 69}}, "ans": 0}, "2020020497.0": {"pred": {"under": 0.18077085622955572, "over": 0.8191705474299473, "metrics": {"loss": 1.5529472827911377, "acc": 0.5362318754196167, "AUC": 0.5910522937774658, "number_of_bets_tested": 69}}, "ans": 0}, "2020020518.0": {"pred": {"under": 0.1798856039393156, "over": 0.8200599530509431, "metrics": {"loss": 1.5529472827911377, "acc": 0.5362318754196167, "AUC": 0.5910522937774658, "number_of_bets_tested": 69}}, "ans": 0}, "2020020559.0": {"pred": {"under": 0.15508424156247985, "over": 0.8448800775088503, "metrics": {"loss": 1.5529472827911377, "acc": 0.5362318754196167, "AUC": 0.5910522937774658, "number_of_bets_tested": 69}}, "ans": 0}, "2020020574.0": {"pred": {"under": 0.23674292940067684, "over": 0.763144478971623, "metrics": {"loss": 1.5529472827911377, "acc": 0.5362318754196167, "AUC": 0.5910522937774658, "number_of_bets_tested": 69}}, "ans": 1}, "2020020600.0": {"pred": {"under": 0.05240067389543507, "over": 0.9475992590699702, "metrics": {"loss": 1.5529472827911377, "acc": 0.5362318754196167, "AUC": 0.5910522937774658, "number_of_bets_tested": 69}}, "ans": 0}, "2020020616.0": {"pred": {"under": 0.22260428841599347, "over": 0.7773233685977782, "metrics": {"loss": 1.5529472827911377, "acc": 0.5362318754196167, "AUC": 0.5910522937774658, "number_of_bets_tested": 69}}, "ans": 0}, "2020020630.0": {"pred": {"under": 0.20606474373416203, "over": 0.7938564803182504, "metrics": {"loss": 1.5529472827911377, "acc": 0.5362318754196167, "AUC": 0.5910522937774658, "number_of_bets_tested": 69}}, "ans": 1}, "2020020643.0": {"pred": {"under": 0.3943016062108519, "over": 0.6053763777049892, "metrics": {"loss": 1.5529472827911377, "acc": 0.5362318754196167, "AUC": 0.5910522937774658, "number_of_bets_tested": 69}}, "ans": 0}, "2020020658.0": {"pred": {"under": 0.3557532754965155, "over": 0.6440283981120967, "metrics": {"loss": 1.5529472827911377, "acc": 0.5362318754196167, "AUC": 0.5910522937774658, "number_of_bets_tested": 69}}, "ans": 1}, "2020020683.0": {"pred": {"under": 0.3149265970780253, "over": 0.6846771136977275, "metrics": {"loss": 1.5529472827911377, "acc": 0.5362318754196167, "AUC": 0.5910522937774658, "number_of_bets_tested": 69}}, "ans": 0}, "2020020699.0": {"pred": {"under": 0.45376009291013747, "over": 0.5467594169069226, "metrics": {"loss": 1.5529472827911377, "acc": 0.5362318754196167, "AUC": 0.5910522937774658, "number_of_bets_tested": 69}}, "ans": 0}, "2020020707.0": {"pred": {"under": 0.4749643926297607, "over": 0.5257420003703146, "metrics": {"loss": 1.5529472827911377, "acc": 0.5362318754196167, "AUC": 0.5910522937774658, "number_of_bets_tested": 69}}, "ans": 0}, "2020020719.0": {"pred": {"under": 0.7338697473044009, "over": 0.2668418305364973, "metrics": {"loss": 1.5529472827911377, "acc": 0.5362318754196167, "AUC": 0.5910522937774658, "number_of_bets_tested": 69}}, "ans": 1}, "2020020731.0": {"pred": {"under": 0.8930677884716455, "over": 0.10707142780258856, "metrics": {"loss": 1.5529472827911377, "acc": 0.5362318754196167, "AUC": 0.5910522937774658, "number_of_bets_tested": 69}}, "ans": 0}, "2020020756.0": {"pred": {"under": 0.8886867078215533, "over": 0.11145087145642216, "metrics": {"loss": 1.5529472827911377, "acc": 0.5362318754196167, "AUC": 0.5910522937774658, "number_of_bets_tested": 69}}, "ans": 0}, "2020020771.0": {"pred": {"under": 0.5008354628099227, "over": 0.49913903048008623, "metrics": {"loss": 1.5529472827911377, "acc": 0.5362318754196167, "AUC": 0.5910522937774658, "number_of_bets_tested": 69}}, "ans": 0}, "2020020817.0": {"pred": {"under": 0.46530368629811647, "over": 0.5348549046259383, "metrics": {"loss": 1.5529472827911377, "acc": 0.5362318754196167, "AUC": 0.5910522937774658, "number_of_bets_tested": 69}}, "ans": 0}, "2020020831.0": {"pred": {"under": 0.40583620712012114, "over": 0.5940544634081736, "metrics": {"loss": 1.5529472827911377, "acc": 0.5362318754196167, "AUC": 0.5910522937774658, "number_of_bets_tested": 69}}, "ans": 0}, "2020020845.0": {"pred": {"under": 0.291224251879218, "over": 0.7085927491953312, "metrics": {"loss": 1.5529472827911377, "acc": 0.5362318754196167, "AUC": 0.5910522937774658, "number_of_bets_tested": 69}}, "ans": 0}}