{"2020020582.0": {"pred": {"under": 0.5746120527217331, "over": 0.4253312633021987, "metrics": {"loss": 2.140028476715088, "acc": 0.6285714507102966, "AUC": 0.6077550649642944, "number_of_bets_tested": 35}}, "ans": 0}, "2020020638.0": {"pred": {"under": 0.23111648744201826, "over": 0.7687223368628596, "metrics": {"loss": 2.140028476715088, "acc": 0.6285714507102966, "AUC": 0.6077550649642944, "number_of_bets_tested": 35}}, "ans": 1}, "2020020721.0": {"pred": {"under": 0.3988508903674248, "over": 0.6001860257954772, "metrics": {"loss": 2.140028476715088, "acc": 0.6285714507102966, "AUC": 0.6077550649642944, "number_of_bets_tested": 35}}, "ans": 0}, "2020020777.0": {"pred": {"under": 0.6001787914770007, "over": 0.39941105786833075, "metrics": {"loss": 2.140028476715088, "acc": 0.6285714507102966, "AUC": 0.6077550649642944, "number_of_bets_tested": 35}}, "ans": 0}, "2020020789.0": {"pred": {"under": 0.7491690367769148, "over": 0.2506191892431945, "metrics": {"loss": 2.140028476715088, "acc": 0.6285714507102966, "AUC": 0.6077550649642944, "number_of_bets_tested": 35}}, "ans": 0}, "2020020593.0": {"pred": {"under": 0.5891557463369553, "over": 0.41024497404863747, "metrics": {"loss": 2.140028476715088, "acc": 0.6285714507102966, "AUC": 0.6077550649642944, "number_of_bets_tested": 35}}, "ans": 0}, "2020030182.0": {"pred": {"under": 0.8013276553036832, "over": 0.19842029354893714, "metrics": {"loss": 2.140028476715088, "acc": 0.6285714507102966, "AUC": 0.6077550649642944, "number_of_bets_tested": 35}}, "ans": 1}, "2020030183.0": {"pred": {"under": 0.9200618797065566, "over": 0.07989192355721045, "metrics": {"loss": 2.140028476715088, "acc": 0.6285714507102966, "AUC": 0.6077550649642944, "number_of_bets_tested": 35}}, "ans": 1}, "2020030184.0": {"pred": {"under": 0.9340836853745734, "over": 0.06588891249522932, "metrics": {"loss": 2.140028476715088, "acc": 0.6285714507102966, "AUC": 0.6077550649642944, "number_of_bets_tested": 35}}, "ans": 0}}