{"2020020480.0": {"pred": {"under": 0.4442935046672807, "over": 0.5558938326164725, "metrics": {"loss": 1.9224458932876587, "acc": 0.39393940567970276, "AUC": 0.3880854547023773, "number_of_bets_tested": 66}}, "ans": 0}, "2020020490.0": {"pred": {"under": 0.30368380273679935, "over": 0.6964496903010141, "metrics": {"loss": 1.9224458932876587, "acc": 0.39393940567970276, "AUC": 0.3880854547023773, "number_of_bets_tested": 66}}, "ans": 0}, "2020020521.0": {"pred": {"under": 0.3755871216720462, "over": 0.623593688456283, "metrics": {"loss": 1.9224458932876587, "acc": 0.39393940567970276, "AUC": 0.3880854547023773, "number_of_bets_tested": 66}}, "ans": 0}, "2020020536.0": {"pred": {"under": 0.21396840683207988, "over": 0.7861337869674929, "metrics": {"loss": 1.9224458932876587, "acc": 0.39393940567970276, "AUC": 0.3880854547023773, "number_of_bets_tested": 66}}, "ans": 1}, "2020020551.0": {"pred": {"under": 0.3166795662336647, "over": 0.683887430703691, "metrics": {"loss": 1.9224458932876587, "acc": 0.39393940567970276, "AUC": 0.3880854547023773, "number_of_bets_tested": 66}}, "ans": 0}, "2020020566.0": {"pred": {"under": 0.43068725024696675, "over": 0.5695609930902915, "metrics": {"loss": 1.9224458932876587, "acc": 0.39393940567970276, "AUC": 0.3880854547023773, "number_of_bets_tested": 66}}, "ans": 0}, "2020020581.0": {"pred": {"under": 0.36901242786775207, "over": 0.6314590647558602, "metrics": {"loss": 1.9224458932876587, "acc": 0.39393940567970276, "AUC": 0.3880854547023773, "number_of_bets_tested": 66}}, "ans": 1}, "2020020603.0": {"pred": {"under": 0.14016030714496416, "over": 0.860081303464448, "metrics": {"loss": 1.9224458932876587, "acc": 0.39393940567970276, "AUC": 0.3880854547023773, "number_of_bets_tested": 66}}, "ans": 0}, "2020020608.0": {"pred": {"under": 0.6020321425672859, "over": 0.3974723468989095, "metrics": {"loss": 1.9224458932876587, "acc": 0.39393940567970276, "AUC": 0.3880854547023773, "number_of_bets_tested": 66}}, "ans": 1}, "2020020622.0": {"pred": {"under": 0.12184018258253693, "over": 0.8783153873594541, "metrics": {"loss": 1.9224458932876587, "acc": 0.39393940567970276, "AUC": 0.3880854547023773, "number_of_bets_tested": 66}}, "ans": 1}, "2020020646.0": {"pred": {"under": 0.09676372627777069, "over": 0.9033215376254703, "metrics": {"loss": 1.9224458932876587, "acc": 0.39393940567970276, "AUC": 0.3880854547023773, "number_of_bets_tested": 66}}, "ans": 1}, "2020020660.0": {"pred": {"under": 0.48959424592068496, "over": 0.509979053245393, "metrics": {"loss": 1.9224458932876587, "acc": 0.39393940567970276, "AUC": 0.3880854547023773, "number_of_bets_tested": 66}}, "ans": 0}, "2020020669.0": {"pred": {"under": 0.4340605707476538, "over": 0.5661728672786077, "metrics": {"loss": 1.9224458932876587, "acc": 0.39393940567970276, "AUC": 0.3880854547023773, "number_of_bets_tested": 66}}, "ans": 0}, "2020020697.0": {"pred": {"under": 0.4442935046672807, "over": 0.5558938326164725, "metrics": {"loss": 1.9224458932876587, "acc": 0.39393940567970276, "AUC": 0.3880854547023773, "number_of_bets_tested": 66}}, "ans": 1}, "2020020710.0": {"pred": {"under": 0.018368150653797218, "over": 0.9816314749475271, "metrics": {"loss": 1.9224458932876587, "acc": 0.39393940567970276, "AUC": 0.3880854547023773, "number_of_bets_tested": 66}}, "ans": 1}, "2020020726.0": {"pred": {"under": 0.1631602226143522, "over": 0.8367283607211451, "metrics": {"loss": 1.9224458932876587, "acc": 0.39393940567970276, "AUC": 0.3880854547023773, "number_of_bets_tested": 66}}, "ans": 1}, "2020020775.0": {"pred": {"under": 0.2295960291858994, "over": 0.7705034582205543, "metrics": {"loss": 1.9224458932876587, "acc": 0.39393940567970276, "AUC": 0.3880854547023773, "number_of_bets_tested": 66}}, "ans": 1}, "2020020792.0": {"pred": {"under": 0.1785989841685246, "over": 0.8210325715438758, "metrics": {"loss": 1.9224458932876587, "acc": 0.39393940567970276, "AUC": 0.3880854547023773, "number_of_bets_tested": 66}}, "ans": 1}, "2020020819.0": {"pred": {"under": 0.6705109651501908, "over": 0.32916606906998486, "metrics": {"loss": 1.9224458932876587, "acc": 0.39393940567970276, "AUC": 0.3880854547023773, "number_of_bets_tested": 66}}, "ans": 1}, "2020020847.0": {"pred": {"under": 0.24598745989310913, "over": 0.7545486054391374, "metrics": {"loss": 1.9224458932876587, "acc": 0.39393940567970276, "AUC": 0.3880854547023773, "number_of_bets_tested": 66}}, "ans": 1}, "2020020833.0": {"pred": {"under": 0.31910714699941056, "over": 0.6814576367905588, "metrics": {"loss": 1.9224458932876587, "acc": 0.39393940567970276, "AUC": 0.3880854547023773, "number_of_bets_tested": 66}}, "ans": 1}, "2020030171.0": {"pred": {"under": 0.12236103697693058, "over": 0.8777734697511897, "metrics": {"loss": 1.9224458932876587, "acc": 0.39393940567970276, "AUC": 0.3880854547023773, "number_of_bets_tested": 66}}, "ans": 1}, "2020030172.0": {"pred": {"under": 0.2557250752108753, "over": 0.7448257024910062, "metrics": {"loss": 1.9224458932876587, "acc": 0.39393940567970276, "AUC": 0.3880854547023773, "number_of_bets_tested": 66}}, "ans": 1}, "2020030173.0": {"pred": {"under": 0.4442935046672807, "over": 0.5558938326164725, "metrics": {"loss": 1.9224458932876587, "acc": 0.39393940567970276, "AUC": 0.3880854547023773, "number_of_bets_tested": 66}}, "ans": 1}}