{"2020030154.0": {"pred": {"under": 0.03179327800707975, "over": 0.9681850604438962, "metrics": {"loss": 2.3738293647766113, "acc": 0.380952388048172, "AUC": 0.2868480682373047, "number_of_bets_tested": 21}}, "ans": 0}}