{"2020020186.0": {"pred": {"under": 0.8296286895898936, "over": 0.17051788553524627, "metrics": {"loss": 1.0923281908035278, "acc": 0.6111111044883728, "AUC": 0.625, "number_of_bets_tested": 54}}, "ans": 1}, "2020020461.0": {"pred": {"under": 0.914525621048145, "over": 0.08542639889121856, "metrics": {"loss": 1.0923281908035278, "acc": 0.6111111044883728, "AUC": 0.625, "number_of_bets_tested": 54}}, "ans": 0}, "2020020502.0": {"pred": {"under": 0.9732485865226155, "over": 0.02674578566581063, "metrics": {"loss": 1.0923281908035278, "acc": 0.6111111044883728, "AUC": 0.625, "number_of_bets_tested": 54}}, "ans": 0}, "2020020508.0": {"pred": {"under": 0.5183528861346351, "over": 0.4824859773434476, "metrics": {"loss": 1.0923281908035278, "acc": 0.6111111044883728, "AUC": 0.625, "number_of_bets_tested": 54}}, "ans": 1}, "2020020528.0": {"pred": {"under": 0.5183528861346351, "over": 0.4824859773434476, "metrics": {"loss": 1.0923281908035278, "acc": 0.6111111044883728, "AUC": 0.625, "number_of_bets_tested": 54}}, "ans": 0}, "2020020540.0": {"pred": {"under": 0.8703364081253874, "over": 0.1295505241805878, "metrics": {"loss": 1.0923281908035278, "acc": 0.6111111044883728, "AUC": 0.625, "number_of_bets_tested": 54}}, "ans": 0}, "2020020209.0": {"pred": {"under": 0.9885136664247596, "over": 0.011486045303701682, "metrics": {"loss": 1.0923281908035278, "acc": 0.6111111044883728, "AUC": 0.625, "number_of_bets_tested": 54}}, "ans": 0}, "2020020583.0": {"pred": {"under": 0.7859995611598243, "over": 0.2137661350209637, "metrics": {"loss": 1.0923281908035278, "acc": 0.6111111044883728, "AUC": 0.625, "number_of_bets_tested": 54}}, "ans": 0}, "2020020604.0": {"pred": {"under": 0.8128330653023964, "over": 0.1868308127824991, "metrics": {"loss": 1.0923281908035278, "acc": 0.6111111044883728, "AUC": 0.625, "number_of_bets_tested": 54}}, "ans": 1}, "2020020610.0": {"pred": {"under": 0.9948287548655154, "over": 0.005171184593403637, "metrics": {"loss": 1.0923281908035278, "acc": 0.6111111044883728, "AUC": 0.625, "number_of_bets_tested": 54}}, "ans": 0}, "2020020624.0": {"pred": {"under": 0.9966740946687215, "over": 0.003325906573869782, "metrics": {"loss": 1.0923281908035278, "acc": 0.6111111044883728, "AUC": 0.625, "number_of_bets_tested": 54}}, "ans": 1}, "2020020639.0": {"pred": {"under": 0.6971757772792624, "over": 0.30410474698840445, "metrics": {"loss": 1.0923281908035278, "acc": 0.6111111044883728, "AUC": 0.625, "number_of_bets_tested": 54}}, "ans": 0}, "2020020655.0": {"pred": {"under": 0.9139158414683871, "over": 0.08615210244997878, "metrics": {"loss": 1.0923281908035278, "acc": 0.6111111044883728, "AUC": 0.625, "number_of_bets_tested": 54}}, "ans": 0}, "2020020225.0": {"pred": {"under": 0.25102215345451656, "over": 0.7488902775524928, "metrics": {"loss": 1.0923281908035278, "acc": 0.6111111044883728, "AUC": 0.625, "number_of_bets_tested": 54}}, "ans": 0}, "2020020700.0": {"pred": {"under": 0.9497206013322944, "over": 0.0503214219081417, "metrics": {"loss": 1.0923281908035278, "acc": 0.6111111044883728, "AUC": 0.625, "number_of_bets_tested": 54}}, "ans": 0}, "2020020712.0": {"pred": {"under": 0.5746149535803222, "over": 0.42399646695848264, "metrics": {"loss": 1.0923281908035278, "acc": 0.6111111044883728, "AUC": 0.625, "number_of_bets_tested": 54}}, "ans": 0}, "2020020727.0": {"pred": {"under": 0.46167341630996245, "over": 0.5367360438535985, "metrics": {"loss": 1.0923281908035278, "acc": 0.6111111044883728, "AUC": 0.625, "number_of_bets_tested": 54}}, "ans": 0}, "2020020766.0": {"pred": {"under": 0.8945429677063749, "over": 0.10556807960886938, "metrics": {"loss": 1.0923281908035278, "acc": 0.6111111044883728, "AUC": 0.625, "number_of_bets_tested": 54}}, "ans": 1}, "2020020781.0": {"pred": {"under": 0.3645543819922967, "over": 0.6344481979347963, "metrics": {"loss": 1.0923281908035278, "acc": 0.6111111044883728, "AUC": 0.625, "number_of_bets_tested": 54}}, "ans": 0}, "2020020822.0": {"pred": {"under": 0.5183528861346351, "over": 0.4824859773434476, "metrics": {"loss": 1.0923281908035278, "acc": 0.6111111044883728, "AUC": 0.625, "number_of_bets_tested": 54}}, "ans": 1}, "2020020836.0": {"pred": {"under": 0.9867359594997211, "over": 0.013263184461635137, "metrics": {"loss": 1.0923281908035278, "acc": 0.6111111044883728, "AUC": 0.625, "number_of_bets_tested": 54}}, "ans": 1}, "2020020853.0": {"pred": {"under": 0.9417170757347723, "over": 0.05827426062793782, "metrics": {"loss": 1.0923281908035278, "acc": 0.6111111044883728, "AUC": 0.625, "number_of_bets_tested": 54}}, "ans": 0}}