{"2020020811.0": {"pred": {"under": 0.6911181926524904, "over": 0.31064577779376884, "metrics": {"loss": 1.5034500360488892, "acc": 0.44999998807907104, "AUC": 0.45749998092651367, "number_of_bets_tested": 20}}, "ans": 0}}