{"2020020642.0": {"pred": {"under": 0.5276679147506025, "over": 0.4715693790810138, "metrics": {"loss": 0.8248144388198853, "acc": 0.6333333253860474, "AUC": 0.6388888955116272, "number_of_bets_tested": 30}}, "ans": 1}, "2020020681.0": {"pred": {"under": 0.7244930635128266, "over": 0.27056313938806026, "metrics": {"loss": 0.8248144388198853, "acc": 0.6333333253860474, "AUC": 0.6388888955116272, "number_of_bets_tested": 30}}, "ans": 0}, "2020020771.0": {"pred": {"under": 0.6417959193811688, "over": 0.35841622704681847, "metrics": {"loss": 0.8248144388198853, "acc": 0.6333333253860474, "AUC": 0.6388888955116272, "number_of_bets_tested": 30}}, "ans": 1}, "2020020786.0": {"pred": {"under": 0.5958722093812372, "over": 0.4041578548417614, "metrics": {"loss": 0.8248144388198853, "acc": 0.6333333253860474, "AUC": 0.6388888955116272, "number_of_bets_tested": 30}}, "ans": 0}, "2020020845.0": {"pred": {"under": 0.6893382351750968, "over": 0.31107111971023776, "metrics": {"loss": 0.8248144388198853, "acc": 0.6333333253860474, "AUC": 0.6388888955116272, "number_of_bets_tested": 30}}, "ans": 1}}