{"2020020616.0": {"pred": {"under": 0.885244377518683, "over": 0.11374903931149505, "metrics": {"loss": 1.4070146083831787, "acc": 0.6612903475761414, "AUC": 0.7304891347885132, "number_of_bets_tested": 62}}, "ans": 1}, "2020020630.0": {"pred": {"under": 0.848969578511509, "over": 0.1492257645021889, "metrics": {"loss": 1.4070146083831787, "acc": 0.6612903475761414, "AUC": 0.7304891347885132, "number_of_bets_tested": 62}}, "ans": 1}, "2020020679.0": {"pred": {"under": 0.5790549482288202, "over": 0.4217537189509408, "metrics": {"loss": 1.4070146083831787, "acc": 0.6612903475761414, "AUC": 0.7304891347885132, "number_of_bets_tested": 62}}, "ans": 0}, "2020020347.0": {"pred": {"under": 0.9412868009595297, "over": 0.05872958847237469, "metrics": {"loss": 1.4070146083831787, "acc": 0.6612903475761414, "AUC": 0.7304891347885132, "number_of_bets_tested": 62}}, "ans": 0}, "2020020048.0": {"pred": {"under": 0.64014131480296, "over": 0.3597582491742816, "metrics": {"loss": 1.4070146083831787, "acc": 0.6612903475761414, "AUC": 0.7304891347885132, "number_of_bets_tested": 62}}, "ans": 0}}