{"2020020754.0": {"pred": {"under": 0.2869643706097556, "over": 0.712506599008741, "metrics": {"loss": 2.236400842666626, "acc": 0.5555555820465088, "AUC": 0.5871056318283081, "number_of_bets_tested": 27}}, "ans": 1}, "2020020768.0": {"pred": {"under": 0.06196913792407681, "over": 0.93804183168643, "metrics": {"loss": 2.236400842666626, "acc": 0.5555555820465088, "AUC": 0.5871056318283081, "number_of_bets_tested": 27}}, "ans": 1}, "2020020782.0": {"pred": {"under": 0.11791428288886009, "over": 0.8822954026846124, "metrics": {"loss": 2.236400842666626, "acc": 0.5555555820465088, "AUC": 0.5871056318283081, "number_of_bets_tested": 27}}, "ans": 0}, "2020020842.0": {"pred": {"under": 0.35759510718349125, "over": 0.6441803693839627, "metrics": {"loss": 2.236400842666626, "acc": 0.5555555820465088, "AUC": 0.5871056318283081, "number_of_bets_tested": 27}}, "ans": 1}}