{"2020020186.0": {"pred": {"under": 0.061455971138783615, "over": 0.9386298583037075, "metrics": {"loss": 0.9551877379417419, "acc": 0.42592594027519226, "AUC": 0.46999314427375793, "number_of_bets_tested": 54}}, "ans": 1}, "2020020461.0": {"pred": {"under": 0.11104227845850471, "over": 0.8895181826676989, "metrics": {"loss": 0.9551877379417419, "acc": 0.42592594027519226, "AUC": 0.46999314427375793, "number_of_bets_tested": 54}}, "ans": 0}, "2020020502.0": {"pred": {"under": 0.013597922081687757, "over": 0.9863994970104776, "metrics": {"loss": 0.9551877379417419, "acc": 0.42592594027519226, "AUC": 0.46999314427375793, "number_of_bets_tested": 54}}, "ans": 1}, "2020020508.0": {"pred": {"under": 0.5579766970590468, "over": 0.4417510617326827, "metrics": {"loss": 0.9551877379417419, "acc": 0.42592594027519226, "AUC": 0.46999314427375793, "number_of_bets_tested": 54}}, "ans": 0}, "2020020528.0": {"pred": {"under": 0.2055745506466494, "over": 0.792259788600214, "metrics": {"loss": 0.9551877379417419, "acc": 0.42592594027519226, "AUC": 0.46999314427375793, "number_of_bets_tested": 54}}, "ans": 0}, "2020020209.0": {"pred": {"under": 0.0028296617483039087, "over": 0.9971703293064716, "metrics": {"loss": 0.9551877379417419, "acc": 0.42592594027519226, "AUC": 0.46999314427375793, "number_of_bets_tested": 54}}, "ans": 0}, "2020020583.0": {"pred": {"under": 0.021190302907379558, "over": 0.9788124997750611, "metrics": {"loss": 0.9551877379417419, "acc": 0.42592594027519226, "AUC": 0.46999314427375793, "number_of_bets_tested": 54}}, "ans": 1}, "2020020604.0": {"pred": {"under": 0.14128463882226489, "over": 0.8592858728668926, "metrics": {"loss": 0.9551877379417419, "acc": 0.42592594027519226, "AUC": 0.46999314427375793, "number_of_bets_tested": 54}}, "ans": 1}, "2020020610.0": {"pred": {"under": 0.24746332841713245, "over": 0.7463040575888965, "metrics": {"loss": 0.9551877379417419, "acc": 0.42592594027519226, "AUC": 0.46999314427375793, "number_of_bets_tested": 54}}, "ans": 1}, "2020020624.0": {"pred": {"under": 0.2673390088262904, "over": 0.7320822173147089, "metrics": {"loss": 0.9551877379417419, "acc": 0.42592594027519226, "AUC": 0.46999314427375793, "number_of_bets_tested": 54}}, "ans": 0}, "2020020639.0": {"pred": {"under": 0.10164410982898653, "over": 0.8982468410923343, "metrics": {"loss": 0.9551877379417419, "acc": 0.42592594027519226, "AUC": 0.46999314427375793, "number_of_bets_tested": 54}}, "ans": 1}, "2020020655.0": {"pred": {"under": 0.5988869919933927, "over": 0.40099159840465226, "metrics": {"loss": 0.9551877379417419, "acc": 0.42592594027519226, "AUC": 0.46999314427375793, "number_of_bets_tested": 54}}, "ans": 0}, "2020020225.0": {"pred": {"under": 0.5989097318131815, "over": 0.4014042481922342, "metrics": {"loss": 0.9551877379417419, "acc": 0.42592594027519226, "AUC": 0.46999314427375793, "number_of_bets_tested": 54}}, "ans": 1}, "2020020700.0": {"pred": {"under": 0.4396922034092995, "over": 0.5600786923275205, "metrics": {"loss": 0.9551877379417419, "acc": 0.42592594027519226, "AUC": 0.46999314427375793, "number_of_bets_tested": 54}}, "ans": 1}, "2020020712.0": {"pred": {"under": 0.7021066716245759, "over": 0.2953431833968629, "metrics": {"loss": 0.9551877379417419, "acc": 0.42592594027519226, "AUC": 0.46999314427375793, "number_of_bets_tested": 54}}, "ans": 0}, "2020020727.0": {"pred": {"under": 0.4913599892263676, "over": 0.5007095978075273, "metrics": {"loss": 0.9551877379417419, "acc": 0.42592594027519226, "AUC": 0.46999314427375793, "number_of_bets_tested": 54}}, "ans": 1}, "2020020766.0": {"pred": {"under": 0.7929936748235525, "over": 0.20665056931761647, "metrics": {"loss": 0.9551877379417419, "acc": 0.42592594027519226, "AUC": 0.46999314427375793, "number_of_bets_tested": 54}}, "ans": 1}, "2020020781.0": {"pred": {"under": 0.46635085944609894, "over": 0.521589124994852, "metrics": {"loss": 0.9551877379417419, "acc": 0.42592594027519226, "AUC": 0.46999314427375793, "number_of_bets_tested": 54}}, "ans": 1}, "2020020822.0": {"pred": {"under": 0.43288467473880854, "over": 0.5692194592491062, "metrics": {"loss": 0.9551877379417419, "acc": 0.42592594027519226, "AUC": 0.46999314427375793, "number_of_bets_tested": 54}}, "ans": 1}, "2020020836.0": {"pred": {"under": 0.7939861852964313, "over": 0.2056577535197097, "metrics": {"loss": 0.9551877379417419, "acc": 0.42592594027519226, "AUC": 0.46999314427375793, "number_of_bets_tested": 54}}, "ans": 1}, "2020020853.0": {"pred": {"under": 0.7659538931025083, "over": 0.23357797715807355, "metrics": {"loss": 0.9551877379417419, "acc": 0.42592594027519226, "AUC": 0.46999314427375793, "number_of_bets_tested": 54}}, "ans": 1}}