{"2020020480.0": {"pred": {"under": 0.6216662075833309, "over": 0.3768542661074874, "metrics": {"loss": 0.9284707307815552, "acc": 0.43283581733703613, "AUC": 0.4594564735889435, "number_of_bets_tested": 67}}, "ans": 0}, "2020020490.0": {"pred": {"under": 0.452420960660679, "over": 0.5472879557228534, "metrics": {"loss": 0.9284707307815552, "acc": 0.43283581733703613, "AUC": 0.4594564735889435, "number_of_bets_tested": 67}}, "ans": 0}, "2020020499.0": {"pred": {"under": 0.41064335592544915, "over": 0.5898622960406523, "metrics": {"loss": 0.9284707307815552, "acc": 0.43283581733703613, "AUC": 0.4594564735889435, "number_of_bets_tested": 67}}, "ans": 0}, "2020020511.0": {"pred": {"under": 0.465336317341077, "over": 0.5343110839376464, "metrics": {"loss": 0.9284707307815552, "acc": 0.43283581733703613, "AUC": 0.4594564735889435, "number_of_bets_tested": 67}}, "ans": 0}, "2020020527.0": {"pred": {"under": 0.5590856755725857, "over": 0.4406431401167663, "metrics": {"loss": 0.9284707307815552, "acc": 0.43283581733703613, "AUC": 0.4594564735889435, "number_of_bets_tested": 67}}, "ans": 1}, "2020020537.0": {"pred": {"under": 0.7137108198195905, "over": 0.28661546949142147, "metrics": {"loss": 0.9284707307815552, "acc": 0.43283581733703613, "AUC": 0.4594564735889435, "number_of_bets_tested": 67}}, "ans": 0}, "2020020552.0": {"pred": {"under": 0.8552878072807096, "over": 0.1446657746351105, "metrics": {"loss": 0.9284707307815552, "acc": 0.43283581733703613, "AUC": 0.4594564735889435, "number_of_bets_tested": 67}}, "ans": 0}, "2020020582.0": {"pred": {"under": 0.4611538706058533, "over": 0.5384513556083768, "metrics": {"loss": 0.9284707307815552, "acc": 0.43283581733703613, "AUC": 0.4594564735889435, "number_of_bets_tested": 67}}, "ans": 0}, "2020020603.0": {"pred": {"under": 0.386705600441865, "over": 0.6141239202777795, "metrics": {"loss": 0.9284707307815552, "acc": 0.43283581733703613, "AUC": 0.4594564735889435, "number_of_bets_tested": 67}}, "ans": 0}, "2020020608.0": {"pred": {"under": 0.465336317341077, "over": 0.5343110839376464, "metrics": {"loss": 0.9284707307815552, "acc": 0.43283581733703613, "AUC": 0.4594564735889435, "number_of_bets_tested": 67}}, "ans": 1}, "2020020849.0": {"pred": {"under": 0.465336317341077, "over": 0.5343110839376464, "metrics": {"loss": 0.9284707307815552, "acc": 0.43283581733703613, "AUC": 0.4594564735889435, "number_of_bets_tested": 67}}, "ans": 0}, "2020020669.0": {"pred": {"under": 0.4489698659990432, "over": 0.5504805849946282, "metrics": {"loss": 0.9284707307815552, "acc": 0.43283581733703613, "AUC": 0.4594564735889435, "number_of_bets_tested": 67}}, "ans": 0}, "2020020671.0": {"pred": {"under": 0.533018673833141, "over": 0.4655687751486112, "metrics": {"loss": 0.9284707307815552, "acc": 0.43283581733703613, "AUC": 0.4594564735889435, "number_of_bets_tested": 67}}, "ans": 1}, "2020020686.0": {"pred": {"under": 0.46273941847619837, "over": 0.5369012291372172, "metrics": {"loss": 0.9284707307815552, "acc": 0.43283581733703613, "AUC": 0.4594564735889435, "number_of_bets_tested": 67}}, "ans": 0}, "2020020708.0": {"pred": {"under": 0.465336317341077, "over": 0.5343110839376464, "metrics": {"loss": 0.9284707307815552, "acc": 0.43283581733703613, "AUC": 0.4594564735889435, "number_of_bets_tested": 67}}, "ans": 1}, "2020020736.0": {"pred": {"under": 0.4643035487872564, "over": 0.5353609209313277, "metrics": {"loss": 0.9284707307815552, "acc": 0.43283581733703613, "AUC": 0.4594564735889435, "number_of_bets_tested": 67}}, "ans": 1}, "2020020761.0": {"pred": {"under": 0.4605716327568466, "over": 0.5390206136849824, "metrics": {"loss": 0.9284707307815552, "acc": 0.43283581733703613, "AUC": 0.4594564735889435, "number_of_bets_tested": 67}}, "ans": 1}, "2020020789.0": {"pred": {"under": 0.5832869690850288, "over": 0.4161218394747873, "metrics": {"loss": 0.9284707307815552, "acc": 0.43283581733703613, "AUC": 0.4594564735889435, "number_of_bets_tested": 67}}, "ans": 1}, "2020020834.0": {"pred": {"under": 0.4438057642085843, "over": 0.556192922879521, "metrics": {"loss": 0.9284707307815552, "acc": 0.43283581733703613, "AUC": 0.4594564735889435, "number_of_bets_tested": 67}}, "ans": 0}, "2020020720.0": {"pred": {"under": 0.46393208411155296, "over": 0.5356936164179963, "metrics": {"loss": 0.9284707307815552, "acc": 0.43283581733703613, "AUC": 0.4594564735889435, "number_of_bets_tested": 67}}, "ans": 1}, "2020020864.0": {"pred": {"under": 0.49405887949805877, "over": 0.5055216204852546, "metrics": {"loss": 0.9284707307815552, "acc": 0.43283581733703613, "AUC": 0.4594564735889435, "number_of_bets_tested": 67}}, "ans": 0}, "2020020634.0": {"pred": {"under": 0.465336317341077, "over": 0.5343110839376464, "metrics": {"loss": 0.9284707307815552, "acc": 0.43283581733703613, "AUC": 0.4594564735889435, "number_of_bets_tested": 67}}, "ans": 1}}