{"2020020521.0": {"pred": {"under": 0.49085772666285554, "over": 0.5093763964881277, "metrics": {"loss": 4.492969512939453, "acc": 0.5820895433425903, "AUC": 0.6218534111976624, "number_of_bets_tested": 67}}, "ans": 0}, "2020020833.0": {"pred": {"under": 0.9156983491702754, "over": 0.08446300977686948, "metrics": {"loss": 4.492969512939453, "acc": 0.5820895433425903, "AUC": 0.6218534111976624, "number_of_bets_tested": 67}}, "ans": 1}}