{"2020020465.0": {"pred": {"under": 0.05428977861647338, "over": 0.9457056368350715, "metrics": {"loss": 3.2978897094726562, "acc": 0.4761904776096344, "AUC": 0.4115646183490753, "number_of_bets_tested": 21}}, "ans": 0}}