{"2020020473.0": {"pred": {"under": 0.48157941178914754, "over": 0.5197013634949874, "metrics": {"loss": 1.0610727071762085, "acc": 0.4642857015132904, "AUC": 0.5299745202064514, "number_of_bets_tested": 28}}, "ans": 0}, "2020020488.0": {"pred": {"under": 0.23430247616412672, "over": 0.7656564310007272, "metrics": {"loss": 1.0610727071762085, "acc": 0.4642857015132904, "AUC": 0.5299745202064514, "number_of_bets_tested": 28}}, "ans": 0}, "2020020506.0": {"pred": {"under": 0.11671131191081974, "over": 0.8836021919031392, "metrics": {"loss": 1.0610727071762085, "acc": 0.4642857015132904, "AUC": 0.5299745202064514, "number_of_bets_tested": 28}}, "ans": 1}, "2020020520.0": {"pred": {"under": 0.24764653333737968, "over": 0.7535980485398555, "metrics": {"loss": 1.0610727071762085, "acc": 0.4642857015132904, "AUC": 0.5299745202064514, "number_of_bets_tested": 28}}, "ans": 0}, "2020020560.0": {"pred": {"under": 0.23574190981133372, "over": 0.763908537255704, "metrics": {"loss": 1.0610727071762085, "acc": 0.4642857015132904, "AUC": 0.5299745202064514, "number_of_bets_tested": 28}}, "ans": 1}, "2020020575.0": {"pred": {"under": 0.13846394549051255, "over": 0.8620176849605831, "metrics": {"loss": 1.0610727071762085, "acc": 0.4642857015132904, "AUC": 0.5299745202064514, "number_of_bets_tested": 28}}, "ans": 1}, "2020020617.0": {"pred": {"under": 0.1888228565774835, "over": 0.8120276493985921, "metrics": {"loss": 1.0610727071762085, "acc": 0.4642857015132904, "AUC": 0.5299745202064514, "number_of_bets_tested": 28}}, "ans": 0}, "2020020631.0": {"pred": {"under": 0.15342897359229965, "over": 0.8471697949759196, "metrics": {"loss": 1.0610727071762085, "acc": 0.4642857015132904, "AUC": 0.5299745202064514, "number_of_bets_tested": 28}}, "ans": 1}, "2020020642.0": {"pred": {"under": 0.03671795035474111, "over": 0.9633022033258148, "metrics": {"loss": 1.0610727071762085, "acc": 0.4642857015132904, "AUC": 0.5299745202064514, "number_of_bets_tested": 28}}, "ans": 1}, "2020020657.0": {"pred": {"under": 0.19136510239310073, "over": 0.8088868032981489, "metrics": {"loss": 1.0610727071762085, "acc": 0.4642857015132904, "AUC": 0.5299745202064514, "number_of_bets_tested": 28}}, "ans": 1}, "2020020681.0": {"pred": {"under": 0.47730189210035723, "over": 0.523275621888446, "metrics": {"loss": 1.0610727071762085, "acc": 0.4642857015132904, "AUC": 0.5299745202064514, "number_of_bets_tested": 28}}, "ans": 0}, "2020020695.0": {"pred": {"under": 0.4028487921375201, "over": 0.5980123006430151, "metrics": {"loss": 1.0610727071762085, "acc": 0.4642857015132904, "AUC": 0.5299745202064514, "number_of_bets_tested": 28}}, "ans": 1}, "2020020711.0": {"pred": {"under": 0.4028487921375201, "over": 0.5980123006430151, "metrics": {"loss": 1.0610727071762085, "acc": 0.4642857015132904, "AUC": 0.5299745202064514, "number_of_bets_tested": 28}}, "ans": 0}, "2020020722.0": {"pred": {"under": 0.4028487921375201, "over": 0.5980123006430151, "metrics": {"loss": 1.0610727071762085, "acc": 0.4642857015132904, "AUC": 0.5299745202064514, "number_of_bets_tested": 28}}, "ans": 1}, "2020020734.0": {"pred": {"under": 0.4028487921375201, "over": 0.5980123006430151, "metrics": {"loss": 1.0610727071762085, "acc": 0.4642857015132904, "AUC": 0.5299745202064514, "number_of_bets_tested": 28}}, "ans": 0}, "2020020771.0": {"pred": {"under": 0.03249368720747866, "over": 0.9675142516347504, "metrics": {"loss": 1.0610727071762085, "acc": 0.4642857015132904, "AUC": 0.5299745202064514, "number_of_bets_tested": 28}}, "ans": 1}, "2020020786.0": {"pred": {"under": 0.03949291025867964, "over": 0.9605165008543962, "metrics": {"loss": 1.0610727071762085, "acc": 0.4642857015132904, "AUC": 0.5299745202064514, "number_of_bets_tested": 28}}, "ans": 1}, "2020020811.0": {"pred": {"under": 0.058414333423692205, "over": 0.9416339115711072, "metrics": {"loss": 1.0610727071762085, "acc": 0.4642857015132904, "AUC": 0.5299745202064514, "number_of_bets_tested": 28}}, "ans": 1}, "2020020845.0": {"pred": {"under": 0.00786478051461133, "over": 0.9921353721051869, "metrics": {"loss": 1.0610727071762085, "acc": 0.4642857015132904, "AUC": 0.5299745202064514, "number_of_bets_tested": 28}}, "ans": 1}}