{"2020020690.0": {"pred": {"under": 0.19156241583112527, "over": 0.8081790365421834, "metrics": {"loss": 1.4266688823699951, "acc": 0.38461539149284363, "AUC": 0.38979288935661316, "number_of_bets_tested": 26}}, "ans": 1}, "2020020715.0": {"pred": {"under": 0.023245281044061965, "over": 0.9767549957616508, "metrics": {"loss": 1.4266688823699951, "acc": 0.38461539149284363, "AUC": 0.38979288935661316, "number_of_bets_tested": 26}}, "ans": 1}, "2020020483.0": {"pred": {"under": 0.2267599965066511, "over": 0.7735451949804105, "metrics": {"loss": 1.4266688823699951, "acc": 0.38461539149284363, "AUC": 0.38979288935661316, "number_of_bets_tested": 26}}, "ans": 1}, "2020020729.0": {"pred": {"under": 0.3753893917647001, "over": 0.6245123084134163, "metrics": {"loss": 1.4266688823699951, "acc": 0.38461539149284363, "AUC": 0.38979288935661316, "number_of_bets_tested": 26}}, "ans": 1}, "2020020738.0": {"pred": {"under": 0.5044011905426525, "over": 0.49606992106870784, "metrics": {"loss": 1.4266688823699951, "acc": 0.38461539149284363, "AUC": 0.38979288935661316, "number_of_bets_tested": 26}}, "ans": 1}}