{"2020020560.0": {"pred": {"under": 0.11601458379550822, "over": 0.8836313858433202, "metrics": {"loss": 0.9793307781219482, "acc": 0.4615384638309479, "AUC": 0.34319525957107544, "number_of_bets_tested": 13}}, "ans": 1}, "2020020575.0": {"pred": {"under": 2.5447887137830826e-06, "over": 0.999997455211285, "metrics": {"loss": 0.9793307781219482, "acc": 0.4615384638309479, "AUC": 0.34319525957107544, "number_of_bets_tested": 13}}, "ans": 1}, "2020020642.0": {"pred": {"under": 0.03577463400489965, "over": 0.9641577671112793, "metrics": {"loss": 0.9793307781219482, "acc": 0.4615384638309479, "AUC": 0.34319525957107544, "number_of_bets_tested": 13}}, "ans": 1}, "2020020657.0": {"pred": {"under": 0.07700270771115697, "over": 0.9222744865925036, "metrics": {"loss": 0.9793307781219482, "acc": 0.4615384638309479, "AUC": 0.34319525957107544, "number_of_bets_tested": 13}}, "ans": 1}, "2020020681.0": {"pred": {"under": 0.0002542878024902461, "over": 0.9997457117980391, "metrics": {"loss": 0.9793307781219482, "acc": 0.4615384638309479, "AUC": 0.34319525957107544, "number_of_bets_tested": 13}}, "ans": 1}, "2020020695.0": {"pred": {"under": 0.44056540921598364, "over": 0.5582095814327147, "metrics": {"loss": 0.9793307781219482, "acc": 0.4615384638309479, "AUC": 0.34319525957107544, "number_of_bets_tested": 13}}, "ans": 0}, "2020020711.0": {"pred": {"under": 0.013264167217020107, "over": 0.9867327121200633, "metrics": {"loss": 0.9793307781219482, "acc": 0.4615384638309479, "AUC": 0.34319525957107544, "number_of_bets_tested": 13}}, "ans": 1}, "2020020722.0": {"pred": {"under": 0.0027508471937818142, "over": 0.9972490568355284, "metrics": {"loss": 0.9793307781219482, "acc": 0.4615384638309479, "AUC": 0.34319525957107544, "number_of_bets_tested": 13}}, "ans": 1}, "2020020734.0": {"pred": {"under": 0.004390896405713077, "over": 0.9956087595001646, "metrics": {"loss": 0.9793307781219482, "acc": 0.4615384638309479, "AUC": 0.34319525957107544, "number_of_bets_tested": 13}}, "ans": 0}, "2020020771.0": {"pred": {"under": 0.0022358542521037, "over": 0.9977640942945689, "metrics": {"loss": 0.9793307781219482, "acc": 0.4615384638309479, "AUC": 0.34319525957107544, "number_of_bets_tested": 13}}, "ans": 1}, "2020020786.0": {"pred": {"under": 0.25840562266002565, "over": 0.7414738959831919, "metrics": {"loss": 0.9793307781219482, "acc": 0.4615384638309479, "AUC": 0.34319525957107544, "number_of_bets_tested": 13}}, "ans": 0}, "2020020811.0": {"pred": {"under": 0.023801906034539515, "over": 0.9761848116687634, "metrics": {"loss": 0.9793307781219482, "acc": 0.4615384638309479, "AUC": 0.34319525957107544, "number_of_bets_tested": 13}}, "ans": 1}, "2020020845.0": {"pred": {"under": 0.11470733776828497, "over": 0.8843980552289302, "metrics": {"loss": 0.9793307781219482, "acc": 0.4615384638309479, "AUC": 0.34319525957107544, "number_of_bets_tested": 13}}, "ans": 0}}