{"2020020462.0": {"pred": {"under": 0.8798614265027409, "over": 0.11987561163260332, "metrics": {"loss": 3.0160558223724365, "acc": 0.3888888955116272, "AUC": 0.45679011940956116, "number_of_bets_tested": 18}}, "ans": 0}, "2020020469.0": {"pred": {"under": 0.4762705221064007, "over": 0.5235834741068325, "metrics": {"loss": 3.0160558223724365, "acc": 0.3888888955116272, "AUC": 0.45679011940956116, "number_of_bets_tested": 18}}, "ans": 0}, "2020020484.0": {"pred": {"under": 0.08567835955245706, "over": 0.9141622351306077, "metrics": {"loss": 3.0160558223724365, "acc": 0.3888888955116272, "AUC": 0.45679011940956116, "number_of_bets_tested": 18}}, "ans": 0}, "2020020755.0": {"pred": {"under": 0.8296047988102155, "over": 0.17041820950408762, "metrics": {"loss": 3.0160558223724365, "acc": 0.3888888955116272, "AUC": 0.45679011940956116, "number_of_bets_tested": 18}}, "ans": 0}, "2020020504.0": {"pred": {"under": 0.38716091761314175, "over": 0.6128321340647463, "metrics": {"loss": 3.0160558223724365, "acc": 0.3888888955116272, "AUC": 0.45679011940956116, "number_of_bets_tested": 18}}, "ans": 1}, "2020020516.0": {"pred": {"under": 0.46641741147084675, "over": 0.5363043845759387, "metrics": {"loss": 3.0160558223724365, "acc": 0.3888888955116272, "AUC": 0.45679011940956116, "number_of_bets_tested": 18}}, "ans": 0}, "2020020548.0": {"pred": {"under": 0.1577065013157163, "over": 0.8432801666476036, "metrics": {"loss": 3.0160558223724365, "acc": 0.3888888955116272, "AUC": 0.45679011940956116, "number_of_bets_tested": 18}}, "ans": 0}}