{"2020020598.0": {"pred": {"under": 0.2670507709922242, "over": 0.7335385663706275, "metrics": {"loss": 0.6876314878463745, "acc": 0.8181818127632141, "AUC": 0.7438017129898071, "number_of_bets_tested": 22}}, "ans": 1}, "2020020693.0": {"pred": {"under": 0.2821314918762392, "over": 0.7186336900781758, "metrics": {"loss": 0.6876314878463745, "acc": 0.8181818127632141, "AUC": 0.7438017129898071, "number_of_bets_tested": 22}}, "ans": 1}, "2020020706.0": {"pred": {"under": 0.2820750289894214, "over": 0.7187074809679574, "metrics": {"loss": 0.6876314878463745, "acc": 0.8181818127632141, "AUC": 0.7438017129898071, "number_of_bets_tested": 22}}, "ans": 1}, "2020020718.0": {"pred": {"under": 0.2661832528233008, "over": 0.7344041783530061, "metrics": {"loss": 0.6876314878463745, "acc": 0.8181818127632141, "AUC": 0.7438017129898071, "number_of_bets_tested": 22}}, "ans": 0}, "2020020774.0": {"pred": {"under": 0.3593410776410879, "over": 0.6438544341688022, "metrics": {"loss": 0.6876314878463745, "acc": 0.8181818127632141, "AUC": 0.7438017129898071, "number_of_bets_tested": 22}}, "ans": 0}, "2020020786.0": {"pred": {"under": 0.278445784668951, "over": 0.7224428645684144, "metrics": {"loss": 0.6876314878463745, "acc": 0.8181818127632141, "AUC": 0.7438017129898071, "number_of_bets_tested": 22}}, "ans": 1}, "2020030134.0": {"pred": {"under": 0.5839938971173827, "over": 0.421593010679348, "metrics": {"loss": 0.6876314878463745, "acc": 0.8181818127632141, "AUC": 0.7438017129898071, "number_of_bets_tested": 22}}, "ans": 1}}