{"2020020488.0": {"pred": {"under": 0.13592682935681297, "over": 0.8639847343969105, "metrics": {"loss": 3.589115619659424, "acc": 0.5581395626068115, "AUC": 0.5210924744606018, "number_of_bets_tested": 43}}, "ans": 1}, "2020020522.0": {"pred": {"under": 0.106040435774188, "over": 0.8936599548292792, "metrics": {"loss": 3.589115619659424, "acc": 0.5581395626068115, "AUC": 0.5210924744606018, "number_of_bets_tested": 43}}, "ans": 1}, "2020020774.0": {"pred": {"under": 0.0073157077253253825, "over": 0.9926839878758222, "metrics": {"loss": 3.589115619659424, "acc": 0.5581395626068115, "AUC": 0.5210924744606018, "number_of_bets_tested": 43}}, "ans": 1}}