{"2020020553.0": {"pred": {"under": 0.9911678042179173, "over": 0.008832393401687956, "metrics": {"loss": 1.2668098211288452, "acc": 0.6499999761581421, "AUC": 0.7387499809265137, "number_of_bets_tested": 20}}, "ans": 1}, "2020020209.0": {"pred": {"under": 0.9679597928569214, "over": 0.032039754735658135, "metrics": {"loss": 1.2668098211288452, "acc": 0.6499999761581421, "AUC": 0.7387499809265137, "number_of_bets_tested": 20}}, "ans": 1}, "2020020609.0": {"pred": {"under": 0.9916819117668029, "over": 0.008318326153139818, "metrics": {"loss": 1.2668098211288452, "acc": 0.6499999761581421, "AUC": 0.7387499809265137, "number_of_bets_tested": 20}}, "ans": 1}, "2020020623.0": {"pred": {"under": 0.9709964508602877, "over": 0.028994866714972912, "metrics": {"loss": 1.2668098211288452, "acc": 0.6499999761581421, "AUC": 0.7387499809265137, "number_of_bets_tested": 20}}, "ans": 0}, "2020020656.0": {"pred": {"under": 0.8941592090393092, "over": 0.10585523895582304, "metrics": {"loss": 1.2668098211288452, "acc": 0.6499999761581421, "AUC": 0.7387499809265137, "number_of_bets_tested": 20}}, "ans": 0}, "2020020225.0": {"pred": {"under": 0.9016966743671087, "over": 0.09818044516761851, "metrics": {"loss": 1.2668098211288452, "acc": 0.6499999761581421, "AUC": 0.7387499809265137, "number_of_bets_tested": 20}}, "ans": 0}, "2020020735.0": {"pred": {"under": 0.5644268196652181, "over": 0.43384123902058913, "metrics": {"loss": 1.2668098211288452, "acc": 0.6499999761581421, "AUC": 0.7387499809265137, "number_of_bets_tested": 20}}, "ans": 0}, "2020020191.0": {"pred": {"under": 0.8120199965830642, "over": 0.18832868476052167, "metrics": {"loss": 1.2668098211288452, "acc": 0.6499999761581421, "AUC": 0.7387499809265137, "number_of_bets_tested": 20}}, "ans": 1}, "2020020779.0": {"pred": {"under": 0.870839353361218, "over": 0.12975175507130246, "metrics": {"loss": 1.2668098211288452, "acc": 0.6499999761581421, "AUC": 0.7387499809265137, "number_of_bets_tested": 20}}, "ans": 0}, "2020020823.0": {"pred": {"under": 0.9616036809299218, "over": 0.03840410598427681, "metrics": {"loss": 1.2668098211288452, "acc": 0.6499999761581421, "AUC": 0.7387499809265137, "number_of_bets_tested": 20}}, "ans": 0}, "2020020837.0": {"pred": {"under": 0.9577345585560971, "over": 0.04226813048055577, "metrics": {"loss": 1.2668098211288452, "acc": 0.6499999761581421, "AUC": 0.7387499809265137, "number_of_bets_tested": 20}}, "ans": 1}, "2020020852.0": {"pred": {"under": 0.9729356220158196, "over": 0.02706677539307005, "metrics": {"loss": 1.2668098211288452, "acc": 0.6499999761581421, "AUC": 0.7387499809265137, "number_of_bets_tested": 20}}, "ans": 1}, "2020020688.0": {"pred": {"under": 0.9965292630099758, "over": 0.003470746732323645, "metrics": {"loss": 1.2668098211288452, "acc": 0.6499999761581421, "AUC": 0.7387499809265137, "number_of_bets_tested": 20}}, "ans": 0}, "2020030151.0": {"pred": {"under": 0.8408585650697825, "over": 0.15860214412966203, "metrics": {"loss": 1.2668098211288452, "acc": 0.6499999761581421, "AUC": 0.7387499809265137, "number_of_bets_tested": 20}}, "ans": 1}, "2020030152.0": {"pred": {"under": 0.9919346579170322, "over": 0.008065460184049114, "metrics": {"loss": 1.2668098211288452, "acc": 0.6499999761581421, "AUC": 0.7387499809265137, "number_of_bets_tested": 20}}, "ans": 0}, "2020030153.0": {"pred": {"under": 0.6351465955534031, "over": 0.36215032433894045, "metrics": {"loss": 1.2668098211288452, "acc": 0.6499999761581421, "AUC": 0.7387499809265137, "number_of_bets_tested": 20}}, "ans": 0}, "2020030154.0": {"pred": {"under": 0.9918432659559738, "over": 0.008156837124414073, "metrics": {"loss": 1.2668098211288452, "acc": 0.6499999761581421, "AUC": 0.7387499809265137, "number_of_bets_tested": 20}}, "ans": 1}}