{"2020020496.0": {"pred": {"under": 0.9954683337963828, "over": 0.004531486666829135, "metrics": {"loss": 1.3157665729522705, "acc": 0.7058823704719543, "AUC": 0.7214533090591431, "number_of_bets_tested": 34}}, "ans": 0}, "2020020509.0": {"pred": {"under": 0.9936833471071682, "over": 0.006316246065262503, "metrics": {"loss": 1.3157665729522705, "acc": 0.7058823704719543, "AUC": 0.7214533090591431, "number_of_bets_tested": 34}}, "ans": 0}, "2020020532.0": {"pred": {"under": 0.9995040648618075, "over": 0.0004959350336449475, "metrics": {"loss": 1.3157665729522705, "acc": 0.7058823704719543, "AUC": 0.7214533090591431, "number_of_bets_tested": 34}}, "ans": 1}, "2020020548.0": {"pred": {"under": 0.9943227368955865, "over": 0.005677017863338597, "metrics": {"loss": 1.3157665729522705, "acc": 0.7058823704719543, "AUC": 0.7214533090591431, "number_of_bets_tested": 34}}, "ans": 0}, "2020020557.0": {"pred": {"under": 0.958696330863117, "over": 0.0412590025249811, "metrics": {"loss": 1.3157665729522705, "acc": 0.7058823704719543, "AUC": 0.7214533090591431, "number_of_bets_tested": 34}}, "ans": 0}, "2020020572.0": {"pred": {"under": 0.981795342300637, "over": 0.018198322961319208, "metrics": {"loss": 1.3157665729522705, "acc": 0.7058823704719543, "AUC": 0.7214533090591431, "number_of_bets_tested": 34}}, "ans": 0}, "2020020611.0": {"pred": {"under": 0.867531858155502, "over": 0.1315935073195264, "metrics": {"loss": 1.3157665729522705, "acc": 0.7058823704719543, "AUC": 0.7214533090591431, "number_of_bets_tested": 34}}, "ans": 0}, "2020020625.0": {"pred": {"under": 0.9986532922819883, "over": 0.0013467066484498468, "metrics": {"loss": 1.3157665729522705, "acc": 0.7058823704719543, "AUC": 0.7214533090591431, "number_of_bets_tested": 34}}, "ans": 0}, "2020020229.0": {"pred": {"under": 0.9982116002898486, "over": 0.0017883936161800396, "metrics": {"loss": 1.3157665729522705, "acc": 0.7058823704719543, "AUC": 0.7214533090591431, "number_of_bets_tested": 34}}, "ans": 0}, "2020020195.0": {"pred": {"under": 0.9521639654779399, "over": 0.04777143347533821, "metrics": {"loss": 1.3157665729522705, "acc": 0.7058823704719543, "AUC": 0.7214533090591431, "number_of_bets_tested": 34}}, "ans": 0}, "2020020677.0": {"pred": {"under": 0.9965384740020918, "over": 0.003461480688825907, "metrics": {"loss": 1.3157665729522705, "acc": 0.7058823704719543, "AUC": 0.7214533090591431, "number_of_bets_tested": 34}}, "ans": 0}, "2020020690.0": {"pred": {"under": 0.9330698840065813, "over": 0.06678755268047486, "metrics": {"loss": 1.3157665729522705, "acc": 0.7058823704719543, "AUC": 0.7214533090591431, "number_of_bets_tested": 34}}, "ans": 1}, "2020020715.0": {"pred": {"under": 0.9644730962223853, "over": 0.03551077360589042, "metrics": {"loss": 1.3157665729522705, "acc": 0.7058823704719543, "AUC": 0.7214533090591431, "number_of_bets_tested": 34}}, "ans": 1}, "2020020483.0": {"pred": {"under": 0.9948918819565405, "over": 0.005107947978999404, "metrics": {"loss": 1.3157665729522705, "acc": 0.7058823704719543, "AUC": 0.7214533090591431, "number_of_bets_tested": 34}}, "ans": 0}, "2020020729.0": {"pred": {"under": 0.8514980482296085, "over": 0.14752666237992548, "metrics": {"loss": 1.3157665729522705, "acc": 0.7058823704719543, "AUC": 0.7214533090591431, "number_of_bets_tested": 34}}, "ans": 0}, "2020020738.0": {"pred": {"under": 0.8089126866874238, "over": 0.19043615555493296, "metrics": {"loss": 1.3157665729522705, "acc": 0.7058823704719543, "AUC": 0.7214533090591431, "number_of_bets_tested": 34}}, "ans": 0}, "2020020754.0": {"pred": {"under": 0.35675116768935733, "over": 0.6394417632348375, "metrics": {"loss": 1.3157665729522705, "acc": 0.7058823704719543, "AUC": 0.7214533090591431, "number_of_bets_tested": 34}}, "ans": 1}, "2020020768.0": {"pred": {"under": 0.4862691365651403, "over": 0.5087244337209565, "metrics": {"loss": 1.3157665729522705, "acc": 0.7058823704719543, "AUC": 0.7214533090591431, "number_of_bets_tested": 34}}, "ans": 0}, "2020020782.0": {"pred": {"under": 0.5099039609882604, "over": 0.48484274068862415, "metrics": {"loss": 1.3157665729522705, "acc": 0.7058823704719543, "AUC": 0.7214533090591431, "number_of_bets_tested": 34}}, "ans": 0}, "2020020812.0": {"pred": {"under": 0.9983233296209869, "over": 0.0016766671432926795, "metrics": {"loss": 1.3157665729522705, "acc": 0.7058823704719543, "AUC": 0.7214533090591431, "number_of_bets_tested": 34}}, "ans": 1}, "2020020824.0": {"pred": {"under": 0.22053086214836082, "over": 0.777671936287353, "metrics": {"loss": 1.3157665729522705, "acc": 0.7058823704719543, "AUC": 0.7214533090591431, "number_of_bets_tested": 34}}, "ans": 0}, "2020020842.0": {"pred": {"under": 0.8197670735983608, "over": 0.1779865265492139, "metrics": {"loss": 1.3157665729522705, "acc": 0.7058823704719543, "AUC": 0.7214533090591431, "number_of_bets_tested": 34}}, "ans": 0}}