{"2020020479.0": {"pred": {"under": 0.42133738000227644, "over": 0.579565992673335, "metrics": {"loss": 1.6246246099472046, "acc": 0.5833333134651184, "AUC": 0.689236044883728, "number_of_bets_tested": 24}}, "ans": 0}, "2020020489.0": {"pred": {"under": 0.05418158479382418, "over": 0.945812774085479, "metrics": {"loss": 1.6246246099472046, "acc": 0.5833333134651184, "AUC": 0.689236044883728, "number_of_bets_tested": 24}}, "ans": 0}, "2020020500.0": {"pred": {"under": 0.055305323251140986, "over": 0.9447365531439196, "metrics": {"loss": 1.6246246099472046, "acc": 0.5833333134651184, "AUC": 0.689236044883728, "number_of_bets_tested": 24}}, "ans": 0}, "2020020710.0": {"pred": {"under": 0.12074020268155788, "over": 0.8797973306982027, "metrics": {"loss": 1.6246246099472046, "acc": 0.5833333134651184, "AUC": 0.689236044883728, "number_of_bets_tested": 24}}, "ans": 1}, "2020020737.0": {"pred": {"under": 0.07651956763034255, "over": 0.9236226557718592, "metrics": {"loss": 1.6246246099472046, "acc": 0.5833333134651184, "AUC": 0.689236044883728, "number_of_bets_tested": 24}}, "ans": 1}, "2020020776.0": {"pred": {"under": 0.12241577992420442, "over": 0.8775844647951645, "metrics": {"loss": 1.6246246099472046, "acc": 0.5833333134651184, "AUC": 0.689236044883728, "number_of_bets_tested": 24}}, "ans": 0}, "2020020792.0": {"pred": {"under": 0.003411981741907202, "over": 0.9965880217407828, "metrics": {"loss": 1.6246246099472046, "acc": 0.5833333134651184, "AUC": 0.689236044883728, "number_of_bets_tested": 24}}, "ans": 0}, "2020020829.0": {"pred": {"under": 9.256495342335794e-05, "over": 0.9999074350468559, "metrics": {"loss": 1.6246246099472046, "acc": 0.5833333134651184, "AUC": 0.689236044883728, "number_of_bets_tested": 24}}, "ans": 0}, "2020020593.0": {"pred": {"under": 0.0021408009082782876, "over": 0.9978592040808217, "metrics": {"loss": 1.6246246099472046, "acc": 0.5833333134651184, "AUC": 0.689236044883728, "number_of_bets_tested": 24}}, "ans": 0}, "2020020634.0": {"pred": {"under": 0.0007069767671174838, "over": 0.9992930232561814, "metrics": {"loss": 1.6246246099472046, "acc": 0.5833333134651184, "AUC": 0.689236044883728, "number_of_bets_tested": 24}}, "ans": 0}}