{"2020020847.0": {"pred": {"under": 0.37878260918080814, "over": 0.6207941957275411, "metrics": {"loss": 1.19508695602417, "acc": 0.5925925970077515, "AUC": 0.5864198207855225, "number_of_bets_tested": 27}}, "ans": 0}, "2020020526.0": {"pred": {"under": 0.43245028273676367, "over": 0.5662638230356993, "metrics": {"loss": 1.19508695602417, "acc": 0.5925925970077515, "AUC": 0.5864198207855225, "number_of_bets_tested": 27}}, "ans": 1}, "2020030171.0": {"pred": {"under": 0.2883830011469666, "over": 0.7115783105434705, "metrics": {"loss": 1.19508695602417, "acc": 0.5925925970077515, "AUC": 0.5864198207855225, "number_of_bets_tested": 27}}, "ans": 0}}