{"2020020554.0": {"pred": {"under": 0.4493116323418647, "over": 0.5508179188114393, "metrics": {"loss": 2.8301405906677246, "acc": 0.6730769276618958, "AUC": 0.6945266723632812, "number_of_bets_tested": 52}}, "ans": 0}, "2020020674.0": {"pred": {"under": 0.4493116323418647, "over": 0.5508179188114393, "metrics": {"loss": 2.8301405906677246, "acc": 0.6730769276618958, "AUC": 0.6945266723632812, "number_of_bets_tested": 52}}, "ans": 1}, "2020020724.0": {"pred": {"under": 0.526007215922397, "over": 0.47350753678048635, "metrics": {"loss": 2.8301405906677246, "acc": 0.6730769276618958, "AUC": 0.6945266723632812, "number_of_bets_tested": 52}}, "ans": 1}, "2020020240.0": {"pred": {"under": 0.4493116323418647, "over": 0.5508179188114393, "metrics": {"loss": 2.8301405906677246, "acc": 0.6730769276618958, "AUC": 0.6945266723632812, "number_of_bets_tested": 52}}, "ans": 1}, "2020020765.0": {"pred": {"under": 0.4493116323418647, "over": 0.5508179188114393, "metrics": {"loss": 2.8301405906677246, "acc": 0.6730769276618958, "AUC": 0.6945266723632812, "number_of_bets_tested": 52}}, "ans": 0}, "2020020780.0": {"pred": {"under": 0.5088643567910811, "over": 0.4916922373669383, "metrics": {"loss": 2.8301405906677246, "acc": 0.6730769276618958, "AUC": 0.6945266723632812, "number_of_bets_tested": 52}}, "ans": 1}, "2020020822.0": {"pred": {"under": 0.2566895858402407, "over": 0.743160985402471, "metrics": {"loss": 2.8301405906677246, "acc": 0.6730769276618958, "AUC": 0.6945266723632812, "number_of_bets_tested": 52}}, "ans": 1}, "2020020836.0": {"pred": {"under": 0.5791570954568419, "over": 0.42051694663707095, "metrics": {"loss": 2.8301405906677246, "acc": 0.6730769276618958, "AUC": 0.6945266723632812, "number_of_bets_tested": 52}}, "ans": 0}, "2020020852.0": {"pred": {"under": 0.7442592132759842, "over": 0.25514538158080996, "metrics": {"loss": 2.8301405906677246, "acc": 0.6730769276618958, "AUC": 0.6945266723632812, "number_of_bets_tested": 52}}, "ans": 0}, "2020020688.0": {"pred": {"under": 0.6649579593134491, "over": 0.33548124460680095, "metrics": {"loss": 2.8301405906677246, "acc": 0.6730769276618958, "AUC": 0.6945266723632812, "number_of_bets_tested": 52}}, "ans": 1}}