{"2020020622.0": {"pred": {"under": 0.7722386449591696, "over": 0.22692356869825187, "metrics": {"loss": 2.392207145690918, "acc": 0.46875, "AUC": 0.505859375, "number_of_bets_tested": 32}}, "ans": 1}, "2020020633.0": {"pred": {"under": 0.806096534312489, "over": 0.19408701982770046, "metrics": {"loss": 2.392207145690918, "acc": 0.46875, "AUC": 0.505859375, "number_of_bets_tested": 32}}, "ans": 1}, "2020020645.0": {"pred": {"under": 0.8062839857448142, "over": 0.19365968767033853, "metrics": {"loss": 2.392207145690918, "acc": 0.46875, "AUC": 0.505859375, "number_of_bets_tested": 32}}, "ans": 0}, "2020020671.0": {"pred": {"under": 0.48195825866532144, "over": 0.5176234559475321, "metrics": {"loss": 2.392207145690918, "acc": 0.46875, "AUC": 0.505859375, "number_of_bets_tested": 32}}, "ans": 0}, "2020020775.0": {"pred": {"under": 0.11453919785769706, "over": 0.8859120818487211, "metrics": {"loss": 2.392207145690918, "acc": 0.46875, "AUC": 0.505859375, "number_of_bets_tested": 32}}, "ans": 1}, "2020020847.0": {"pred": {"under": 0.4595435524431526, "over": 0.5401260382566836, "metrics": {"loss": 2.392207145690918, "acc": 0.46875, "AUC": 0.505859375, "number_of_bets_tested": 32}}, "ans": 0}, "2020020526.0": {"pred": {"under": 0.719239041800971, "over": 0.2800738891400972, "metrics": {"loss": 2.392207145690918, "acc": 0.46875, "AUC": 0.505859375, "number_of_bets_tested": 32}}, "ans": 0}}