{"2020020463.0": {"pred": {"under": 0.7061629114857431, "over": 0.29417718784976365, "metrics": {"loss": 1.4542726278305054, "acc": 0.4285714328289032, "AUC": 0.5069386959075928, "number_of_bets_tested": 35}}, "ans": 0}, "2020020499.0": {"pred": {"under": 0.5683451372251045, "over": 0.4324172823917492, "metrics": {"loss": 1.4542726278305054, "acc": 0.4285714328289032, "AUC": 0.5069386959075928, "number_of_bets_tested": 35}}, "ans": 0}, "2020020511.0": {"pred": {"under": 0.4769108162771176, "over": 0.5240611110841481, "metrics": {"loss": 1.4542726278305054, "acc": 0.4285714328289032, "AUC": 0.5069386959075928, "number_of_bets_tested": 35}}, "ans": 0}, "2020020521.0": {"pred": {"under": 0.4958417177891687, "over": 0.5050155882503022, "metrics": {"loss": 1.4542726278305054, "acc": 0.4285714328289032, "AUC": 0.5069386959075928, "number_of_bets_tested": 35}}, "ans": 1}, "2020020578.0": {"pred": {"under": 0.3415627524822189, "over": 0.6585007592006568, "metrics": {"loss": 1.4542726278305054, "acc": 0.4285714328289032, "AUC": 0.5069386959075928, "number_of_bets_tested": 35}}, "ans": 0}, "2020020848.0": {"pred": {"under": 0.048491243258779716, "over": 0.951457895914048, "metrics": {"loss": 1.4542726278305054, "acc": 0.4285714328289032, "AUC": 0.5069386959075928, "number_of_bets_tested": 35}}, "ans": 0}, "2020020621.0": {"pred": {"under": 0.06569294658111002, "over": 0.9342565293750886, "metrics": {"loss": 1.4542726278305054, "acc": 0.4285714328289032, "AUC": 0.5069386959075928, "number_of_bets_tested": 35}}, "ans": 1}, "2020020638.0": {"pred": {"under": 0.4920568741214633, "over": 0.5087803190599102, "metrics": {"loss": 1.4542726278305054, "acc": 0.4285714328289032, "AUC": 0.5069386959075928, "number_of_bets_tested": 35}}, "ans": 1}, "2020020646.0": {"pred": {"under": 0.26578993318347904, "over": 0.7341600200905188, "metrics": {"loss": 1.4542726278305054, "acc": 0.4285714328289032, "AUC": 0.5069386959075928, "number_of_bets_tested": 35}}, "ans": 0}, "2020020661.0": {"pred": {"under": 0.07419280944209165, "over": 0.9257024998461333, "metrics": {"loss": 1.4542726278305054, "acc": 0.4285714328289032, "AUC": 0.5069386959075928, "number_of_bets_tested": 35}}, "ans": 1}, "2020020672.0": {"pred": {"under": 0.005413435379177408, "over": 0.9945864168749603, "metrics": {"loss": 1.4542726278305054, "acc": 0.4285714328289032, "AUC": 0.5069386959075928, "number_of_bets_tested": 35}}, "ans": 1}, "2020020546.0": {"pred": {"under": 0.15108496392874823, "over": 0.8485567528091803, "metrics": {"loss": 1.4542726278305054, "acc": 0.4285714328289032, "AUC": 0.5069386959075928, "number_of_bets_tested": 35}}, "ans": 0}, "2020020708.0": {"pred": {"under": 0.2867869107930735, "over": 0.7130983659760325, "metrics": {"loss": 1.4542726278305054, "acc": 0.4285714328289032, "AUC": 0.5069386959075928, "number_of_bets_tested": 35}}, "ans": 0}, "2020020737.0": {"pred": {"under": 0.06657408732093713, "over": 0.9333372749060317, "metrics": {"loss": 1.4542726278305054, "acc": 0.4285714328289032, "AUC": 0.5069386959075928, "number_of_bets_tested": 35}}, "ans": 1}, "2020020759.0": {"pred": {"under": 0.7347604139958336, "over": 0.2667368788652642, "metrics": {"loss": 1.4542726278305054, "acc": 0.4285714328289032, "AUC": 0.5069386959075928, "number_of_bets_tested": 35}}, "ans": 0}, "2020020776.0": {"pred": {"under": 0.4983322779228488, "over": 0.5027226804207904, "metrics": {"loss": 1.4542726278305054, "acc": 0.4285714328289032, "AUC": 0.5069386959075928, "number_of_bets_tested": 35}}, "ans": 1}, "2020020820.0": {"pred": {"under": 0.6792889082659423, "over": 0.32108079836790115, "metrics": {"loss": 1.4542726278305054, "acc": 0.4285714328289032, "AUC": 0.5069386959075928, "number_of_bets_tested": 35}}, "ans": 0}, "2020020564.0": {"pred": {"under": 0.5683451372251045, "over": 0.4324172823917492, "metrics": {"loss": 1.4542726278305054, "acc": 0.4285714328289032, "AUC": 0.5069386959075928, "number_of_bets_tested": 35}}, "ans": 1}, "2020020720.0": {"pred": {"under": 0.41947036183985487, "over": 0.581262452793174, "metrics": {"loss": 1.4542726278305054, "acc": 0.4285714328289032, "AUC": 0.5069386959075928, "number_of_bets_tested": 35}}, "ans": 1}, "2020020833.0": {"pred": {"under": 0.6832721818091955, "over": 0.31709363624772224, "metrics": {"loss": 1.4542726278305054, "acc": 0.4285714328289032, "AUC": 0.5069386959075928, "number_of_bets_tested": 35}}, "ans": 1}}