{"2020020258.0": {"pred": {"under": 0.7853005863468874, "over": 0.21516453113401166, "metrics": {"loss": 1.7024489641189575, "acc": 0.44186046719551086, "AUC": 0.5338020324707031, "number_of_bets_tested": 43}}, "ans": 1}, "2020020507.0": {"pred": {"under": 0.674827910407591, "over": 0.3260192948013039, "metrics": {"loss": 1.7024489641189575, "acc": 0.44186046719551086, "AUC": 0.5338020324707031, "number_of_bets_tested": 43}}, "ans": 1}, "2020020522.0": {"pred": {"under": 0.6685568016998237, "over": 0.33189986084972667, "metrics": {"loss": 1.7024489641189575, "acc": 0.44186046719551086, "AUC": 0.5338020324707031, "number_of_bets_tested": 43}}, "ans": 1}, "2020020538.0": {"pred": {"under": 0.885852904128114, "over": 0.11423120246399793, "metrics": {"loss": 1.7024489641189575, "acc": 0.44186046719551086, "AUC": 0.5338020324707031, "number_of_bets_tested": 43}}, "ans": 0}, "2020020547.0": {"pred": {"under": 0.8466275719160494, "over": 0.1535460482376117, "metrics": {"loss": 1.7024489641189575, "acc": 0.44186046719551086, "AUC": 0.5338020324707031, "number_of_bets_tested": 43}}, "ans": 1}, "2020020563.0": {"pred": {"under": 0.9313205338269063, "over": 0.06874218773605018, "metrics": {"loss": 1.7024489641189575, "acc": 0.44186046719551086, "AUC": 0.5338020324707031, "number_of_bets_tested": 43}}, "ans": 0}, "2020020577.0": {"pred": {"under": 0.9885028815251105, "over": 0.01149749162177046, "metrics": {"loss": 1.7024489641189575, "acc": 0.44186046719551086, "AUC": 0.5338020324707031, "number_of_bets_tested": 43}}, "ans": 0}, "2020020598.0": {"pred": {"under": 0.9808012317417251, "over": 0.01920032493526329, "metrics": {"loss": 1.7024489641189575, "acc": 0.44186046719551086, "AUC": 0.5338020324707031, "number_of_bets_tested": 43}}, "ans": 0}, "2020020618.0": {"pred": {"under": 0.41083562795050776, "over": 0.5885784958865183, "metrics": {"loss": 1.7024489641189575, "acc": 0.44186046719551086, "AUC": 0.5338020324707031, "number_of_bets_tested": 43}}, "ans": 0}, "2020020632.0": {"pred": {"under": 0.6050698129266201, "over": 0.3953907529355796, "metrics": {"loss": 1.7024489641189575, "acc": 0.44186046719551086, "AUC": 0.5338020324707031, "number_of_bets_tested": 43}}, "ans": 1}, "2020020788.0": {"pred": {"under": 0.926167023035071, "over": 0.07382818098172983, "metrics": {"loss": 1.7024489641189575, "acc": 0.44186046719551086, "AUC": 0.5338020324707031, "number_of_bets_tested": 43}}, "ans": 0}, "2020020670.0": {"pred": {"under": 0.44583836494725154, "over": 0.5526378837611178, "metrics": {"loss": 1.7024489641189575, "acc": 0.44186046719551086, "AUC": 0.5338020324707031, "number_of_bets_tested": 43}}, "ans": 0}, "2020020683.0": {"pred": {"under": 0.7447572325874126, "over": 0.2551323551958931, "metrics": {"loss": 1.7024489641189575, "acc": 0.44186046719551086, "AUC": 0.5338020324707031, "number_of_bets_tested": 43}}, "ans": 0}, "2020020699.0": {"pred": {"under": 0.694775684593662, "over": 0.3052840832664314, "metrics": {"loss": 1.7024489641189575, "acc": 0.44186046719551086, "AUC": 0.5338020324707031, "number_of_bets_tested": 43}}, "ans": 1}, "2020020711.0": {"pred": {"under": 0.9743710043619119, "over": 0.025629898822222552, "metrics": {"loss": 1.7024489641189575, "acc": 0.44186046719551086, "AUC": 0.5338020324707031, "number_of_bets_tested": 43}}, "ans": 0}, "2020020763.0": {"pred": {"under": 0.9652712397838537, "over": 0.03472641175526817, "metrics": {"loss": 1.7024489641189575, "acc": 0.44186046719551086, "AUC": 0.5338020324707031, "number_of_bets_tested": 43}}, "ans": 1}, "2020020774.0": {"pred": {"under": 0.9957827447974001, "over": 0.004217269707287067, "metrics": {"loss": 1.7024489641189575, "acc": 0.44186046719551086, "AUC": 0.5338020324707031, "number_of_bets_tested": 43}}, "ans": 0}, "2020020347.0": {"pred": {"under": 0.9303852036839122, "over": 0.0695668996649098, "metrics": {"loss": 1.7024489641189575, "acc": 0.44186046719551086, "AUC": 0.5338020324707031, "number_of_bets_tested": 43}}, "ans": 0}, "2020020020.0": {"pred": {"under": 0.40485654022480916, "over": 0.5945721720254655, "metrics": {"loss": 1.7024489641189575, "acc": 0.44186046719551086, "AUC": 0.5338020324707031, "number_of_bets_tested": 43}}, "ans": 0}, "2020020033.0": {"pred": {"under": 0.9414904605101899, "over": 0.058558151613575575, "metrics": {"loss": 1.7024489641189575, "acc": 0.44186046719551086, "AUC": 0.5338020324707031, "number_of_bets_tested": 43}}, "ans": 0}, "2020020048.0": {"pred": {"under": 0.8247138374223942, "over": 0.17569664402806753, "metrics": {"loss": 1.7024489641189575, "acc": 0.44186046719551086, "AUC": 0.5338020324707031, "number_of_bets_tested": 43}}, "ans": 0}, "2020020843.0": {"pred": {"under": 0.8784817511437176, "over": 0.12169550153527138, "metrics": {"loss": 1.7024489641189575, "acc": 0.44186046719551086, "AUC": 0.5338020324707031, "number_of_bets_tested": 43}}, "ans": 1}}