{"2020020514.0": {"pred": {"under": 0.5496640350634909, "over": 0.4505058383402136, "metrics": {"loss": 1.5949610471725464, "acc": 0.5961538553237915, "AUC": 0.6102071404457092, "number_of_bets_tested": 52}}, "ans": 1}, "2020020569.0": {"pred": {"under": 0.5496640350634909, "over": 0.4505058383402136, "metrics": {"loss": 1.5949610471725464, "acc": 0.5961538553237915, "AUC": 0.6102071404457092, "number_of_bets_tested": 52}}, "ans": 0}, "2020020584.0": {"pred": {"under": 0.5496640350634909, "over": 0.4505058383402136, "metrics": {"loss": 1.5949610471725464, "acc": 0.5961538553237915, "AUC": 0.6102071404457092, "number_of_bets_tested": 52}}, "ans": 0}, "2020020610.0": {"pred": {"under": 0.5496640350634909, "over": 0.4505058383402136, "metrics": {"loss": 1.5949610471725464, "acc": 0.5961538553237915, "AUC": 0.6102071404457092, "number_of_bets_tested": 52}}, "ans": 0}, "2020020624.0": {"pred": {"under": 0.5496640350634909, "over": 0.4505058383402136, "metrics": {"loss": 1.5949610471725464, "acc": 0.5961538553237915, "AUC": 0.6102071404457092, "number_of_bets_tested": 52}}, "ans": 1}, "2020020641.0": {"pred": {"under": 0.5511072632345685, "over": 0.4490559825237993, "metrics": {"loss": 1.5949610471725464, "acc": 0.5961538553237915, "AUC": 0.6102071404457092, "number_of_bets_tested": 52}}, "ans": 1}, "2020020663.0": {"pred": {"under": 0.6057844613070514, "over": 0.3941400561451009, "metrics": {"loss": 1.5949610471725464, "acc": 0.5961538553237915, "AUC": 0.6102071404457092, "number_of_bets_tested": 52}}, "ans": 0}, "2020020674.0": {"pred": {"under": 0.5496640350634909, "over": 0.4505058383402136, "metrics": {"loss": 1.5949610471725464, "acc": 0.5961538553237915, "AUC": 0.6102071404457092, "number_of_bets_tested": 52}}, "ans": 0}, "2020020780.0": {"pred": {"under": 0.9372477398770505, "over": 0.06274548755031456, "metrics": {"loss": 1.5949610471725464, "acc": 0.5961538553237915, "AUC": 0.6102071404457092, "number_of_bets_tested": 52}}, "ans": 1}, "2020020852.0": {"pred": {"under": 0.8256194622513027, "over": 0.17446810605512558, "metrics": {"loss": 1.5949610471725464, "acc": 0.5961538553237915, "AUC": 0.6102071404457092, "number_of_bets_tested": 52}}, "ans": 0}}