{"2020020538.0": {"pred": {"under": 0.018281614132256218, "over": 0.9817237827885945, "metrics": {"loss": 1.3764694929122925, "acc": 0.3333333432674408, "AUC": 0.1944444477558136, "number_of_bets_tested": 6}}, "ans": 1}, "2020020547.0": {"pred": {"under": 0.05113558337619492, "over": 0.9489655992663003, "metrics": {"loss": 1.3764694929122925, "acc": 0.3333333432674408, "AUC": 0.1944444477558136, "number_of_bets_tested": 6}}, "ans": 1}, "2020020563.0": {"pred": {"under": 0.029264188710975827, "over": 0.9707570845255236, "metrics": {"loss": 1.3764694929122925, "acc": 0.3333333432674408, "AUC": 0.1944444477558136, "number_of_bets_tested": 6}}, "ans": 1}, "2020020577.0": {"pred": {"under": 0.017088347745858105, "over": 0.9829161439462106, "metrics": {"loss": 1.3764694929122925, "acc": 0.3333333432674408, "AUC": 0.1944444477558136, "number_of_bets_tested": 6}}, "ans": 0}, "2020020598.0": {"pred": {"under": 0.03199626293900457, "over": 0.9680312163388268, "metrics": {"loss": 1.3764694929122925, "acc": 0.3333333432674408, "AUC": 0.1944444477558136, "number_of_bets_tested": 6}}, "ans": 1}, "2020020618.0": {"pred": {"under": 0.030355809592956202, "over": 0.9696676073568743, "metrics": {"loss": 1.3764694929122925, "acc": 0.3333333432674408, "AUC": 0.1944444477558136, "number_of_bets_tested": 6}}, "ans": 0}, "2020020632.0": {"pred": {"under": 0.03319602586494613, "over": 0.9668340975302459, "metrics": {"loss": 1.3764694929122925, "acc": 0.3333333432674408, "AUC": 0.1944444477558136, "number_of_bets_tested": 6}}, "ans": 0}, "2020020788.0": {"pred": {"under": 0.009793466985216137, "over": 0.9902074027468037, "metrics": {"loss": 1.3764694929122925, "acc": 0.3333333432674408, "AUC": 0.1944444477558136, "number_of_bets_tested": 6}}, "ans": 1}, "2020020670.0": {"pred": {"under": 0.011729166223158878, "over": 0.9882722932370694, "metrics": {"loss": 1.3764694929122925, "acc": 0.3333333432674408, "AUC": 0.1944444477558136, "number_of_bets_tested": 6}}, "ans": 1}, "2020020683.0": {"pred": {"under": 0.015057957808047208, "over": 0.9849451361567673, "metrics": {"loss": 1.3764694929122925, "acc": 0.3333333432674408, "AUC": 0.1944444477558136, "number_of_bets_tested": 6}}, "ans": 1}, "2020020699.0": {"pred": {"under": 0.0136251324629785, "over": 0.9863771480339105, "metrics": {"loss": 1.3764694929122925, "acc": 0.3333333432674408, "AUC": 0.1944444477558136, "number_of_bets_tested": 6}}, "ans": 0}, "2020020711.0": {"pred": {"under": 0.005900457655261051, "over": 0.9940997332757722, "metrics": {"loss": 1.3764694929122925, "acc": 0.3333333432674408, "AUC": 0.1944444477558136, "number_of_bets_tested": 6}}, "ans": 0}, "2020020722.0": {"pred": {"under": 0.016661126982055796, "over": 0.9833429905512906, "metrics": {"loss": 1.3764694929122925, "acc": 0.3333333432674408, "AUC": 0.1944444477558136, "number_of_bets_tested": 6}}, "ans": 1}, "2020020734.0": {"pred": {"under": 0.019153486710210218, "over": 0.9808525198312137, "metrics": {"loss": 1.3764694929122925, "acc": 0.3333333432674408, "AUC": 0.1944444477558136, "number_of_bets_tested": 6}}, "ans": 1}, "2020020763.0": {"pred": {"under": 0.007377485661399402, "over": 0.9926228885803315, "metrics": {"loss": 1.3764694929122925, "acc": 0.3333333432674408, "AUC": 0.1944444477558136, "number_of_bets_tested": 6}}, "ans": 0}, "2020020774.0": {"pred": {"under": 0.0038616040074097528, "over": 0.9961384514332241, "metrics": {"loss": 1.3764694929122925, "acc": 0.3333333432674408, "AUC": 0.1944444477558136, "number_of_bets_tested": 6}}, "ans": 1}, "2020020347.0": {"pred": {"under": 0.00946032935266073, "over": 0.9905404628194959, "metrics": {"loss": 1.3764694929122925, "acc": 0.3333333432674408, "AUC": 0.1944444477558136, "number_of_bets_tested": 6}}, "ans": 0}, "2020020020.0": {"pred": {"under": 0.017474062809916504, "over": 0.9825305969864772, "metrics": {"loss": 1.3764694929122925, "acc": 0.3333333432674408, "AUC": 0.1944444477558136, "number_of_bets_tested": 6}}, "ans": 1}, "2020020033.0": {"pred": {"under": 0.0027669211347617125, "over": 0.9972330992245788, "metrics": {"loss": 1.3764694929122925, "acc": 0.3333333432674408, "AUC": 0.1944444477558136, "number_of_bets_tested": 6}}, "ans": 0}, "2020020048.0": {"pred": {"under": 0.009794303524886094, "over": 0.9902065781148139, "metrics": {"loss": 1.3764694929122925, "acc": 0.3333333432674408, "AUC": 0.1944444477558136, "number_of_bets_tested": 6}}, "ans": 0}, "2020020843.0": {"pred": {"under": 0.006098867363906863, "over": 0.9939013488954728, "metrics": {"loss": 1.3764694929122925, "acc": 0.3333333432674408, "AUC": 0.1944444477558136, "number_of_bets_tested": 6}}, "ans": 1}}