{"2020020508.0": {"pred": {"under": 0.39411395095644447, "over": 0.6077224268777732, "metrics": {"loss": 1.591170072555542, "acc": 0.3499999940395355, "AUC": 0.4925000071525574, "number_of_bets_tested": 20}}, "ans": 1}, "2020020523.0": {"pred": {"under": 0.6162678068818751, "over": 0.3842712337193048, "metrics": {"loss": 1.591170072555542, "acc": 0.3499999940395355, "AUC": 0.4925000071525574, "number_of_bets_tested": 20}}, "ans": 1}, "2020020723.0": {"pred": {"under": 0.6321715159939019, "over": 0.36817065216594796, "metrics": {"loss": 1.591170072555542, "acc": 0.3499999940395355, "AUC": 0.4925000071525574, "number_of_bets_tested": 20}}, "ans": 1}, "2020020609.0": {"pred": {"under": 0.6857325577727403, "over": 0.3142656691743749, "metrics": {"loss": 1.591170072555542, "acc": 0.3499999940395355, "AUC": 0.4925000071525574, "number_of_bets_tested": 20}}, "ans": 1}, "2020020182.0": {"pred": {"under": 0.36691669301449203, "over": 0.6332862323944255, "metrics": {"loss": 1.591170072555542, "acc": 0.3499999940395355, "AUC": 0.4925000071525574, "number_of_bets_tested": 20}}, "ans": 1}, "2020020735.0": {"pred": {"under": 0.36691669301449203, "over": 0.6332862323944255, "metrics": {"loss": 1.591170072555542, "acc": 0.3499999940395355, "AUC": 0.4925000071525574, "number_of_bets_tested": 20}}, "ans": 1}, "2020020191.0": {"pred": {"under": 0.3672224855448225, "over": 0.6329974919735898, "metrics": {"loss": 1.591170072555542, "acc": 0.3499999940395355, "AUC": 0.4925000071525574, "number_of_bets_tested": 20}}, "ans": 1}, "2020020779.0": {"pred": {"under": 0.36691669301449203, "over": 0.6332862323944255, "metrics": {"loss": 1.591170072555542, "acc": 0.3499999940395355, "AUC": 0.4925000071525574, "number_of_bets_tested": 20}}, "ans": 1}, "2020020823.0": {"pred": {"under": 0.36691669301449203, "over": 0.6332862323944255, "metrics": {"loss": 1.591170072555542, "acc": 0.3499999940395355, "AUC": 0.4925000071525574, "number_of_bets_tested": 20}}, "ans": 0}, "2020020837.0": {"pred": {"under": 0.36691669301449203, "over": 0.6332862323944255, "metrics": {"loss": 1.591170072555542, "acc": 0.3499999940395355, "AUC": 0.4925000071525574, "number_of_bets_tested": 20}}, "ans": 1}, "2020020688.0": {"pred": {"under": 0.582738173884621, "over": 0.4181398899459234, "metrics": {"loss": 1.591170072555542, "acc": 0.3499999940395355, "AUC": 0.4925000071525574, "number_of_bets_tested": 20}}, "ans": 0}, "2020030151.0": {"pred": {"under": 0.8534060523190551, "over": 0.14711859298026794, "metrics": {"loss": 1.591170072555542, "acc": 0.3499999940395355, "AUC": 0.4925000071525574, "number_of_bets_tested": 20}}, "ans": 1}, "2020030152.0": {"pred": {"under": 0.9147813030986581, "over": 0.08533785640519098, "metrics": {"loss": 1.591170072555542, "acc": 0.3499999940395355, "AUC": 0.4925000071525574, "number_of_bets_tested": 20}}, "ans": 1}, "2020030153.0": {"pred": {"under": 0.4840140346324186, "over": 0.5176411081790641, "metrics": {"loss": 1.591170072555542, "acc": 0.3499999940395355, "AUC": 0.4925000071525574, "number_of_bets_tested": 20}}, "ans": 1}, "2020030154.0": {"pred": {"under": 0.8134548151628828, "over": 0.18736271001754148, "metrics": {"loss": 1.591170072555542, "acc": 0.3499999940395355, "AUC": 0.4925000071525574, "number_of_bets_tested": 20}}, "ans": 1}}