{"2020020676.0": {"pred": {"under": 0.9999991337523396, "over": 8.662476602694371e-07, "metrics": {"loss": 2.041276693344116, "acc": 0.5909090638160706, "AUC": 0.6740702390670776, "number_of_bets_tested": 44}}, "ans": 0}, "2020020691.0": {"pred": {"under": 0.988612108160623, "over": 0.011388375394851769, "metrics": {"loss": 2.041276693344116, "acc": 0.5909090638160706, "AUC": 0.6740702390670776, "number_of_bets_tested": 44}}, "ans": 0}, "2020020702.0": {"pred": {"under": 0.9677640860756993, "over": 0.032239988138442276, "metrics": {"loss": 2.041276693344116, "acc": 0.5909090638160706, "AUC": 0.6740702390670776, "number_of_bets_tested": 44}}, "ans": 1}, "2020020166.0": {"pred": {"under": 0.999939314864663, "over": 6.068513539502624e-05, "metrics": {"loss": 2.041276693344116, "acc": 0.5909090638160706, "AUC": 0.6740702390670776, "number_of_bets_tested": 44}}, "ans": 1}, "2020020733.0": {"pred": {"under": 0.8926502070326605, "over": 0.10683857624977006, "metrics": {"loss": 2.041276693344116, "acc": 0.5909090638160706, "AUC": 0.6740702390670776, "number_of_bets_tested": 44}}, "ans": 1}, "2020020216.0": {"pred": {"under": 0.9996000490739018, "over": 0.00039995094992176244, "metrics": {"loss": 2.041276693344116, "acc": 0.5909090638160706, "AUC": 0.6740702390670776, "number_of_bets_tested": 44}}, "ans": 0}, "2020020716.0": {"pred": {"under": 0.9999555440990994, "over": 4.445590093382339e-05, "metrics": {"loss": 2.041276693344116, "acc": 0.5909090638160706, "AUC": 0.6740702390670776, "number_of_bets_tested": 44}}, "ans": 0}, "2020020783.0": {"pred": {"under": 0.9071083422516578, "over": 0.09308057608394904, "metrics": {"loss": 2.041276693344116, "acc": 0.5909090638160706, "AUC": 0.6740702390670776, "number_of_bets_tested": 44}}, "ans": 0}, "2020020813.0": {"pred": {"under": 0.99999914688118, "over": 8.531188200322504e-07, "metrics": {"loss": 2.041276693344116, "acc": 0.5909090638160706, "AUC": 0.6740702390670776, "number_of_bets_tested": 44}}, "ans": 0}, "2020020825.0": {"pred": {"under": 0.9992105869013326, "over": 0.0007894134027733028, "metrics": {"loss": 2.041276693344116, "acc": 0.5909090638160706, "AUC": 0.6740702390670776, "number_of_bets_tested": 44}}, "ans": 1}, "2020020839.0": {"pred": {"under": 0.7025080743480957, "over": 0.2976140446193724, "metrics": {"loss": 2.041276693344116, "acc": 0.5909090638160706, "AUC": 0.6740702390670776, "number_of_bets_tested": 44}}, "ans": 0}}