{"2020020631.0": {"pred": {"under": 0.20481541572638456, "over": 0.7940800579981673, "metrics": {"loss": 1.1824266910552979, "acc": 0.2857142984867096, "AUC": 0.3877551257610321, "number_of_bets_tested": 14}}, "ans": 0}, "2020020681.0": {"pred": {"under": 0.6071964884488832, "over": 0.3953981989547288, "metrics": {"loss": 1.1824266910552979, "acc": 0.2857142984867096, "AUC": 0.3877551257610321, "number_of_bets_tested": 14}}, "ans": 1}, "2020020695.0": {"pred": {"under": 0.8423931926340051, "over": 0.1574507019351597, "metrics": {"loss": 1.1824266910552979, "acc": 0.2857142984867096, "AUC": 0.3877551257610321, "number_of_bets_tested": 14}}, "ans": 0}, "2020020711.0": {"pred": {"under": 0.6336075935860901, "over": 0.36239331548021925, "metrics": {"loss": 1.1824266910552979, "acc": 0.2857142984867096, "AUC": 0.3877551257610321, "number_of_bets_tested": 14}}, "ans": 0}, "2020020722.0": {"pred": {"under": 0.5193799426730527, "over": 0.4751567003869796, "metrics": {"loss": 1.1824266910552979, "acc": 0.2857142984867096, "AUC": 0.3877551257610321, "number_of_bets_tested": 14}}, "ans": 1}, "2020020771.0": {"pred": {"under": 0.7491727661530294, "over": 0.2500078670961641, "metrics": {"loss": 1.1824266910552979, "acc": 0.2857142984867096, "AUC": 0.3877551257610321, "number_of_bets_tested": 14}}, "ans": 0}, "2020020786.0": {"pred": {"under": 0.8514346839435858, "over": 0.14818997513074736, "metrics": {"loss": 1.1824266910552979, "acc": 0.2857142984867096, "AUC": 0.3877551257610321, "number_of_bets_tested": 14}}, "ans": 0}, "2020020811.0": {"pred": {"under": 0.6281922486294055, "over": 0.3648781633825849, "metrics": {"loss": 1.1824266910552979, "acc": 0.2857142984867096, "AUC": 0.3877551257610321, "number_of_bets_tested": 14}}, "ans": 1}, "2020020845.0": {"pred": {"under": 0.7955981254442709, "over": 0.20362648160317026, "metrics": {"loss": 1.1824266910552979, "acc": 0.2857142984867096, "AUC": 0.3877551257610321, "number_of_bets_tested": 14}}, "ans": 0}}