{"2020020537.0": {"pred": {"under": 0.9051024050922171, "over": 0.09485631490324445, "metrics": {"loss": 0.6265913844108582, "acc": 0.6190476417541504, "AUC": 0.769557774066925, "number_of_bets_tested": 42}}, "ans": 0}, "2020020566.0": {"pred": {"under": 0.8524243283942871, "over": 0.14721670466869252, "metrics": {"loss": 0.6265913844108582, "acc": 0.6190476417541504, "AUC": 0.769557774066925, "number_of_bets_tested": 42}}, "ans": 0}}