{"2020020457.0": {"pred": {"under": 0.8296002363768545, "over": 0.1703948146256217, "metrics": {"loss": 2.6710829734802246, "acc": 0.3636363744735718, "AUC": 0.3305785059928894, "number_of_bets_tested": 33}}, "ans": 0}, "2020020496.0": {"pred": {"under": 0.7399379551408696, "over": 0.2602155098274631, "metrics": {"loss": 2.6710829734802246, "acc": 0.3636363744735718, "AUC": 0.3305785059928894, "number_of_bets_tested": 33}}, "ans": 1}, "2020020509.0": {"pred": {"under": 0.8166768887035619, "over": 0.18333022966493237, "metrics": {"loss": 2.6710829734802246, "acc": 0.3636363744735718, "AUC": 0.3305785059928894, "number_of_bets_tested": 33}}, "ans": 1}, "2020020532.0": {"pred": {"under": 0.8642244767745968, "over": 0.13575368471240326, "metrics": {"loss": 2.6710829734802246, "acc": 0.3636363744735718, "AUC": 0.3305785059928894, "number_of_bets_tested": 33}}, "ans": 1}, "2020020548.0": {"pred": {"under": 0.8797846168545871, "over": 0.12019208585593252, "metrics": {"loss": 2.6710829734802246, "acc": 0.3636363744735718, "AUC": 0.3305785059928894, "number_of_bets_tested": 33}}, "ans": 0}, "2020020557.0": {"pred": {"under": 0.7219609510714095, "over": 0.2782451450811873, "metrics": {"loss": 2.6710829734802246, "acc": 0.3636363744735718, "AUC": 0.3305785059928894, "number_of_bets_tested": 33}}, "ans": 1}, "2020020572.0": {"pred": {"under": 0.6687325726911343, "over": 0.33166249848768836, "metrics": {"loss": 2.6710829734802246, "acc": 0.3636363744735718, "AUC": 0.3305785059928894, "number_of_bets_tested": 33}}, "ans": 0}, "2020020611.0": {"pred": {"under": 0.4056515094816352, "over": 0.5955176442448203, "metrics": {"loss": 2.6710829734802246, "acc": 0.3636363744735718, "AUC": 0.3305785059928894, "number_of_bets_tested": 33}}, "ans": 0}, "2020020625.0": {"pred": {"under": 0.7890224122446324, "over": 0.21096398515516643, "metrics": {"loss": 2.6710829734802246, "acc": 0.3636363744735718, "AUC": 0.3305785059928894, "number_of_bets_tested": 33}}, "ans": 0}, "2020020229.0": {"pred": {"under": 0.5164325606133133, "over": 0.48456473317140214, "metrics": {"loss": 2.6710829734802246, "acc": 0.3636363744735718, "AUC": 0.3305785059928894, "number_of_bets_tested": 33}}, "ans": 1}, "2020020195.0": {"pred": {"under": 0.40557763199315905, "over": 0.5955904674903714, "metrics": {"loss": 2.6710829734802246, "acc": 0.3636363744735718, "AUC": 0.3305785059928894, "number_of_bets_tested": 33}}, "ans": 1}, "2020020677.0": {"pred": {"under": 0.5228157133605945, "over": 0.4768007533509572, "metrics": {"loss": 2.6710829734802246, "acc": 0.3636363744735718, "AUC": 0.3305785059928894, "number_of_bets_tested": 33}}, "ans": 1}, "2020020690.0": {"pred": {"under": 0.5771541442857077, "over": 0.4222976922303239, "metrics": {"loss": 2.6710829734802246, "acc": 0.3636363744735718, "AUC": 0.3305785059928894, "number_of_bets_tested": 33}}, "ans": 1}, "2020020715.0": {"pred": {"under": 0.7595298576013423, "over": 0.24057389156244782, "metrics": {"loss": 2.6710829734802246, "acc": 0.3636363744735718, "AUC": 0.3305785059928894, "number_of_bets_tested": 33}}, "ans": 1}, "2020020483.0": {"pred": {"under": 0.9759066133595626, "over": 0.024091819404538563, "metrics": {"loss": 2.6710829734802246, "acc": 0.3636363744735718, "AUC": 0.3305785059928894, "number_of_bets_tested": 33}}, "ans": 1}, "2020020729.0": {"pred": {"under": 0.6899277999922666, "over": 0.31049653366525365, "metrics": {"loss": 2.6710829734802246, "acc": 0.3636363744735718, "AUC": 0.3305785059928894, "number_of_bets_tested": 33}}, "ans": 0}, "2020020738.0": {"pred": {"under": 0.5026445882457492, "over": 0.49839372008284044, "metrics": {"loss": 2.6710829734802246, "acc": 0.3636363744735718, "AUC": 0.3305785059928894, "number_of_bets_tested": 33}}, "ans": 0}, "2020020754.0": {"pred": {"under": 0.1878412576574656, "over": 0.8119237755751981, "metrics": {"loss": 2.6710829734802246, "acc": 0.3636363744735718, "AUC": 0.3305785059928894, "number_of_bets_tested": 33}}, "ans": 1}, "2020020768.0": {"pred": {"under": 0.40557763199315905, "over": 0.5955904674903714, "metrics": {"loss": 2.6710829734802246, "acc": 0.3636363744735718, "AUC": 0.3305785059928894, "number_of_bets_tested": 33}}, "ans": 1}, "2020020782.0": {"pred": {"under": 0.40557763199315905, "over": 0.5955904674903714, "metrics": {"loss": 2.6710829734802246, "acc": 0.3636363744735718, "AUC": 0.3305785059928894, "number_of_bets_tested": 33}}, "ans": 1}, "2020020812.0": {"pred": {"under": 0.6656998290693201, "over": 0.3347071925296031, "metrics": {"loss": 2.6710829734802246, "acc": 0.3636363744735718, "AUC": 0.3305785059928894, "number_of_bets_tested": 33}}, "ans": 1}, "2020020824.0": {"pred": {"under": 0.5618319824647444, "over": 0.43927928680878864, "metrics": {"loss": 2.6710829734802246, "acc": 0.3636363744735718, "AUC": 0.3305785059928894, "number_of_bets_tested": 33}}, "ans": 0}, "2020020842.0": {"pred": {"under": 0.40557763199315905, "over": 0.5955904674903714, "metrics": {"loss": 2.6710829734802246, "acc": 0.3636363744735718, "AUC": 0.3305785059928894, "number_of_bets_tested": 33}}, "ans": 0}}