{"2020020504.0": {"pred": {"under": 0.7521871224194885, "over": 0.24640478178339167, "metrics": {"loss": 0.773385763168335, "acc": 0.8421052694320679, "AUC": 0.8531855344772339, "number_of_bets_tested": 19}}, "ans": 1}}