{"2020020485.0": {"pred": {"under": 0.8952849520983615, "over": 0.10318466546907953, "metrics": {"loss": 2.8593029975891113, "acc": 0.6666666865348816, "AUC": 0.6836734414100647, "number_of_bets_tested": 21}}, "ans": 0}, "2020020576.0": {"pred": {"under": 0.7995873255933529, "over": 0.20105129512751257, "metrics": {"loss": 2.8593029975891113, "acc": 0.6666666865348816, "AUC": 0.6836734414100647, "number_of_bets_tested": 21}}, "ans": 1}, "2020020598.0": {"pred": {"under": 0.8764868693386366, "over": 0.12236971263587498, "metrics": {"loss": 2.8593029975891113, "acc": 0.6666666865348816, "AUC": 0.6836734414100647, "number_of_bets_tested": 21}}, "ans": 0}, "2020020615.0": {"pred": {"under": 0.974685426236078, "over": 0.02524709848652546, "metrics": {"loss": 2.8593029975891113, "acc": 0.6666666865348816, "AUC": 0.6836734414100647, "number_of_bets_tested": 21}}, "ans": 0}, "2020020629.0": {"pred": {"under": 0.8354383342490442, "over": 0.16287226132364988, "metrics": {"loss": 2.8593029975891113, "acc": 0.6666666865348816, "AUC": 0.6836734414100647, "number_of_bets_tested": 21}}, "ans": 0}, "2020020642.0": {"pred": {"under": 0.5891744954346471, "over": 0.4152631828822817, "metrics": {"loss": 2.8593029975891113, "acc": 0.6666666865348816, "AUC": 0.6836734414100647, "number_of_bets_tested": 21}}, "ans": 0}, "2020020657.0": {"pred": {"under": 0.7929789099883359, "over": 0.20491326098998366, "metrics": {"loss": 2.8593029975891113, "acc": 0.6666666865348816, "AUC": 0.6836734414100647, "number_of_bets_tested": 21}}, "ans": 0}, "2020020678.0": {"pred": {"under": 0.6940818580706258, "over": 0.3082832551970679, "metrics": {"loss": 2.8593029975891113, "acc": 0.6666666865348816, "AUC": 0.6836734414100647, "number_of_bets_tested": 21}}, "ans": 0}, "2020020786.0": {"pred": {"under": 0.5741858213701161, "over": 0.4282314541641287, "metrics": {"loss": 2.8593029975891113, "acc": 0.6666666865348816, "AUC": 0.6836734414100647, "number_of_bets_tested": 21}}, "ans": 0}}