{"2020020604.0": {"pred": {"under": 0.9999880899576951, "over": 1.1910042303497937e-05, "metrics": {"loss": 0.9665655493736267, "acc": 0.5333333611488342, "AUC": 0.6200000047683716, "number_of_bets_tested": 15}}, "ans": 0}, "2020020640.0": {"pred": {"under": 0.9992191823366093, "over": 0.0007808175289311679, "metrics": {"loss": 0.9665655493736267, "acc": 0.5333333611488342, "AUC": 0.6200000047683716, "number_of_bets_tested": 15}}, "ans": 0}, "2020020656.0": {"pred": {"under": 0.999701896514354, "over": 0.0002981033758914966, "metrics": {"loss": 0.9665655493736267, "acc": 0.5333333611488342, "AUC": 0.6200000047683716, "number_of_bets_tested": 15}}, "ans": 1}, "2020020664.0": {"pred": {"under": 0.9999993917343772, "over": 6.082656227590633e-07, "metrics": {"loss": 0.9665655493736267, "acc": 0.5333333611488342, "AUC": 0.6200000047683716, "number_of_bets_tested": 15}}, "ans": 1}, "2020020675.0": {"pred": {"under": 0.9999997842635082, "over": 2.1573649178208143e-07, "metrics": {"loss": 0.9665655493736267, "acc": 0.5333333611488342, "AUC": 0.6200000047683716, "number_of_bets_tested": 15}}, "ans": 1}, "2020020689.0": {"pred": {"under": 0.9999998738349234, "over": 1.2616507660823117e-07, "metrics": {"loss": 0.9665655493736267, "acc": 0.5333333611488342, "AUC": 0.6200000047683716, "number_of_bets_tested": 15}}, "ans": 0}, "2020020705.0": {"pred": {"under": 0.9999950815877117, "over": 4.918412287224793e-06, "metrics": {"loss": 0.9665655493736267, "acc": 0.5333333611488342, "AUC": 0.6200000047683716, "number_of_bets_tested": 15}}, "ans": 1}, "2020020724.0": {"pred": {"under": 0.999996182872109, "over": 3.817127890215495e-06, "metrics": {"loss": 0.9665655493736267, "acc": 0.5333333611488342, "AUC": 0.6200000047683716, "number_of_bets_tested": 15}}, "ans": 0}, "2020020765.0": {"pred": {"under": 0.9998118170263768, "over": 0.0001881829666698452, "metrics": {"loss": 0.9665655493736267, "acc": 0.5333333611488342, "AUC": 0.6200000047683716, "number_of_bets_tested": 15}}, "ans": 0}, "2020020780.0": {"pred": {"under": 0.99947165554663, "over": 0.0005283438955744564, "metrics": {"loss": 0.9665655493736267, "acc": 0.5333333611488342, "AUC": 0.6200000047683716, "number_of_bets_tested": 15}}, "ans": 1}, "2020020818.0": {"pred": {"under": 0.9997111282990883, "over": 0.00028887155357882114, "metrics": {"loss": 0.9665655493736267, "acc": 0.5333333611488342, "AUC": 0.6200000047683716, "number_of_bets_tested": 15}}, "ans": 1}, "2020020832.0": {"pred": {"under": 0.9999596684713188, "over": 4.0331527998260365e-05, "metrics": {"loss": 0.9665655493736267, "acc": 0.5333333611488342, "AUC": 0.6200000047683716, "number_of_bets_tested": 15}}, "ans": 1}, "2020020850.0": {"pred": {"under": 0.9999823115885197, "over": 1.7688411389829995e-05, "metrics": {"loss": 0.9665655493736267, "acc": 0.5333333611488342, "AUC": 0.6200000047683716, "number_of_bets_tested": 15}}, "ans": 0}}