{"2020020486.0": {"pred": {"under": 0.49269350496378234, "over": 0.5079755534608607, "metrics": {"loss": 1.5483626127243042, "acc": 0.3333333432674408, "AUC": 0.2500000298023224, "number_of_bets_tested": 6}}, "ans": 0}, "2020020519.0": {"pred": {"under": 0.7665812206199835, "over": 0.2334978755679241, "metrics": {"loss": 1.5483626127243042, "acc": 0.3333333432674408, "AUC": 0.2500000298023224, "number_of_bets_tested": 6}}, "ans": 0}, "2020020545.0": {"pred": {"under": 0.27736028136267404, "over": 0.723223790330381, "metrics": {"loss": 1.5483626127243042, "acc": 0.3333333432674408, "AUC": 0.2500000298023224, "number_of_bets_tested": 6}}, "ans": 1}, "2020020562.0": {"pred": {"under": 0.20389378939654393, "over": 0.7959796671711068, "metrics": {"loss": 1.5483626127243042, "acc": 0.3333333432674408, "AUC": 0.2500000298023224, "number_of_bets_tested": 6}}, "ans": 0}, "2020020576.0": {"pred": {"under": 0.23322199692076223, "over": 0.7658006409876651, "metrics": {"loss": 1.5483626127243042, "acc": 0.3333333432674408, "AUC": 0.2500000298023224, "number_of_bets_tested": 6}}, "ans": 1}, "2020020618.0": {"pred": {"under": 0.357176096427079, "over": 0.6462076719481418, "metrics": {"loss": 1.5483626127243042, "acc": 0.3333333432674408, "AUC": 0.2500000298023224, "number_of_bets_tested": 6}}, "ans": 0}, "2020020658.0": {"pred": {"under": 0.19140078436333677, "over": 0.8079204309875236, "metrics": {"loss": 1.5483626127243042, "acc": 0.3333333432674408, "AUC": 0.2500000298023224, "number_of_bets_tested": 6}}, "ans": 0}, "2020020681.0": {"pred": {"under": 0.16330012044191733, "over": 0.8354609058701308, "metrics": {"loss": 1.5483626127243042, "acc": 0.3333333432674408, "AUC": 0.2500000298023224, "number_of_bets_tested": 6}}, "ans": 0}, "2020020695.0": {"pred": {"under": 0.24762528017455265, "over": 0.750777760935209, "metrics": {"loss": 1.5483626127243042, "acc": 0.3333333432674408, "AUC": 0.2500000298023224, "number_of_bets_tested": 6}}, "ans": 1}, "2020020725.0": {"pred": {"under": 0.12638177164732964, "over": 0.8727023440562088, "metrics": {"loss": 1.5483626127243042, "acc": 0.3333333432674408, "AUC": 0.2500000298023224, "number_of_bets_tested": 6}}, "ans": 0}, "2020020772.0": {"pred": {"under": 0.07102794480201896, "over": 0.9287489996684904, "metrics": {"loss": 1.5483626127243042, "acc": 0.3333333432674408, "AUC": 0.2500000298023224, "number_of_bets_tested": 6}}, "ans": 1}}