{"2020020578.0": {"pred": {"under": 0.002450162989719578, "over": 0.9975498506223708, "metrics": {"loss": 1.1835541725158691, "acc": 0.375, "AUC": 0.359375, "number_of_bets_tested": 8}}, "ans": 0}, "2020020848.0": {"pred": {"under": 0.012622756399448149, "over": 0.9873782456665006, "metrics": {"loss": 1.1835541725158691, "acc": 0.375, "AUC": 0.359375, "number_of_bets_tested": 8}}, "ans": 1}, "2020020621.0": {"pred": {"under": 0.01943366898935836, "over": 0.980565797230342, "metrics": {"loss": 1.1835541725158691, "acc": 0.375, "AUC": 0.359375, "number_of_bets_tested": 8}}, "ans": 1}, "2020020661.0": {"pred": {"under": 0.00827720965780924, "over": 0.9917231005447243, "metrics": {"loss": 1.1835541725158691, "acc": 0.375, "AUC": 0.359375, "number_of_bets_tested": 8}}, "ans": 0}, "2020020672.0": {"pred": {"under": 0.1721205279989859, "over": 0.8277733571134553, "metrics": {"loss": 1.1835541725158691, "acc": 0.375, "AUC": 0.359375, "number_of_bets_tested": 8}}, "ans": 1}, "2020020546.0": {"pred": {"under": 0.08355974577843, "over": 0.9163877981109533, "metrics": {"loss": 1.1835541725158691, "acc": 0.375, "AUC": 0.359375, "number_of_bets_tested": 8}}, "ans": 0}}