{"2020020489.0": {"pred": {"under": 0.9878817168964928, "over": 0.01211983420263291, "metrics": {"loss": 0.7418392300605774, "acc": 0.6800000071525574, "AUC": 0.6695999503135681, "number_of_bets_tested": 25}}, "ans": 0}, "2020020697.0": {"pred": {"under": 0.9999953832116262, "over": 4.6167883738235105e-06, "metrics": {"loss": 0.7418392300605774, "acc": 0.6800000071525574, "AUC": 0.6695999503135681, "number_of_bets_tested": 25}}, "ans": 0}, "2020020776.0": {"pred": {"under": 0.9986147244661736, "over": 0.0013852780614653317, "metrics": {"loss": 0.7418392300605774, "acc": 0.6800000071525574, "AUC": 0.6695999503135681, "number_of_bets_tested": 25}}, "ans": 0}, "2020020792.0": {"pred": {"under": 0.6312138820568496, "over": 0.3806800735028728, "metrics": {"loss": 0.7418392300605774, "acc": 0.6800000071525574, "AUC": 0.6695999503135681, "number_of_bets_tested": 25}}, "ans": 0}, "2020020593.0": {"pred": {"under": 0.9999388022408692, "over": 6.119775935073486e-05, "metrics": {"loss": 0.7418392300605774, "acc": 0.6800000071525574, "AUC": 0.6695999503135681, "number_of_bets_tested": 25}}, "ans": 0}}