{"2020020521.0": {"pred": {"under": 0.5738689616418282, "over": 0.4231886181979836, "metrics": {"loss": 1.6756713390350342, "acc": 0.5333333611488342, "AUC": 0.5222222208976746, "number_of_bets_tested": 15}}, "ans": 1}, "2020020578.0": {"pred": {"under": 0.7400289381909319, "over": 0.2633782714124146, "metrics": {"loss": 1.6756713390350342, "acc": 0.5333333611488342, "AUC": 0.5222222208976746, "number_of_bets_tested": 15}}, "ans": 0}, "2020020848.0": {"pred": {"under": 0.32734442354629123, "over": 0.6745162828832331, "metrics": {"loss": 1.6756713390350342, "acc": 0.5333333611488342, "AUC": 0.5222222208976746, "number_of_bets_tested": 15}}, "ans": 1}, "2020020621.0": {"pred": {"under": 0.036214380782145734, "over": 0.9638088781254746, "metrics": {"loss": 1.6756713390350342, "acc": 0.5333333611488342, "AUC": 0.5222222208976746, "number_of_bets_tested": 15}}, "ans": 0}, "2020020646.0": {"pred": {"under": 0.9033139152307454, "over": 0.09635425472813261, "metrics": {"loss": 1.6756713390350342, "acc": 0.5333333611488342, "AUC": 0.5222222208976746, "number_of_bets_tested": 15}}, "ans": 1}, "2020020661.0": {"pred": {"under": 0.008335385065168512, "over": 0.9916650608978994, "metrics": {"loss": 1.6756713390350342, "acc": 0.5333333611488342, "AUC": 0.5222222208976746, "number_of_bets_tested": 15}}, "ans": 0}, "2020020672.0": {"pred": {"under": 0.04027112848513935, "over": 0.9597750305758965, "metrics": {"loss": 1.6756713390350342, "acc": 0.5333333611488342, "AUC": 0.5222222208976746, "number_of_bets_tested": 15}}, "ans": 1}, "2020020546.0": {"pred": {"under": 0.08229296762955819, "over": 0.918002057469826, "metrics": {"loss": 1.6756713390350342, "acc": 0.5333333611488342, "AUC": 0.5222222208976746, "number_of_bets_tested": 15}}, "ans": 1}, "2020020708.0": {"pred": {"under": 0.08833506959790279, "over": 0.9118496034801997, "metrics": {"loss": 1.6756713390350342, "acc": 0.5333333611488342, "AUC": 0.5222222208976746, "number_of_bets_tested": 15}}, "ans": 1}, "2020020737.0": {"pred": {"under": 0.05321498761877159, "over": 0.946851616664413, "metrics": {"loss": 1.6756713390350342, "acc": 0.5333333611488342, "AUC": 0.5222222208976746, "number_of_bets_tested": 15}}, "ans": 1}, "2020020776.0": {"pred": {"under": 0.12921003408910767, "over": 0.871709775849923, "metrics": {"loss": 1.6756713390350342, "acc": 0.5333333611488342, "AUC": 0.5222222208976746, "number_of_bets_tested": 15}}, "ans": 1}, "2020020820.0": {"pred": {"under": 0.01352182352692456, "over": 0.9864803739975901, "metrics": {"loss": 1.6756713390350342, "acc": 0.5333333611488342, "AUC": 0.5222222208976746, "number_of_bets_tested": 15}}, "ans": 0}, "2020020564.0": {"pred": {"under": 0.06742585631724538, "over": 0.9327720827661754, "metrics": {"loss": 1.6756713390350342, "acc": 0.5333333611488342, "AUC": 0.5222222208976746, "number_of_bets_tested": 15}}, "ans": 1}, "2020020720.0": {"pred": {"under": 0.015612518476459343, "over": 0.984389832806801, "metrics": {"loss": 1.6756713390350342, "acc": 0.5333333611488342, "AUC": 0.5222222208976746, "number_of_bets_tested": 15}}, "ans": 1}, "2020020833.0": {"pred": {"under": 0.048320397244981786, "over": 0.9517318482937909, "metrics": {"loss": 1.6756713390350342, "acc": 0.5333333611488342, "AUC": 0.5222222208976746, "number_of_bets_tested": 15}}, "ans": 1}}