{"2020020464.0": {"pred": {"under": 0.001930868936717425, "over": 0.9980691296733483, "metrics": {"loss": 1.403985619544983, "acc": 0.699999988079071, "AUC": 0.71937495470047, "number_of_bets_tested": 40}}, "ans": 1}, "2020020474.0": {"pred": {"under": 0.2195734075131738, "over": 0.7805764725265787, "metrics": {"loss": 1.403985619544983, "acc": 0.699999988079071, "AUC": 0.71937495470047, "number_of_bets_tested": 40}}, "ans": 0}, "2020020512.0": {"pred": {"under": 0.3176189679519271, "over": 0.6830367347333548, "metrics": {"loss": 1.403985619544983, "acc": 0.699999988079071, "AUC": 0.71937495470047, "number_of_bets_tested": 40}}, "ans": 1}, "2020020527.0": {"pred": {"under": 0.009714010421828853, "over": 0.9902859059192275, "metrics": {"loss": 1.403985619544983, "acc": 0.699999988079071, "AUC": 0.71937495470047, "number_of_bets_tested": 40}}, "ans": 1}, "2020020537.0": {"pred": {"under": 0.0035467501070299235, "over": 0.9964532451912003, "metrics": {"loss": 1.403985619544983, "acc": 0.699999988079071, "AUC": 0.71937495470047, "number_of_bets_tested": 40}}, "ans": 0}, "2020020552.0": {"pred": {"under": 0.0036399057119956913, "over": 0.9963600903513644, "metrics": {"loss": 1.403985619544983, "acc": 0.699999988079071, "AUC": 0.71937495470047, "number_of_bets_tested": 40}}, "ans": 1}, "2020020566.0": {"pred": {"under": 0.037950048335229025, "over": 0.9620499505623857, "metrics": {"loss": 1.403985619544983, "acc": 0.699999988079071, "AUC": 0.71937495470047, "number_of_bets_tested": 40}}, "ans": 1}, "2020020581.0": {"pred": {"under": 0.03889829187846429, "over": 0.9611004899515688, "metrics": {"loss": 1.403985619544983, "acc": 0.699999988079071, "AUC": 0.71937495470047, "number_of_bets_tested": 40}}, "ans": 0}, "2020020848.0": {"pred": {"under": 0.00551876855138759, "over": 0.9944812253106511, "metrics": {"loss": 1.403985619544983, "acc": 0.699999988079071, "AUC": 0.71937495470047, "number_of_bets_tested": 40}}, "ans": 1}, "2020020633.0": {"pred": {"under": 0.13684035579635984, "over": 0.8632155177709494, "metrics": {"loss": 1.403985619544983, "acc": 0.699999988079071, "AUC": 0.71937495470047, "number_of_bets_tested": 40}}, "ans": 0}, "2020020645.0": {"pred": {"under": 0.3020949638233197, "over": 0.698474587661543, "metrics": {"loss": 1.403985619544983, "acc": 0.699999988079071, "AUC": 0.71937495470047, "number_of_bets_tested": 40}}, "ans": 1}, "2020020661.0": {"pred": {"under": 0.1544095038614406, "over": 0.845695762311085, "metrics": {"loss": 1.403985619544983, "acc": 0.699999988079071, "AUC": 0.71937495470047, "number_of_bets_tested": 40}}, "ans": 1}, "2020020672.0": {"pred": {"under": 0.24648201273323633, "over": 0.7538749800851448, "metrics": {"loss": 1.403985619544983, "acc": 0.699999988079071, "AUC": 0.71937495470047, "number_of_bets_tested": 40}}, "ans": 0}, "2020020682.0": {"pred": {"under": 0.15091845506060442, "over": 0.8491397363087302, "metrics": {"loss": 1.403985619544983, "acc": 0.699999988079071, "AUC": 0.71937495470047, "number_of_bets_tested": 40}}, "ans": 1}, "2020020696.0": {"pred": {"under": 0.021883695514213274, "over": 0.9781155306689607, "metrics": {"loss": 1.403985619544983, "acc": 0.699999988079071, "AUC": 0.71937495470047, "number_of_bets_tested": 40}}, "ans": 1}, "2020020726.0": {"pred": {"under": 0.0028875188541460546, "over": 0.9971124780652548, "metrics": {"loss": 1.403985619544983, "acc": 0.699999988079071, "AUC": 0.71937495470047, "number_of_bets_tested": 40}}, "ans": 1}, "2020020760.0": {"pred": {"under": 0.07744230481193662, "over": 0.9225599042739223, "metrics": {"loss": 1.403985619544983, "acc": 0.699999988079071, "AUC": 0.71937495470047, "number_of_bets_tested": 40}}, "ans": 1}, "2020020777.0": {"pred": {"under": 0.31126002634827143, "over": 0.6893392401904743, "metrics": {"loss": 1.403985619544983, "acc": 0.699999988079071, "AUC": 0.71937495470047, "number_of_bets_tested": 40}}, "ans": 0}, "2020020820.0": {"pred": {"under": 0.20543803652610276, "over": 0.7948152111695844, "metrics": {"loss": 1.403985619544983, "acc": 0.699999988079071, "AUC": 0.71937495470047, "number_of_bets_tested": 40}}, "ans": 1}, "2020020834.0": {"pred": {"under": 0.2957654084864616, "over": 0.7047436562345712, "metrics": {"loss": 1.403985619544983, "acc": 0.699999988079071, "AUC": 0.71937495470047, "number_of_bets_tested": 40}}, "ans": 0}, "2020030181.0": {"pred": {"under": 0.19232877808263996, "over": 0.8078708009387272, "metrics": {"loss": 1.403985619544983, "acc": 0.699999988079071, "AUC": 0.71937495470047, "number_of_bets_tested": 40}}, "ans": 0}, "2020030182.0": {"pred": {"under": 0.0837875248906358, "over": 0.9162141327345684, "metrics": {"loss": 1.403985619544983, "acc": 0.699999988079071, "AUC": 0.71937495470047, "number_of_bets_tested": 40}}, "ans": 1}, "2020030183.0": {"pred": {"under": 0.002288674048410554, "over": 0.9977113251595712, "metrics": {"loss": 1.403985619544983, "acc": 0.699999988079071, "AUC": 0.71937495470047, "number_of_bets_tested": 40}}, "ans": 1}, "2020030184.0": {"pred": {"under": 0.0016308250399485762, "over": 0.9983691746866811, "metrics": {"loss": 1.403985619544983, "acc": 0.699999988079071, "AUC": 0.71937495470047, "number_of_bets_tested": 40}}, "ans": 0}}