{"2020020499.0": {"pred": {"under": 0.9934338584214757, "over": 0.00656389949654009, "metrics": {"loss": 0.6790287494659424, "acc": 0.6000000238418579, "AUC": 0.6755555868148804, "number_of_bets_tested": 15}}, "ans": 0}, "2020020511.0": {"pred": {"under": 0.9987039889795072, "over": 0.0012959680704082068, "metrics": {"loss": 0.6790287494659424, "acc": 0.6000000238418579, "AUC": 0.6755555868148804, "number_of_bets_tested": 15}}, "ans": 0}, "2020020521.0": {"pred": {"under": 0.998396396757445, "over": 0.001603544297137154, "metrics": {"loss": 0.6790287494659424, "acc": 0.6000000238418579, "AUC": 0.6755555868148804, "number_of_bets_tested": 15}}, "ans": 0}, "2020020638.0": {"pred": {"under": 0.9581079920871567, "over": 0.041670565326314885, "metrics": {"loss": 0.6790287494659424, "acc": 0.6000000238418579, "AUC": 0.6755555868148804, "number_of_bets_tested": 15}}, "ans": 0}, "2020020672.0": {"pred": {"under": 0.9916376759550275, "over": 0.008359221188786618, "metrics": {"loss": 0.6790287494659424, "acc": 0.6000000238418579, "AUC": 0.6755555868148804, "number_of_bets_tested": 15}}, "ans": 0}, "2020020776.0": {"pred": {"under": 0.9983822045739066, "over": 0.0016177118904045905, "metrics": {"loss": 0.6790287494659424, "acc": 0.6000000238418579, "AUC": 0.6755555868148804, "number_of_bets_tested": 15}}, "ans": 0}}