{"2020020258.0": {"pred": {"under": 0.5104065814572089, "over": 0.48307092850499195, "metrics": {"loss": 3.5085010528564453, "acc": 0.3333333432674408, "AUC": 0.25, "number_of_bets_tested": 6}}, "ans": 0}, "2020020534.0": {"pred": {"under": 0.3106485441417061, "over": 0.6817327885420729, "metrics": {"loss": 3.5085010528564453, "acc": 0.3333333432674408, "AUC": 0.25, "number_of_bets_tested": 6}}, "ans": 1}, "2020020577.0": {"pred": {"under": 0.3859389289276304, "over": 0.6100847828523817, "metrics": {"loss": 3.5085010528564453, "acc": 0.3333333432674408, "AUC": 0.25, "number_of_bets_tested": 6}}, "ans": 1}, "2020030134.0": {"pred": {"under": 0.49131161598306133, "over": 0.5020312070200285, "metrics": {"loss": 3.5085010528564453, "acc": 0.3333333432674408, "AUC": 0.25, "number_of_bets_tested": 6}}, "ans": 1}}