{"2020020460.0": {"pred": {"under": 0.05984716395796375, "over": 0.9401625179032921, "metrics": {"loss": 1.2234967947006226, "acc": 0.5526315569877625, "AUC": 0.5772160887718201, "number_of_bets_tested": 38}}, "ans": 1}, "2020020470.0": {"pred": {"under": 0.042895396941562317, "over": 0.9571112828154946, "metrics": {"loss": 1.2234967947006226, "acc": 0.5526315569877625, "AUC": 0.5772160887718201, "number_of_bets_tested": 38}}, "ans": 0}, "2020020485.0": {"pred": {"under": 0.21064917597409735, "over": 0.7905357600772063, "metrics": {"loss": 1.2234967947006226, "acc": 0.5526315569877625, "AUC": 0.5772160887718201, "number_of_bets_tested": 38}}, "ans": 1}, "2020020497.0": {"pred": {"under": 0.24734411825216313, "over": 0.7506963554693618, "metrics": {"loss": 1.2234967947006226, "acc": 0.5526315569877625, "AUC": 0.5772160887718201, "number_of_bets_tested": 38}}, "ans": 1}, "2020020518.0": {"pred": {"under": 0.1374057716930495, "over": 0.8630106212960986, "metrics": {"loss": 1.2234967947006226, "acc": 0.5526315569877625, "AUC": 0.5772160887718201, "number_of_bets_tested": 38}}, "ans": 0}, "2020020531.0": {"pred": {"under": 0.20354139876461, "over": 0.7972549042993778, "metrics": {"loss": 1.2234967947006226, "acc": 0.5526315569877625, "AUC": 0.5772160887718201, "number_of_bets_tested": 38}}, "ans": 0}, "2020020562.0": {"pred": {"under": 0.05886988506919554, "over": 0.9411956957189376, "metrics": {"loss": 1.2234967947006226, "acc": 0.5526315569877625, "AUC": 0.5772160887718201, "number_of_bets_tested": 38}}, "ans": 1}, "2020020576.0": {"pred": {"under": 0.16919445751638001, "over": 0.8311789263569749, "metrics": {"loss": 1.2234967947006226, "acc": 0.5526315569877625, "AUC": 0.5772160887718201, "number_of_bets_tested": 38}}, "ans": 0}, "2020020598.0": {"pred": {"under": 0.6375768043004671, "over": 0.35611282427136076, "metrics": {"loss": 1.2234967947006226, "acc": 0.5526315569877625, "AUC": 0.5772160887718201, "number_of_bets_tested": 38}}, "ans": 0}, "2020020615.0": {"pred": {"under": 0.9188109043126352, "over": 0.08079804014575956, "metrics": {"loss": 1.2234967947006226, "acc": 0.5526315569877625, "AUC": 0.5772160887718201, "number_of_bets_tested": 38}}, "ans": 0}, "2020020629.0": {"pred": {"under": 0.7319279780104466, "over": 0.26453294734482224, "metrics": {"loss": 1.2234967947006226, "acc": 0.5526315569877625, "AUC": 0.5772160887718201, "number_of_bets_tested": 38}}, "ans": 1}, "2020020642.0": {"pred": {"under": 0.2326988988636788, "over": 0.7676780298064886, "metrics": {"loss": 1.2234967947006226, "acc": 0.5526315569877625, "AUC": 0.5772160887718201, "number_of_bets_tested": 38}}, "ans": 1}, "2020020657.0": {"pred": {"under": 0.38488550352057443, "over": 0.6140674213137962, "metrics": {"loss": 1.2234967947006226, "acc": 0.5526315569877625, "AUC": 0.5772160887718201, "number_of_bets_tested": 38}}, "ans": 0}, "2020020678.0": {"pred": {"under": 0.28699314567863116, "over": 0.711998191294885, "metrics": {"loss": 1.2234967947006226, "acc": 0.5526315569877625, "AUC": 0.5772160887718201, "number_of_bets_tested": 38}}, "ans": 1}, "2020020693.0": {"pred": {"under": 0.9932980125670655, "over": 0.006701836542832139, "metrics": {"loss": 1.2234967947006226, "acc": 0.5526315569877625, "AUC": 0.5772160887718201, "number_of_bets_tested": 38}}, "ans": 1}, "2020020706.0": {"pred": {"under": 0.4729597752860908, "over": 0.5237266980668471, "metrics": {"loss": 1.2234967947006226, "acc": 0.5526315569877625, "AUC": 0.5772160887718201, "number_of_bets_tested": 38}}, "ans": 1}, "2020020718.0": {"pred": {"under": 0.46160889028555063, "over": 0.5358841805016961, "metrics": {"loss": 1.2234967947006226, "acc": 0.5526315569877625, "AUC": 0.5772160887718201, "number_of_bets_tested": 38}}, "ans": 0}, "2020020732.0": {"pred": {"under": 0.05490048748913299, "over": 0.9451601774754098, "metrics": {"loss": 1.2234967947006226, "acc": 0.5526315569877625, "AUC": 0.5772160887718201, "number_of_bets_tested": 38}}, "ans": 1}, "2020020763.0": {"pred": {"under": 0.7608091698454404, "over": 0.23800253746234212, "metrics": {"loss": 1.2234967947006226, "acc": 0.5526315569877625, "AUC": 0.5772160887718201, "number_of_bets_tested": 38}}, "ans": 1}, "2020020774.0": {"pred": {"under": 0.534740555310449, "over": 0.4625705008238691, "metrics": {"loss": 1.2234967947006226, "acc": 0.5526315569877625, "AUC": 0.5772160887718201, "number_of_bets_tested": 38}}, "ans": 0}, "2020020786.0": {"pred": {"under": 0.24756434185956097, "over": 0.7530623675031568, "metrics": {"loss": 1.2234967947006226, "acc": 0.5526315569877625, "AUC": 0.5772160887718201, "number_of_bets_tested": 38}}, "ans": 0}, "2020020816.0": {"pred": {"under": 0.28170867907956454, "over": 0.7170968679496306, "metrics": {"loss": 1.2234967947006226, "acc": 0.5526315569877625, "AUC": 0.5772160887718201, "number_of_bets_tested": 38}}, "ans": 0}, "2020020827.0": {"pred": {"under": 0.13721837336919357, "over": 0.8632097287412762, "metrics": {"loss": 1.2234967947006226, "acc": 0.5526315569877625, "AUC": 0.5772160887718201, "number_of_bets_tested": 38}}, "ans": 1}, "2020020280.0": {"pred": {"under": 0.9852109191839306, "over": 0.014788656297246452, "metrics": {"loss": 1.2234967947006226, "acc": 0.5526315569877625, "AUC": 0.5772160887718201, "number_of_bets_tested": 38}}, "ans": 0}, "2020030131.0": {"pred": {"under": 0.8434776620107504, "over": 0.1565814821822441, "metrics": {"loss": 1.2234967947006226, "acc": 0.5526315569877625, "AUC": 0.5772160887718201, "number_of_bets_tested": 38}}, "ans": 1}, "2020030132.0": {"pred": {"under": 0.9999913868950898, "over": 8.613104910182301e-06, "metrics": {"loss": 1.2234967947006226, "acc": 0.5526315569877625, "AUC": 0.5772160887718201, "number_of_bets_tested": 38}}, "ans": 0}, "2020030133.0": {"pred": {"under": 0.9841911110238556, "over": 0.01580685084665327, "metrics": {"loss": 1.2234967947006226, "acc": 0.5526315569877625, "AUC": 0.5772160887718201, "number_of_bets_tested": 38}}, "ans": 1}, "2020030134.0": {"pred": {"under": 0.9765466850120421, "over": 0.0234505144457689, "metrics": {"loss": 1.2234967947006226, "acc": 0.5526315569877625, "AUC": 0.5772160887718201, "number_of_bets_tested": 38}}, "ans": 1}}