{"2020020464.0": {"pred": {"under": 0.40497458528740826, "over": 0.5948739152158229, "metrics": {"loss": 2.4973363876342773, "acc": 0.3636363744735718, "AUC": 0.3842974901199341, "number_of_bets_tested": 22}}, "ans": 1}, "2020020479.0": {"pred": {"under": 0.37701740975364967, "over": 0.6228338352061469, "metrics": {"loss": 2.4973363876342773, "acc": 0.3636363744735718, "AUC": 0.3842974901199341, "number_of_bets_tested": 22}}, "ans": 1}, "2020020489.0": {"pred": {"under": 0.6528072011731434, "over": 0.3469897469288135, "metrics": {"loss": 2.4973363876342773, "acc": 0.3636363744735718, "AUC": 0.3842974901199341, "number_of_bets_tested": 22}}, "ans": 1}, "2020020578.0": {"pred": {"under": 0.6081487299165519, "over": 0.3915707895222216, "metrics": {"loss": 2.4973363876342773, "acc": 0.3636363744735718, "AUC": 0.3842974901199341, "number_of_bets_tested": 22}}, "ans": 1}, "2020020607.0": {"pred": {"under": 0.6528072011731434, "over": 0.3469897469288135, "metrics": {"loss": 2.4973363876342773, "acc": 0.3636363744735718, "AUC": 0.3842974901199341, "number_of_bets_tested": 22}}, "ans": 0}, "2020020622.0": {"pred": {"under": 0.6528072011731434, "over": 0.3469897469288135, "metrics": {"loss": 2.4973363876342773, "acc": 0.3636363744735718, "AUC": 0.3842974901199341, "number_of_bets_tested": 22}}, "ans": 0}, "2020020645.0": {"pred": {"under": 0.2331471772601949, "over": 0.7654155863275911, "metrics": {"loss": 2.4973363876342773, "acc": 0.3636363744735718, "AUC": 0.3842974901199341, "number_of_bets_tested": 22}}, "ans": 0}, "2020020660.0": {"pred": {"under": 0.37908829338345584, "over": 0.6207846703600978, "metrics": {"loss": 2.4973363876342773, "acc": 0.3636363744735718, "AUC": 0.3842974901199341, "number_of_bets_tested": 22}}, "ans": 1}, "2020020671.0": {"pred": {"under": 0.633140714152914, "over": 0.3666614676721603, "metrics": {"loss": 2.4973363876342773, "acc": 0.3636363744735718, "AUC": 0.3842974901199341, "number_of_bets_tested": 22}}, "ans": 0}, "2020020686.0": {"pred": {"under": 0.13274301254661602, "over": 0.8675516701474913, "metrics": {"loss": 2.4973363876342773, "acc": 0.3636363744735718, "AUC": 0.3842974901199341, "number_of_bets_tested": 22}}, "ans": 0}, "2020020546.0": {"pred": {"under": 0.3206698051467936, "over": 0.6791246636706953, "metrics": {"loss": 2.4973363876342773, "acc": 0.3636363744735718, "AUC": 0.3842974901199341, "number_of_bets_tested": 22}}, "ans": 0}, "2020020709.0": {"pred": {"under": 0.07903065271763474, "over": 0.9209279955536912, "metrics": {"loss": 2.4973363876342773, "acc": 0.3636363744735718, "AUC": 0.3842974901199341, "number_of_bets_tested": 22}}, "ans": 0}, "2020020721.0": {"pred": {"under": 0.23803894576601034, "over": 0.7615573688645897, "metrics": {"loss": 2.4973363876342773, "acc": 0.3636363744735718, "AUC": 0.3842974901199341, "number_of_bets_tested": 22}}, "ans": 0}, "2020020736.0": {"pred": {"under": 0.4885573782446285, "over": 0.5098618239309383, "metrics": {"loss": 2.4973363876342773, "acc": 0.3636363744735718, "AUC": 0.3842974901199341, "number_of_bets_tested": 22}}, "ans": 0}, "2020020761.0": {"pred": {"under": 0.2576828091120714, "over": 0.7420347539114948, "metrics": {"loss": 2.4973363876342773, "acc": 0.3636363744735718, "AUC": 0.3842974901199341, "number_of_bets_tested": 22}}, "ans": 0}, "2020020775.0": {"pred": {"under": 0.06521517719765871, "over": 0.9347604554017169, "metrics": {"loss": 2.4973363876342773, "acc": 0.3636363744735718, "AUC": 0.3842974901199341, "number_of_bets_tested": 22}}, "ans": 1}, "2020020819.0": {"pred": {"under": 0.0980374935888313, "over": 0.9014325609567232, "metrics": {"loss": 2.4973363876342773, "acc": 0.3636363744735718, "AUC": 0.3842974901199341, "number_of_bets_tested": 22}}, "ans": 1}, "2020020564.0": {"pred": {"under": 0.6528072011731434, "over": 0.3469897469288135, "metrics": {"loss": 2.4973363876342773, "acc": 0.3636363744735718, "AUC": 0.3842974901199341, "number_of_bets_tested": 22}}, "ans": 1}, "2020020847.0": {"pred": {"under": 0.2965757578981971, "over": 0.7008457906661915, "metrics": {"loss": 2.4973363876342773, "acc": 0.3636363744735718, "AUC": 0.3842974901199341, "number_of_bets_tested": 22}}, "ans": 0}, "2020020526.0": {"pred": {"under": 0.30872471359730075, "over": 0.6917383349839215, "metrics": {"loss": 2.4973363876342773, "acc": 0.3636363744735718, "AUC": 0.3842974901199341, "number_of_bets_tested": 22}}, "ans": 1}, "2020030171.0": {"pred": {"under": 0.02544941937829867, "over": 0.9745519444717623, "metrics": {"loss": 2.4973363876342773, "acc": 0.3636363744735718, "AUC": 0.3842974901199341, "number_of_bets_tested": 22}}, "ans": 0}, "2020030172.0": {"pred": {"under": 0.6528072011731434, "over": 0.3469897469288135, "metrics": {"loss": 2.4973363876342773, "acc": 0.3636363744735718, "AUC": 0.3842974901199341, "number_of_bets_tested": 22}}, "ans": 0}, "2020030173.0": {"pred": {"under": 0.11943749439264326, "over": 0.880638468599047, "metrics": {"loss": 2.4973363876342773, "acc": 0.3636363744735718, "AUC": 0.3842974901199341, "number_of_bets_tested": 22}}, "ans": 1}}