{"2020020558.0": {"pred": {"under": 0.36224281465734826, "over": 0.6350846470027145, "metrics": {"loss": 0.647951602935791, "acc": 0.6842105388641357, "AUC": 0.7271468043327332, "number_of_bets_tested": 19}}, "ans": 1}, "2020020613.0": {"pred": {"under": 0.13084212846426088, "over": 0.8696549818753764, "metrics": {"loss": 0.647951602935791, "acc": 0.6842105388641357, "AUC": 0.7271468043327332, "number_of_bets_tested": 19}}, "ans": 0}, "2020020627.0": {"pred": {"under": 0.6405357134613773, "over": 0.35493800002548875, "metrics": {"loss": 0.647951602935791, "acc": 0.6842105388641357, "AUC": 0.7271468043327332, "number_of_bets_tested": 19}}, "ans": 0}, "2020020636.0": {"pred": {"under": 0.43399551538344217, "over": 0.5645618987865488, "metrics": {"loss": 0.647951602935791, "acc": 0.6842105388641357, "AUC": 0.7271468043327332, "number_of_bets_tested": 19}}, "ans": 0}, "2020020666.0": {"pred": {"under": 0.778969512402328, "over": 0.2212385967586259, "metrics": {"loss": 0.647951602935791, "acc": 0.6842105388641357, "AUC": 0.7271468043327332, "number_of_bets_tested": 19}}, "ans": 0}, "2020020676.0": {"pred": {"under": 0.05969709959469534, "over": 0.9402532594370928, "metrics": {"loss": 0.647951602935791, "acc": 0.6842105388641357, "AUC": 0.7271468043327332, "number_of_bets_tested": 19}}, "ans": 1}, "2020020691.0": {"pred": {"under": 0.0048671203732989846, "over": 0.9951328649397873, "metrics": {"loss": 0.647951602935791, "acc": 0.6842105388641357, "AUC": 0.7271468043327332, "number_of_bets_tested": 19}}, "ans": 0}, "2020020702.0": {"pred": {"under": 0.1377641846998972, "over": 0.8620549102382083, "metrics": {"loss": 0.647951602935791, "acc": 0.6842105388641357, "AUC": 0.7271468043327332, "number_of_bets_tested": 19}}, "ans": 0}, "2020020768.0": {"pred": {"under": 0.19033041252185942, "over": 0.8107870640611595, "metrics": {"loss": 0.647951602935791, "acc": 0.6842105388641357, "AUC": 0.7271468043327332, "number_of_bets_tested": 19}}, "ans": 1}, "2020020784.0": {"pred": {"under": 0.06702166998506746, "over": 0.9329498352904647, "metrics": {"loss": 0.647951602935791, "acc": 0.6842105388641357, "AUC": 0.7271468043327332, "number_of_bets_tested": 19}}, "ans": 0}, "2020020838.0": {"pred": {"under": 0.9161881235292455, "over": 0.08342924892528188, "metrics": {"loss": 0.647951602935791, "acc": 0.6842105388641357, "AUC": 0.7271468043327332, "number_of_bets_tested": 19}}, "ans": 0}}