{"2020020611.0": {"pred": {"under": 0.12546636814846668, "over": 0.8747632379153483, "metrics": {"loss": 1.214320421218872, "acc": 0.5714285969734192, "AUC": 0.6530612707138062, "number_of_bets_tested": 7}}, "ans": 1}, "2020020625.0": {"pred": {"under": 0.20173942358851926, "over": 0.7994111904775284, "metrics": {"loss": 1.214320421218872, "acc": 0.5714285969734192, "AUC": 0.6530612707138062, "number_of_bets_tested": 7}}, "ans": 1}, "2020020494.0": {"pred": {"under": 0.7693887531150861, "over": 0.23394794204709154, "metrics": {"loss": 1.214320421218872, "acc": 0.5714285969734192, "AUC": 0.6530612707138062, "number_of_bets_tested": 7}}, "ans": 1}, "2020020650.0": {"pred": {"under": 0.7335341648275241, "over": 0.26822369456606293, "metrics": {"loss": 1.214320421218872, "acc": 0.5714285969734192, "AUC": 0.6530612707138062, "number_of_bets_tested": 7}}, "ans": 0}, "2020020666.0": {"pred": {"under": 0.02468808607873345, "over": 0.975321679391773, "metrics": {"loss": 1.214320421218872, "acc": 0.5714285969734192, "AUC": 0.6530612707138062, "number_of_bets_tested": 7}}, "ans": 0}, "2020020676.0": {"pred": {"under": 0.0007809495422210949, "over": 0.9992190508840385, "metrics": {"loss": 1.214320421218872, "acc": 0.5714285969734192, "AUC": 0.6530612707138062, "number_of_bets_tested": 7}}, "ans": 0}, "2020020691.0": {"pred": {"under": 0.00017400944653081423, "over": 0.9998259905583006, "metrics": {"loss": 1.214320421218872, "acc": 0.5714285969734192, "AUC": 0.6530612707138062, "number_of_bets_tested": 7}}, "ans": 0}, "2020020702.0": {"pred": {"under": 0.01706609044357477, "over": 0.9829359352901444, "metrics": {"loss": 1.214320421218872, "acc": 0.5714285969734192, "AUC": 0.6530612707138062, "number_of_bets_tested": 7}}, "ans": 0}, "2020020166.0": {"pred": {"under": 0.060405377677850154, "over": 0.9397177274289487, "metrics": {"loss": 1.214320421218872, "acc": 0.5714285969734192, "AUC": 0.6530612707138062, "number_of_bets_tested": 7}}, "ans": 1}, "2020020733.0": {"pred": {"under": 0.12276400892719264, "over": 0.8773205380805278, "metrics": {"loss": 1.214320421218872, "acc": 0.5714285969734192, "AUC": 0.6530612707138062, "number_of_bets_tested": 7}}, "ans": 0}, "2020020216.0": {"pred": {"under": 0.05849631198060098, "over": 0.9415963976407162, "metrics": {"loss": 1.214320421218872, "acc": 0.5714285969734192, "AUC": 0.6530612707138062, "number_of_bets_tested": 7}}, "ans": 1}, "2020020716.0": {"pred": {"under": 0.006953582531499399, "over": 0.9930466702494838, "metrics": {"loss": 1.214320421218872, "acc": 0.5714285969734192, "AUC": 0.6530612707138062, "number_of_bets_tested": 7}}, "ans": 0}, "2020020783.0": {"pred": {"under": 0.7985984223616764, "over": 0.20425936636084216, "metrics": {"loss": 1.214320421218872, "acc": 0.5714285969734192, "AUC": 0.6530612707138062, "number_of_bets_tested": 7}}, "ans": 1}, "2020020813.0": {"pred": {"under": 0.04150789955296739, "over": 0.9585365835571901, "metrics": {"loss": 1.214320421218872, "acc": 0.5714285969734192, "AUC": 0.6530612707138062, "number_of_bets_tested": 7}}, "ans": 0}, "2020020825.0": {"pred": {"under": 0.002960740453805083, "over": 0.9970392744473275, "metrics": {"loss": 1.214320421218872, "acc": 0.5714285969734192, "AUC": 0.6530612707138062, "number_of_bets_tested": 7}}, "ans": 0}}