{"2020020489.0": {"pred": {"under": 0.9997245090022367, "over": 0.0002754910092272004, "metrics": {"loss": 0.9601396322250366, "acc": 0.5714285969734192, "AUC": 0.5204081535339355, "number_of_bets_tested": 7}}, "ans": 0}, "2020020697.0": {"pred": {"under": 0.9998743654856167, "over": 0.00012563451309720712, "metrics": {"loss": 0.9601396322250366, "acc": 0.5714285969734192, "AUC": 0.5204081535339355, "number_of_bets_tested": 7}}, "ans": 1}, "2020020593.0": {"pred": {"under": 0.9998333324386242, "over": 0.0001666675525514029, "metrics": {"loss": 0.9601396322250366, "acc": 0.5714285969734192, "AUC": 0.5204081535339355, "number_of_bets_tested": 7}}, "ans": 1}}