{"2020020556.0": {"pred": {"under": 0.0001413165980288849, "over": 0.9998586834044453, "metrics": {"loss": 0.5759887099266052, "acc": 0.8333333134651184, "AUC": 0.9722222089767456, "number_of_bets_tested": 6}}, "ans": 1}, "2020020580.0": {"pred": {"under": 0.0001344026624931274, "over": 0.9998655973394563, "metrics": {"loss": 0.5759887099266052, "acc": 0.8333333134651184, "AUC": 0.9722222089767456, "number_of_bets_tested": 6}}, "ans": 1}, "2020020611.0": {"pred": {"under": 6.424240113785487e-05, "over": 0.9999357575990481, "metrics": {"loss": 0.5759887099266052, "acc": 0.8333333134651184, "AUC": 0.9722222089767456, "number_of_bets_tested": 6}}, "ans": 1}, "2020020839.0": {"pred": {"under": 4.899767245051765e-06, "over": 0.9999951002327551, "metrics": {"loss": 0.5759887099266052, "acc": 0.8333333134651184, "AUC": 0.9722222089767456, "number_of_bets_tested": 6}}, "ans": 1}}