{"2020020556.0": {"pred": {"under": 0.010591816551314782, "over": 0.9894088082558464, "metrics": {"loss": 3.9733998775482178, "acc": 0.4736842215061188, "AUC": 0.5623269081115723, "number_of_bets_tested": 19}}, "ans": 1}, "2020020580.0": {"pred": {"under": 0.1866204317388247, "over": 0.8154159664698838, "metrics": {"loss": 3.9733998775482178, "acc": 0.4736842215061188, "AUC": 0.5623269081115723, "number_of_bets_tested": 19}}, "ans": 1}}