{"2020020710.0": {"pred": {"under": 0.03243079888820314, "over": 0.9675549386208295, "metrics": {"loss": 0.8217393755912781, "acc": 0.5, "AUC": 0.4921875, "number_of_bets_tested": 8}}, "ans": 1}, "2020020737.0": {"pred": {"under": 0.16353993551175552, "over": 0.8346842617233079, "metrics": {"loss": 0.8217393755912781, "acc": 0.5, "AUC": 0.4921875, "number_of_bets_tested": 8}}, "ans": 0}}