{"2020020457.0": {"pred": {"under": 0.9999377157437227, "over": 6.228425627341543e-05, "metrics": {"loss": 2.9027204513549805, "acc": 0.5882353186607361, "AUC": 0.5847750306129456, "number_of_bets_tested": 17}}, "ans": 0}, "2020020201.0": {"pred": {"under": 0.9869263807636871, "over": 0.01307462091915663, "metrics": {"loss": 2.9027204513549805, "acc": 0.5882353186607361, "AUC": 0.5847750306129456, "number_of_bets_tested": 17}}, "ans": 0}, "2020020477.0": {"pred": {"under": 0.9972566070046075, "over": 0.0027433880875199737, "metrics": {"loss": 2.9027204513549805, "acc": 0.5882353186607361, "AUC": 0.5847750306129456, "number_of_bets_tested": 17}}, "ans": 1}, "2020020151.0": {"pred": {"under": 0.9993738052875456, "over": 0.0006261947564229537, "metrics": {"loss": 2.9027204513549805, "acc": 0.5882353186607361, "AUC": 0.5847750306129456, "number_of_bets_tested": 17}}, "ans": 0}, "2020020504.0": {"pred": {"under": 0.9915153106409881, "over": 0.008484433151992784, "metrics": {"loss": 2.9027204513549805, "acc": 0.5882353186607361, "AUC": 0.5847750306129456, "number_of_bets_tested": 17}}, "ans": 1}, "2020020517.0": {"pred": {"under": 0.9776673656709572, "over": 0.022340452272983962, "metrics": {"loss": 2.9027204513549805, "acc": 0.5882353186607361, "AUC": 0.5847750306129456, "number_of_bets_tested": 17}}, "ans": 0}, "2020020524.0": {"pred": {"under": 0.9937903535196846, "over": 0.006209824332939632, "metrics": {"loss": 2.9027204513549805, "acc": 0.5882353186607361, "AUC": 0.5847750306129456, "number_of_bets_tested": 17}}, "ans": 0}, "2020020541.0": {"pred": {"under": 0.999441278451448, "over": 0.0005587216581854471, "metrics": {"loss": 2.9027204513549805, "acc": 0.5882353186607361, "AUC": 0.5847750306129456, "number_of_bets_tested": 17}}, "ans": 0}, "2020020556.0": {"pred": {"under": 0.9706424434030894, "over": 0.029376945212447318, "metrics": {"loss": 2.9027204513549805, "acc": 0.5882353186607361, "AUC": 0.5847750306129456, "number_of_bets_tested": 17}}, "ans": 1}, "2020020580.0": {"pred": {"under": 0.9959418975827621, "over": 0.004058091986419305, "metrics": {"loss": 2.9027204513549805, "acc": 0.5882353186607361, "AUC": 0.5847750306129456, "number_of_bets_tested": 17}}, "ans": 0}, "2020020611.0": {"pred": {"under": 0.9852482875018047, "over": 0.014751729959940531, "metrics": {"loss": 2.9027204513549805, "acc": 0.5882353186607361, "AUC": 0.5847750306129456, "number_of_bets_tested": 17}}, "ans": 0}, "2020020625.0": {"pred": {"under": 0.9085162028255027, "over": 0.0917845650530707, "metrics": {"loss": 2.9027204513549805, "acc": 0.5882353186607361, "AUC": 0.5847750306129456, "number_of_bets_tested": 17}}, "ans": 1}, "2020020494.0": {"pred": {"under": 0.8820238370751136, "over": 0.1184209465304802, "metrics": {"loss": 2.9027204513549805, "acc": 0.5882353186607361, "AUC": 0.5847750306129456, "number_of_bets_tested": 17}}, "ans": 0}, "2020020650.0": {"pred": {"under": 0.9511212192009335, "over": 0.048918537461160774, "metrics": {"loss": 2.9027204513549805, "acc": 0.5882353186607361, "AUC": 0.5847750306129456, "number_of_bets_tested": 17}}, "ans": 1}, "2020020666.0": {"pred": {"under": 0.9490056097387449, "over": 0.05095297058437843, "metrics": {"loss": 2.9027204513549805, "acc": 0.5882353186607361, "AUC": 0.5847750306129456, "number_of_bets_tested": 17}}, "ans": 1}, "2020020676.0": {"pred": {"under": 0.9909691996447976, "over": 0.009030787509437385, "metrics": {"loss": 2.9027204513549805, "acc": 0.5882353186607361, "AUC": 0.5847750306129456, "number_of_bets_tested": 17}}, "ans": 0}, "2020020691.0": {"pred": {"under": 0.9959400153178518, "over": 0.004060031002080582, "metrics": {"loss": 2.9027204513549805, "acc": 0.5882353186607361, "AUC": 0.5847750306129456, "number_of_bets_tested": 17}}, "ans": 1}, "2020020702.0": {"pred": {"under": 0.9976382666466268, "over": 0.0023617336975857843, "metrics": {"loss": 2.9027204513549805, "acc": 0.5882353186607361, "AUC": 0.5847750306129456, "number_of_bets_tested": 17}}, "ans": 1}, "2020020166.0": {"pred": {"under": 0.9415685800577314, "over": 0.058491593578082667, "metrics": {"loss": 2.9027204513549805, "acc": 0.5882353186607361, "AUC": 0.5847750306129456, "number_of_bets_tested": 17}}, "ans": 1}, "2020020733.0": {"pred": {"under": 0.8913308069195369, "over": 0.10911328256258399, "metrics": {"loss": 2.9027204513549805, "acc": 0.5882353186607361, "AUC": 0.5847750306129456, "number_of_bets_tested": 17}}, "ans": 1}, "2020020216.0": {"pred": {"under": 0.6676293158609093, "over": 0.33323626401129547, "metrics": {"loss": 2.9027204513549805, "acc": 0.5882353186607361, "AUC": 0.5847750306129456, "number_of_bets_tested": 17}}, "ans": 1}, "2020020716.0": {"pred": {"under": 0.8012716849205486, "over": 0.19955451804525826, "metrics": {"loss": 2.9027204513549805, "acc": 0.5882353186607361, "AUC": 0.5847750306129456, "number_of_bets_tested": 17}}, "ans": 0}, "2020020783.0": {"pred": {"under": 0.9325306139491476, "over": 0.06723927439203951, "metrics": {"loss": 2.9027204513549805, "acc": 0.5882353186607361, "AUC": 0.5847750306129456, "number_of_bets_tested": 17}}, "ans": 1}, "2020020813.0": {"pred": {"under": 0.8898411551372452, "over": 0.10931764968218666, "metrics": {"loss": 2.9027204513549805, "acc": 0.5882353186607361, "AUC": 0.5847750306129456, "number_of_bets_tested": 17}}, "ans": 0}, "2020020825.0": {"pred": {"under": 0.9996863838936181, "over": 0.0003136161249014749, "metrics": {"loss": 2.9027204513549805, "acc": 0.5882353186607361, "AUC": 0.5847750306129456, "number_of_bets_tested": 17}}, "ans": 0}, "2020020839.0": {"pred": {"under": 0.9683072461013283, "over": 0.0317125409128849, "metrics": {"loss": 2.9027204513549805, "acc": 0.5882353186607361, "AUC": 0.5847750306129456, "number_of_bets_tested": 17}}, "ans": 0}}