{"2020020499.0": {"pred": {"under": 0.9463844499564874, "over": 0.05373674225483946, "metrics": {"loss": 1.7106423377990723, "acc": 0.6666666865348816, "AUC": 0.75, "number_of_bets_tested": 6}}, "ans": 0}, "2020020521.0": {"pred": {"under": 0.7879756445442748, "over": 0.2156427985306669, "metrics": {"loss": 1.7106423377990723, "acc": 0.6666666865348816, "AUC": 0.75, "number_of_bets_tested": 6}}, "ans": 1}, "2020020578.0": {"pred": {"under": 0.6256148505806326, "over": 0.38093451996336736, "metrics": {"loss": 1.7106423377990723, "acc": 0.6666666865348816, "AUC": 0.75, "number_of_bets_tested": 6}}, "ans": 0}, "2020020638.0": {"pred": {"under": 0.879711863000313, "over": 0.12134299831920956, "metrics": {"loss": 1.7106423377990723, "acc": 0.6666666865348816, "AUC": 0.75, "number_of_bets_tested": 6}}, "ans": 1}, "2020020661.0": {"pred": {"under": 0.4854141733064232, "over": 0.5259774507005429, "metrics": {"loss": 1.7106423377990723, "acc": 0.6666666865348816, "AUC": 0.75, "number_of_bets_tested": 6}}, "ans": 0}, "2020020672.0": {"pred": {"under": 0.25739986367654344, "over": 0.7481205116874579, "metrics": {"loss": 1.7106423377990723, "acc": 0.6666666865348816, "AUC": 0.75, "number_of_bets_tested": 6}}, "ans": 0}, "2020020776.0": {"pred": {"under": 0.8910486155929894, "over": 0.10971932443602876, "metrics": {"loss": 1.7106423377990723, "acc": 0.6666666865348816, "AUC": 0.75, "number_of_bets_tested": 6}}, "ans": 0}}