{"2020020511.0": {"pred": {"under": 0.5096842238839352, "over": 0.4908087755796505, "metrics": {"loss": 1.601352334022522, "acc": 0.5, "AUC": 0.25, "number_of_bets_tested": 6}}, "ans": 1}, "2020020521.0": {"pred": {"under": 0.5096842238839352, "over": 0.4908087755796505, "metrics": {"loss": 1.601352334022522, "acc": 0.5, "AUC": 0.25, "number_of_bets_tested": 6}}, "ans": 1}, "2020020578.0": {"pred": {"under": 0.6561655862413011, "over": 0.34073387260414223, "metrics": {"loss": 1.601352334022522, "acc": 0.5, "AUC": 0.25, "number_of_bets_tested": 6}}, "ans": 0}, "2020020848.0": {"pred": {"under": 0.2981200045558397, "over": 0.7022002997988015, "metrics": {"loss": 1.601352334022522, "acc": 0.5, "AUC": 0.25, "number_of_bets_tested": 6}}, "ans": 0}, "2020020621.0": {"pred": {"under": 0.632707262795684, "over": 0.36471639048202, "metrics": {"loss": 1.601352334022522, "acc": 0.5, "AUC": 0.25, "number_of_bets_tested": 6}}, "ans": 1}, "2020020646.0": {"pred": {"under": 0.5096842238839352, "over": 0.4908087755796505, "metrics": {"loss": 1.601352334022522, "acc": 0.5, "AUC": 0.25, "number_of_bets_tested": 6}}, "ans": 1}, "2020020672.0": {"pred": {"under": 0.4219069727456807, "over": 0.5782508676504334, "metrics": {"loss": 1.601352334022522, "acc": 0.5, "AUC": 0.25, "number_of_bets_tested": 6}}, "ans": 0}, "2020020546.0": {"pred": {"under": 0.5096842238839352, "over": 0.4908087755796505, "metrics": {"loss": 1.601352334022522, "acc": 0.5, "AUC": 0.25, "number_of_bets_tested": 6}}, "ans": 0}, "2020020708.0": {"pred": {"under": 0.5096842238839352, "over": 0.4908087755796505, "metrics": {"loss": 1.601352334022522, "acc": 0.5, "AUC": 0.25, "number_of_bets_tested": 6}}, "ans": 0}, "2020020737.0": {"pred": {"under": 0.5096842238839352, "over": 0.4908087755796505, "metrics": {"loss": 1.601352334022522, "acc": 0.5, "AUC": 0.25, "number_of_bets_tested": 6}}, "ans": 1}, "2020020776.0": {"pred": {"under": 0.5096842238839352, "over": 0.4908087755796505, "metrics": {"loss": 1.601352334022522, "acc": 0.5, "AUC": 0.25, "number_of_bets_tested": 6}}, "ans": 1}, "2020020820.0": {"pred": {"under": 0.6186909585762653, "over": 0.3800267425687823, "metrics": {"loss": 1.601352334022522, "acc": 0.5, "AUC": 0.25, "number_of_bets_tested": 6}}, "ans": 0}, "2020020564.0": {"pred": {"under": 0.5096842238839352, "over": 0.4908087755796505, "metrics": {"loss": 1.601352334022522, "acc": 0.5, "AUC": 0.25, "number_of_bets_tested": 6}}, "ans": 1}, "2020020720.0": {"pred": {"under": 0.38032078762773874, "over": 0.6204078815112601, "metrics": {"loss": 1.601352334022522, "acc": 0.5, "AUC": 0.25, "number_of_bets_tested": 6}}, "ans": 0}, "2020020833.0": {"pred": {"under": 0.5096842238839352, "over": 0.4908087755796505, "metrics": {"loss": 1.601352334022522, "acc": 0.5, "AUC": 0.25, "number_of_bets_tested": 6}}, "ans": 0}}