{"2020020554": {"pred": {"under": 0.6906947830891077, "over": 0.3094537274078479, "metrics": {"loss": 0.5776164531707764, "acc": 0.729411780834198, "AUC": 0.7590656876564026, "number_of_bets_tested": 170}}, "ans": 0}}