{"2020020461": {"pred": {"under": 0.6763290642381825, "over": 0.32368626562195163, "metrics": {"loss": 0.6093947291374207, "acc": 0.692307710647583, "AUC": 0.7434459328651428, "number_of_bets_tested": 156}}, "ans": 0}, "2020020535": {"pred": {"under": 0.7234407568203433, "over": 0.2766059612358258, "metrics": {"loss": 0.6093947291374207, "acc": 0.692307710647583, "AUC": 0.7434459328651428, "number_of_bets_tested": 156}}, "ans": 1}}