{"2020020492": {"pred": {"under": 0.6098613706149979, "over": 0.39012451685398264, "metrics": {"loss": 0.7557929754257202, "acc": 0.41304346919059753, "AUC": 0.39280083775520325, "number_of_bets_tested": 138}}, "ans": 0}}