{"2020020823": {"pred": {"under": 0.8013755865596832, "over": 0.19860494071142978, "metrics": {"loss": 0.4139212369918823, "acc": 0.895348846912384, "AUC": 0.9093090295791626, "number_of_bets_tested": 172}}, "ans": 0}}