{"2020020827": {"pred": {"under": 0.4472312434157422, "over": 0.5523449159788058, "metrics": {"loss": 0.7115463614463806, "acc": 0.49295774102211, "AUC": 0.5456753969192505, "number_of_bets_tested": 142}}, "ans": 0}, "2020030134": {"pred": {"under": 0.4354586117652679, "over": 0.5642332116429143, "metrics": {"loss": 0.7115463614463806, "acc": 0.49295774102211, "AUC": 0.5456753969192505, "number_of_bets_tested": 142}}, "ans": 1}}