{"2020020811": {"pred": {"under": 0.45132136317974725, "over": 0.5490878399879963, "metrics": {"loss": 0.662943422794342, "acc": 0.6212121248245239, "AUC": 0.6300792098045349, "number_of_bets_tested": 132}}, "ans": 1}}