{"2020020830": {"pred": {"under": 0.45017500323939186, "over": 0.5503572339499244, "metrics": {"loss": 0.6916433572769165, "acc": 0.6011560559272766, "AUC": 0.5861538648605347, "number_of_bets_tested": 173}}, "ans": 0}}