{"2020020840": {"pred": {"under": 0.4758400714427128, "over": 0.5268674715929256, "metrics": {"loss": 0.7215747237205505, "acc": 0.46496814489364624, "AUC": 0.499188631772995, "number_of_bets_tested": 157}}, "ans": 0}}