{"2020020492": {"pred": {"under": 0.6810050054449202, "over": 0.3192213979803404, "metrics": {"loss": 0.8475427627563477, "acc": 0.7348484992980957, "AUC": 0.7961432933807373, "number_of_bets_tested": 132}}, "ans": 1}, "2020020570": {"pred": {"under": 0.7052117322175441, "over": 0.29498262625027805, "metrics": {"loss": 0.8475427627563477, "acc": 0.7348484992980957, "AUC": 0.7961432933807373, "number_of_bets_tested": 132}}, "ans": 0}}