{"2020020782": {"pred": {"under": 0.707009386012715, "over": 0.2910120010364174, "metrics": {"loss": 0.7022606134414673, "acc": 0.36231884360313416, "AUC": 0.3632114827632904, "number_of_bets_tested": 138}}, "ans": 1}, "2020020838": {"pred": {"under": 0.7070093916154898, "over": 0.29101199824082974, "metrics": {"loss": 0.7022606134414673, "acc": 0.36231884360313416, "AUC": 0.3632114827632904, "number_of_bets_tested": 138}}, "ans": 0}}