{"2020020033": {"pred": {"under": 0.37161440001460394, "over": 0.6265033163108543, "metrics": {"loss": 0.8352444171905518, "acc": 0.6585366129875183, "AUC": 0.6899352669715881, "number_of_bets_tested": 164}}, "ans": 0}, "2020020048": {"pred": {"under": 0.4851376355973083, "over": 0.5183346899974148, "metrics": {"loss": 0.8352444171905518, "acc": 0.6585366129875183, "AUC": 0.6899352669715881, "number_of_bets_tested": 164}}, "ans": 1}}