{"2020020617": {"pred": {"under": 0.6132588098339126, "over": 0.38775143135783646, "metrics": {"loss": 0.5497761368751526, "acc": 0.7431192398071289, "AUC": 0.8012372851371765, "number_of_bets_tested": 109}}, "ans": 1}}