{"2020020640": {"pred": {"under": 0.4603066441047777, "over": 0.5402782822331821, "metrics": {"loss": 0.688438892364502, "acc": 0.5129870176315308, "AUC": 0.560634195804596, "number_of_bets_tested": 154}}, "ans": 0}, "2020020656": {"pred": {"under": 0.4599137107170182, "over": 0.5406657115786875, "metrics": {"loss": 0.688438892364502, "acc": 0.5129870176315308, "AUC": 0.560634195804596, "number_of_bets_tested": 154}}, "ans": 0}}