{"2020020611": {"pred": {"under": 0.6560853977626139, "over": 0.3425343035250104, "metrics": {"loss": 0.6359453797340393, "acc": 0.6633663177490234, "AUC": 0.7056170701980591, "number_of_bets_tested": 101}}, "ans": 1}, "2020020625": {"pred": {"under": 0.7697070920081818, "over": 0.2292264637271212, "metrics": {"loss": 0.6359453797340393, "acc": 0.6633663177490234, "AUC": 0.7056170701980591, "number_of_bets_tested": 101}}, "ans": 0}}