{"2020020703": {"pred": {"under": 0.2905860027870389, "over": 0.7092965126897284, "metrics": {"loss": 0.7599116563796997, "acc": 0.5596330165863037, "AUC": 0.6136689186096191, "number_of_bets_tested": 109}}, "ans": 1}, "2020020840": {"pred": {"under": 0.76264438575595, "over": 0.23440297991612455, "metrics": {"loss": 0.7599116563796997, "acc": 0.5596330165863037, "AUC": 0.6136689186096191, "number_of_bets_tested": 109}}, "ans": 1}}