{"2020030125": {"pred": {"under": 0.6077775302322352, "over": 0.391847977897304, "metrics": {"loss": 0.8177430629730225, "acc": 0.5440000295639038, "AUC": 0.5277760028839111, "number_of_bets_tested": 125}}, "ans": 1}}