{"2020020541": {"pred": {"under": 0.38491796870571005, "over": 0.6153684939637218, "metrics": {"loss": 0.6882163882255554, "acc": 0.5185185074806213, "AUC": 0.5650205612182617, "number_of_bets_tested": 135}}, "ans": 1}}