{"2020020534": {"pred": {"under": 0.39504503576045763, "over": 0.6051335724603376, "metrics": {"loss": 0.80240797996521, "acc": 0.49473685026168823, "AUC": 0.4961773157119751, "number_of_bets_tested": 95}}, "ans": 1}, "2020020577": {"pred": {"under": 0.39167010340931036, "over": 0.6083408123818881, "metrics": {"loss": 0.80240797996521, "acc": 0.49473685026168823, "AUC": 0.4961773157119751, "number_of_bets_tested": 95}}, "ans": 1}}