{"2020030154": {"pred": {"under": 0.8971620173940872, "over": 0.10285751757091902, "metrics": {"loss": 0.6659608483314514, "acc": 0.6483516693115234, "AUC": 0.6925492286682129, "number_of_bets_tested": 91}}, "ans": 1}}