{"2020030142": {"pred": {"under": 0.7170907542065806, "over": 0.2828940266011182, "metrics": {"loss": 0.8153159022331238, "acc": 0.5833333134651184, "AUC": 0.5450347661972046, "number_of_bets_tested": 120}}, "ans": 0}, "2020030143": {"pred": {"under": 0.5851084621313136, "over": 0.4150988459820848, "metrics": {"loss": 0.8153159022331238, "acc": 0.5833333134651184, "AUC": 0.5450347661972046, "number_of_bets_tested": 120}}, "ans": 0}}