{"2020020182": {"pred": {"under": 0.3361067769274838, "over": 0.6640663137063495, "metrics": {"loss": 0.6424383521080017, "acc": 0.6507936716079712, "AUC": 0.6872007846832275, "number_of_bets_tested": 126}}, "ans": 1}, "2020020762": {"pred": {"under": 0.36606858158127265, "over": 0.6328744878263405, "metrics": {"loss": 0.6424383521080017, "acc": 0.6507936716079712, "AUC": 0.6872007846832275, "number_of_bets_tested": 126}}, "ans": 1}}