{"2020020620": {"pred": {"under": 0.5474846180080958, "over": 0.4521925750209802, "metrics": {"loss": 0.6751234531402588, "acc": 0.6236559152603149, "AUC": 0.6392068266868591, "number_of_bets_tested": 93}}, "ans": 0}, "2020020700": {"pred": {"under": 0.539002314089586, "over": 0.46064897593554155, "metrics": {"loss": 0.6751234531402588, "acc": 0.6236559152603149, "AUC": 0.6392068266868591, "number_of_bets_tested": 93}}, "ans": 0}}