{"2020020504": {"pred": {"under": 0.7018242061299833, "over": 0.29750617049013467, "metrics": {"loss": 0.5761582255363464, "acc": 0.746666669845581, "AUC": 0.7853333353996277, "number_of_bets_tested": 75}}, "ans": 0}, "2020020516": {"pred": {"under": 0.656505751008023, "over": 0.3429744444537831, "metrics": {"loss": 0.5761582255363464, "acc": 0.746666669845581, "AUC": 0.7853333353996277, "number_of_bets_tested": 75}}, "ans": 0}}