{"2020030134": {"pred": {"under": 0.5480935965707108, "over": 0.45127930072040195, "metrics": {"loss": 0.6856303215026855, "acc": 0.5769230723381042, "AUC": 0.5953320860862732, "number_of_bets_tested": 78}}, "ans": 1}}