{"2020020240": {"pred": {"under": 0.6462629063739841, "over": 0.3529336822401167, "metrics": {"loss": 0.9503719210624695, "acc": 0.5507246255874634, "AUC": 0.5827556848526001, "number_of_bets_tested": 69}}, "ans": 1}}