{"2020030143": {"pred": {"under": 0.5783371943818214, "over": 0.42172367389816273, "metrics": {"loss": 0.6530871391296387, "acc": 0.6619718074798584, "AUC": 0.6607816219329834, "number_of_bets_tested": 71}}, "ans": 0}}