{"2020020786": {"pred": {"under": 0.315668136031804, "over": 0.683831040506377, "metrics": {"loss": 0.6668518781661987, "acc": 0.6494845151901245, "AUC": 0.6536294221878052, "number_of_bets_tested": 97}}, "ans": 1}}