{"2020020494": {"pred": {"under": 0.5451315448938757, "over": 0.4544284199732542, "metrics": {"loss": 0.7162395715713501, "acc": 0.5483871102333069, "AUC": 0.48543182015419006, "number_of_bets_tested": 93}}, "ans": 0}}