{"2020020182": {"pred": {"under": 0.28122518518985673, "over": 0.7186039735012919, "metrics": {"loss": 0.6110655069351196, "acc": 0.6808510422706604, "AUC": 0.7337030172348022, "number_of_bets_tested": 94}}, "ans": 1}, "2020030154": {"pred": {"under": 0.28349210312946826, "over": 0.7159335820195073, "metrics": {"loss": 0.6110655069351196, "acc": 0.6808510422706604, "AUC": 0.7337030172348022, "number_of_bets_tested": 94}}, "ans": 1}}