{"2020030142": {"pred": {"under": 0.5704611454440769, "over": 0.43008087313916815, "metrics": {"loss": 0.7548421621322632, "acc": 0.5909090638160706, "AUC": 0.641528844833374, "number_of_bets_tested": 66}}, "ans": 0}, "2020030143": {"pred": {"under": 0.600796735836425, "over": 0.39998547502029225, "metrics": {"loss": 0.7548421621322632, "acc": 0.5909090638160706, "AUC": 0.641528844833374, "number_of_bets_tested": 66}}, "ans": 1}}