{"2020020790": {"pred": {"under": 0.6759467274804758, "over": 0.3234553644700012, "metrics": {"loss": 3.127718687057495, "acc": 0.47887325286865234, "AUC": 0.5548502206802368, "number_of_bets_tested": 71}}, "ans": 0}}