{"2020020540": {"pred": {"under": 0.6660224202606894, "over": 0.3340617111068509, "metrics": {"loss": 1.1547805070877075, "acc": 0.6326530575752258, "AUC": 0.710537314414978, "number_of_bets_tested": 49}}, "ans": 0}}