{"2020030125": {"pred": {"under": 0.46002619590369287, "over": 0.539523153113236, "metrics": {"loss": 0.7145898342132568, "acc": 0.4886363744735718, "AUC": 0.565663754940033, "number_of_bets_tested": 88}}, "ans": 1}}