{"2020020787": {"pred": {"under": 0.10735114652652478, "over": 0.8925132224300663, "metrics": {"loss": 0.8175452351570129, "acc": 0.6436781883239746, "AUC": 0.6613819003105164, "number_of_bets_tested": 87}}, "ans": 1}, "2020030145": {"pred": {"under": 0.10858469829032463, "over": 0.8912764504648035, "metrics": {"loss": 0.8175452351570129, "acc": 0.6436781883239746, "AUC": 0.6613819003105164, "number_of_bets_tested": 87}}, "ans": 1}}