{"2020020606": {"pred": {"under": 0.041963340324770525, "over": 0.9580659189866203, "metrics": {"loss": 1.7374403476715088, "acc": 0.7321428656578064, "AUC": 0.7602041363716125, "number_of_bets_tested": 56}}, "ans": 1}}