{"2020020611": {"pred": {"under": 0.8693499380589585, "over": 0.13056127393577033, "metrics": {"loss": 1.072026252746582, "acc": 0.6000000238418579, "AUC": 0.627346932888031, "number_of_bets_tested": 35}}, "ans": 0}}