{"2020020520": {"pred": {"under": 0.7264343675312389, "over": 0.27383829128773896, "metrics": {"loss": 0.5601011514663696, "acc": 0.7547169923782349, "AUC": 0.7794588804244995, "number_of_bets_tested": 53}}, "ans": 0}}