{"2020020608": {"pred": {"under": 0.3804491033939732, "over": 0.6210032217962137, "metrics": {"loss": 0.6076427102088928, "acc": 0.7260273694992065, "AUC": 0.7310940027236938, "number_of_bets_tested": 73}}, "ans": 1}}