{"2020020515": {"pred": {"under": 0.5288324537535322, "over": 0.4705887107384277, "metrics": {"loss": 1.0028083324432373, "acc": 0.5869565010070801, "AUC": 0.5812264084815979, "number_of_bets_tested": 92}}, "ans": 0}}