{"2020020721": {"pred": {"under": 0.6600503691419053, "over": 0.3398465793191041, "metrics": {"loss": 0.849163293838501, "acc": 0.46875, "AUC": 0.5078125, "number_of_bets_tested": 96}}, "ans": 1}, "2020030184": {"pred": {"under": 0.7146889621539501, "over": 0.28539696171475804, "metrics": {"loss": 0.849163293838501, "acc": 0.46875, "AUC": 0.5078125, "number_of_bets_tested": 96}}, "ans": 1}}