{"2020020470": {"pred": {"under": 0.505935751927131, "over": 0.4945949791724682, "metrics": {"loss": 0.7595443725585938, "acc": 0.5384615659713745, "AUC": 0.5269194841384888, "number_of_bets_tested": 117}}, "ans": 1}, "2020020518": {"pred": {"under": 0.35347868698559604, "over": 0.6465917215385637, "metrics": {"loss": 0.7595443725585938, "acc": 0.5384615659713745, "AUC": 0.5269194841384888, "number_of_bets_tested": 117}}, "ans": 1}}