{"2020020840": {"pred": {"under": 0.47320366810250886, "over": 0.5273373348678612, "metrics": {"loss": 0.7190503478050232, "acc": 0.46296295523643494, "AUC": 0.4825102686882019, "number_of_bets_tested": 54}}, "ans": 0}}