{"2020030153": {"pred": {"under": 0.5784604955014513, "over": 0.4217607628211709, "metrics": {"loss": 0.8818469047546387, "acc": 0.5346534848213196, "AUC": 0.5448485612869263, "number_of_bets_tested": 101}}, "ans": 0}, "2020030154": {"pred": {"under": 0.41551997267394764, "over": 0.5839172680790872, "metrics": {"loss": 0.8818469047546387, "acc": 0.5346534848213196, "AUC": 0.5448485612869263, "number_of_bets_tested": 101}}, "ans": 0}}