{"2020020687": {"pred": {"under": 0.47429587334934814, "over": 0.5251114499358921, "metrics": {"loss": 0.9717592597007751, "acc": 0.5428571701049805, "AUC": 0.5914285778999329, "number_of_bets_tested": 35}}, "ans": 0}}