{"2020020718": {"pred": {"under": 0.30215003428404397, "over": 0.6975562683560236, "metrics": {"loss": 0.7321882843971252, "acc": 0.5789473652839661, "AUC": 0.573060929775238, "number_of_bets_tested": 38}}, "ans": 1}, "2020020731": {"pred": {"under": 0.33296642288885153, "over": 0.6666585961226974, "metrics": {"loss": 0.7321882843971252, "acc": 0.5789473652839661, "AUC": 0.573060929775238, "number_of_bets_tested": 38}}, "ans": 0}}