{"2020020548": {"pred": {"under": 0.031858087064212205, "over": 0.9681349238194428, "metrics": {"loss": 0.8298215866088867, "acc": 0.5555555820465088, "AUC": 0.5231481194496155, "number_of_bets_tested": 18}}, "ans": 1}}