{"2020020840": {"pred": {"under": 0.601659393925589, "over": 0.39844149838157183, "metrics": {"loss": 0.6484021544456482, "acc": 0.6712328791618347, "AUC": 0.7537062168121338, "number_of_bets_tested": 73}}, "ans": 0}}