{"2020020526": {"pred": {"under": 0.30522363018131576, "over": 0.6947848412045173, "metrics": {"loss": 0.6405715346336365, "acc": 0.6785714030265808, "AUC": 0.7064200639724731, "number_of_bets_tested": 84}}, "ans": 0}}