{"2020020632": {"pred": {"under": 0.3966192695606776, "over": 0.6017860784145556, "metrics": {"loss": 1.610531210899353, "acc": 0.6333333253860474, "AUC": 0.7066666483879089, "number_of_bets_tested": 30}}, "ans": 1}}