{"2020020837": {"pred": {"under": 0.5986406265594295, "over": 0.40161740203591445, "metrics": {"loss": 0.8334205746650696, "acc": 0.6111111044883728, "AUC": 0.6129437685012817, "number_of_bets_tested": 72}}, "ans": 1}, "2020020853": {"pred": {"under": 0.4320324798106269, "over": 0.5685986513016346, "metrics": {"loss": 0.8334205746650696, "acc": 0.6111111044883728, "AUC": 0.6129437685012817, "number_of_bets_tested": 72}}, "ans": 0}}