{"2020020490": {"pred": {"under": 0.6896000545970552, "over": 0.31062401938943623, "metrics": {"loss": 0.8448610901832581, "acc": 0.7317073345184326, "AUC": 0.6760857105255127, "number_of_bets_tested": 41}}, "ans": 1}}