{"2020020484": {"pred": {"under": 0.6261583525891409, "over": 0.37421618946225504, "metrics": {"loss": 2.524839162826538, "acc": 0.7761194109916687, "AUC": 0.793383777141571, "number_of_bets_tested": 67}}, "ans": 0}, "2020020812": {"pred": {"under": 0.6490425327975227, "over": 0.3512600655615615, "metrics": {"loss": 2.524839162826538, "acc": 0.7761194109916687, "AUC": 0.793383777141571, "number_of_bets_tested": 67}}, "ans": 0}}