{"2020020521": {"pred": {"under": 0.5949701950022185, "over": 0.4049500727788171, "metrics": {"loss": 1.885890007019043, "acc": 0.5820895433425903, "AUC": 0.5983514785766602, "number_of_bets_tested": 67}}, "ans": 0}, "2020020833": {"pred": {"under": 0.6458787173782342, "over": 0.35476102835505446, "metrics": {"loss": 1.885890007019043, "acc": 0.5820895433425903, "AUC": 0.5983514785766602, "number_of_bets_tested": 67}}, "ans": 1}}