{"2020030154": {"pred": {"under": 0.7221256667174895, "over": 0.276916646526079, "metrics": {"loss": 0.7394114136695862, "acc": 0.5714285969734192, "AUC": 0.5952380895614624, "number_of_bets_tested": 21}}, "ans": 0}}