{"2020020811": {"pred": {"under": 0.6329570185164304, "over": 0.3674222631072947, "metrics": {"loss": 1.6783263683319092, "acc": 0.6000000238418579, "AUC": 0.6487499475479126, "number_of_bets_tested": 20}}, "ans": 0}}