{"2020020465": {"pred": {"under": 0.21240153011785123, "over": 0.7887598031163708, "metrics": {"loss": 1.6632341146469116, "acc": 0.380952388048172, "AUC": 0.5181405544281006, "number_of_bets_tested": 21}}, "ans": 0}}