{"2020020504": {"pred": {"under": 0.3786175580342296, "over": 0.6253326619577418, "metrics": {"loss": 0.5371675491333008, "acc": 0.8421052694320679, "AUC": 0.8227146863937378, "number_of_bets_tested": 19}}, "ans": 1}}