{"2020020537": {"pred": {"under": 0.9948108762548231, "over": 0.005189190387296749, "metrics": {"loss": 0.588123083114624, "acc": 0.7142857313156128, "AUC": 0.7647392749786377, "number_of_bets_tested": 42}}, "ans": 0}, "2020020566": {"pred": {"under": 0.9674416721307479, "over": 0.03257147713963697, "metrics": {"loss": 0.588123083114624, "acc": 0.7142857313156128, "AUC": 0.7647392749786377, "number_of_bets_tested": 42}}, "ans": 0}}