{"2020020556": {"pred": {"under": 0.39883256560238717, "over": 0.598476582244898, "metrics": {"loss": 2.8326539993286133, "acc": 0.5789473652839661, "AUC": 0.6094183325767517, "number_of_bets_tested": 19}}, "ans": 1}, "2020020580": {"pred": {"under": 0.30180091486045935, "over": 0.6959397926734486, "metrics": {"loss": 2.8326539993286133, "acc": 0.5789473652839661, "AUC": 0.6094183325767517, "number_of_bets_tested": 19}}, "ans": 1}}